W0708 07:47:07.112000 5190 torch/distributed/run.py:774] 
W0708 07:47:07.112000 5190 torch/distributed/run.py:774] *****************************************
W0708 07:47:07.112000 5190 torch/distributed/run.py:774] Setting OMP_NUM_THREADS environment variable for each process to be 1 in default, to avoid your system being overloaded, please further tune the variable for optimal performance in your application as needed. 
W0708 07:47:07.112000 5190 torch/distributed/run.py:774] *****************************************
/usr/local/lib/python3.12/dist-packages/torch/distributed/distributed_c10d.py:4807: UserWarning: No device id is provided via `init_process_group` or `barrier `. Using the current device set by the user. 
  warnings.warn(  # warn only once
/usr/local/lib/python3.12/dist-packages/torch/distributed/distributed_c10d.py:4807: UserWarning: No device id is provided via `init_process_group` or `barrier `. Using the current device set by the user. 
  warnings.warn(  # warn only once
/usr/local/lib/python3.12/dist-packages/torch/distributed/distributed_c10d.py:4807: UserWarning: No device id is provided via `init_process_group` or `barrier `. Using the current device set by the user. 
  warnings.warn(  # warn only once
[rank2]:[W708 07:47:10.814361531 ProcessGroupNCCL.cpp:5023] [PG ID 0 PG GUID 0 Rank 2]  using GPU 2 as device used by this process is currently unknown. This can potentially cause a hang if this rank to GPU mapping is incorrect. You can specify device_id in init_process_group() to force use of a particular device.
[rank0]:[W708 07:47:10.827324473 ProcessGroupNCCL.cpp:5023] [PG ID 0 PG GUID 0 Rank 0]  using GPU 0 as device used by this process is currently unknown. This can potentially cause a hang if this rank to GPU mapping is incorrect. You can specify device_id in init_process_group() to force use of a particular device.
[rank1]:[W708 07:47:10.827324844 ProcessGroupNCCL.cpp:5023] [PG ID 0 PG GUID 0 Rank 1]  using GPU 1 as device used by this process is currently unknown. This can potentially cause a hang if this rank to GPU mapping is incorrect. You can specify device_id in init_process_group() to force use of a particular device.
Initialized distributed mode...
cfg: 
{'_collate_fn': None,
 '_criterion': None,
 '_ema': None,
 '_evaluator': None,
 '_lr_scheduler': None,
 '_lr_warmup_scheduler': None,
 '_model': None,
 '_optimizer': None,
 '_postprocessor': None,
 '_scaler': None,
 '_train_batch_size': None,
 '_train_dataloader': None,
 '_train_dataset': None,
 '_train_shuffle': None,
 '_val_batch_size': None,
 '_val_dataloader': None,
 '_val_dataset': None,
 '_val_shuffle': None,
 '_writer': None,
 'batch_size': None,
 'checkpoint_freq': 12,
 'clip_max_norm': 0.1,
 'device': '',
 'ema_decay': 0.9999,
 'ema_warmups': 2000,
 'epochs': 120,
 'find_unused_parameters': False,
 'last_epoch': -1,
 'num_workers': 0,
 'output_dir': '/workspace/runs/merged_dfine_l_960',
 'print_freq': 100,
 'resume': None,
 'seed': 0,
 'summary_dir': None,
 'sync_bn': True,
 'task': 'detection',
 'tuning': 'dfine_l_coco.pth',
 'use_amp': True,
 'use_ema': True,
 'yaml_cfg': {'DFINE': {'backbone': 'HGNetv2',
                        'decoder': 'DFINETransformer',
                        'encoder': 'HybridEncoder'},
              'DFINECriterion': {'alpha': 0.75,
                                 'gamma': 2.0,
                                 'losses': ['vfl', 'boxes', 'local'],
                                 'matcher': {'alpha': 0.25,
                                             'gamma': 2.0,
                                             'type': 'HungarianMatcher',
                                             'weight_dict': {'cost_bbox': 5,
                                                             'cost_class': 2,
                                                             'cost_giou': 2}},
                                 'reg_max': 32,
                                 'weight_dict': {'loss_bbox': 5,
                                                 'loss_ddf': 1.5,
                                                 'loss_fgl': 0.15,
                                                 'loss_giou': 2,
                                                 'loss_vfl': 1}},
              'DFINEPostProcessor': {'num_top_queries': 300},
              'DFINETransformer': {'box_noise_scale': 1.0,
                                   'cross_attn_method': 'default',
                                   'eval_idx': -1,
                                   'feat_channels': [256, 256, 256],
                                   'feat_strides': [8, 16, 32],
                                   'hidden_dim': 256,
                                   'label_noise_ratio': 0.5,
                                   'layer_scale': 1,
                                   'num_denoising': 100,
                                   'num_layers': 6,
                                   'num_levels': 3,
                                   'num_points': [3, 6, 3],
                                   'num_queries': 300,
                                   'query_select_method': 'default',
                                   'reg_max': 32,
                                   'reg_scale': 4},
              'HGNetv2': {'freeze_at': 0,
                          'freeze_norm': True,
                          'freeze_stem_only': True,
                          'local_model_dir': 'weight/hgnetv2/',
                          'name': 'B4',
                          'pretrained': False,
                          'return_idx': [1, 2, 3]},
              'HybridEncoder': {'act': 'silu',
                                'depth_mult': 1,
                                'dim_feedforward': 1024,
                                'dropout': 0.0,
                                'enc_act': 'gelu',
                                'expansion': 1.0,
                                'feat_strides': [8, 16, 32],
                                'hidden_dim': 256,
                                'in_channels': [512, 1024, 2048],
                                'nhead': 8,
                                'num_encoder_layers': 1,
                                'use_encoder_idx': [2]},
              '__include__': ['../../dataset/merged_drone_detection.yml',
                              '../../runtime.yml',
                              '../include/dataloader.yml',
                              '../include/optimizer.yml',
                              '../include/dfine_hgnetv2.yml'],
              'checkpoint_freq': 12,
              'clip_max_norm': 0.1,
              'config': 'configs/dfine/custom/dfine_l960_merged.yml',
              'criterion': 'DFINECriterion',
              'ema': {'decay': 0.9999,
                      'start': 0,
                      'type': 'ModelEMA',
                      'warmups': 1000},
              'epochs': 120,
              'eval_spatial_size': [960, 960],
              'evaluator': {'iou_types': ['bbox'], 'type': 'CocoEvaluator'},
              'exp_name': 'baseline',
              'find_unused_parameters': False,
              'lr_scheduler': {'gamma': 0.1,
                               'milestones': [500],
                               'type': 'MultiStepLR'},
              'lr_warmup_scheduler': {'type': 'LinearWarmup',
                                      'warmup_duration': 500},
              'model': 'DFINE',
              'num_classes': 1,
              'optimizer': {'betas': [0.9, 0.999],
                            'lr': 0.0001875,
                            'params': [{'lr': 9.375e-06,
                                        'params': '^(?=.*backbone)(?!.*norm|bn).*$'},
                                       {'params': '^(?=.*(?:encoder|decoder))(?=.*(?:norm|bn)).*$',
                                        'weight_decay': 0.0}],
                            'type': 'AdamW',
                            'weight_decay': 0.000125},
              'output_dir': '/workspace/runs/merged_dfine_l_960',
              'postprocessor': 'DFINEPostProcessor',
              'print_freq': 100,
              'print_method': 'builtin',
              'print_rank': 0,
              'project_name': 'D-FINE',
              'remap_mscoco_category': False,
              'scaler': {'enabled': True, 'type': 'GradScaler'},
              'seed': 0,
              'sync_bn': True,
              'task': 'detection',
              'test_only': False,
              'train_dataloader': {'collate_fn': {'base_size': 960,
                                                  'base_size_repeat': 4,
                                                  'ema_restart_decay': 0.9999,
                                                  'stop_epoch': 108,
                                                  'type': 'BatchImageCollateFunction'},
                                   'dataset': {'ann_file': '/dev/shm/datasets/merged_drone/annotations/train.json',
                                               'img_folder': '/dev/shm/datasets/merged_drone/images/train',
                                               'return_masks': False,
                                               'transforms': {'ops': [{'p': 0.5,
                                                                       'type': 'RandomPhotometricDistort'},
                                                                      {'fill': 0,
                                                                       'type': 'RandomZoomOut'},
                                                                      {'p': 0.8,
                                                                       'type': 'RandomIoUCrop'},
                                                                      {'min_size': 1,
                                                                       'type': 'SanitizeBoundingBoxes'},
                                                                      {'type': 'RandomHorizontalFlip'},
                                                                      {'size': [960,
                                                                                960],
                                                                       'type': 'Resize'},
                                                                      {'min_size': 1,
                                                                       'type': 'SanitizeBoundingBoxes'},
                                                                      {'dtype': 'float32',
                                                                       'scale': True,
                                                                       'type': 'ConvertPILImage'},
                                                                      {'fmt': 'cxcywh',
                                                                       'normalize': True,
                                                                       'type': 'ConvertBoxes'}],
                                                              'policy': {'epoch': 108,
                                                                         'name': 'stop_epoch',
                                                                         'ops': ['RandomPhotometricDistort',
                                                                                 'RandomZoomOut',
                                                                                 'RandomIoUCrop']},
                                                              'type': 'Compose'},
                                               'type': 'CocoDetection'},
                                   'drop_last': True,
                                   'num_workers': 10,
                                   'shuffle': True,
                                   'total_batch_size': 24,
                                   'type': 'DataLoader'},
              'tuning': 'dfine_l_coco.pth',
              'use_amp': True,
              'use_ema': True,
              'use_focal_loss': True,
              'use_wandb': False,
              'val_dataloader': {'collate_fn': {'type': 'BatchImageCollateFunction'},
                                 'dataset': {'ann_file': '/dev/shm/datasets/merged_drone/annotations/val.json',
                                             'img_folder': '/dev/shm/datasets/merged_drone/images/val',
                                             'return_masks': False,
                                             'transforms': {'ops': [{'size': [960,
                                                                              960],
                                                                     'type': 'Resize'},
                                                                    {'dtype': 'float32',
                                                                     'scale': True,
                                                                     'type': 'ConvertPILImage'}],
                                                            'type': 'Compose'},
                                             'type': 'CocoDetection'},
                                 'drop_last': False,
                                 'num_workers': 4,
                                 'shuffle': False,
                                 'total_batch_size': 24,
                                 'type': 'DataLoader'}}}
Tuning checkpoint from dfine_l_coco.pth
Load model.state_dict, {'missed': ['decoder.denoising_class_embed.weight'], 'unmatched': ['decoder.anchors', 'decoder.valid_mask', 'decoder.enc_score_head.weight', 'decoder.enc_score_head.bias', 'decoder.dec_score_head.0.weight', 'decoder.dec_score_head.0.bias', 'decoder.dec_score_head.1.weight', 'decoder.dec_score_head.1.bias', 'decoder.dec_score_head.2.weight', 'decoder.dec_score_head.2.bias', 'decoder.dec_score_head.3.weight', 'decoder.dec_score_head.3.bias', 'decoder.dec_score_head.4.weight', 'decoder.dec_score_head.4.bias', 'decoder.dec_score_head.5.weight', 'decoder.dec_score_head.5.bias']}
/root/D-FINE/src/core/workspace.py:178: FutureWarning: `torch.cuda.amp.GradScaler(args...)` is deprecated. Please use `torch.amp.GradScaler('cuda', args...)` instead.
  return module(**module_kwargs)
/root/D-FINE/src/core/workspace.py:178: FutureWarning: `torch.cuda.amp.GradScaler(args...)` is deprecated. Please use `torch.amp.GradScaler('cuda', args...)` instead.
  return module(**module_kwargs)
/root/D-FINE/src/core/workspace.py:178: FutureWarning: `torch.cuda.amp.GradScaler(args...)` is deprecated. Please use `torch.amp.GradScaler('cuda', args...)` instead.
  return module(**module_kwargs)
Initial lr: [9.375e-06, 0.0001875, 0.0001875]
building train_dataloader with batch_size=8...
building val_dataloader with batch_size=8...

------------------------------------- Calculate Flops Results -------------------------------------
Notations:
number of parameters (Params), number of multiply-accumulate operations(MACs),
number of floating-point operations (FLOPs), floating-point operations per second (FLOPS),
fwd FLOPs (model forward propagation FLOPs), bwd FLOPs (model backward propagation FLOPs),
default model backpropagation takes 2.00 times as much computation as forward propagation.

Total Training Params:                                                  30.64 M 
fwd MACs:                                                               98.5635 GMACs
fwd FLOPs:                                                              197.409 GFLOPS
fwd+bwd MACs:                                                           295.691 GMACs
fwd+bwd FLOPs:                                                          592.228 GFLOPS
---------------------------------------------------------------------------------------------------
{'Model FLOPs:197.409 GFLOPS   MACs:98.5635 GMACs   Params:30663365'}
------------------------------------------Start training-------------------------------------------
Epoch: [0/120]  [   0/2360]  eta: 6:50:42  lr: 0.000000  loss: 62.1498 (62.1498)  loss_bbox: 0.1807 (0.1807)  loss_bbox_aux_0: 0.2199 (0.2199)  loss_bbox_aux_1: 0.1872 (0.1872)  loss_bbox_aux_2: 0.1809 (0.1809)  loss_bbox_aux_3: 0.1810 (0.1810)  loss_bbox_aux_4: 0.1807 (0.1807)  loss_bbox_dn_0: 0.5619 (0.5619)  loss_bbox_dn_1: 0.4044 (0.4044)  loss_bbox_dn_2: 0.3582 (0.3582)  loss_bbox_dn_3: 0.3557 (0.3557)  loss_bbox_dn_4: 0.3519 (0.3519)  loss_bbox_dn_5: 0.3519 (0.3519)  loss_bbox_dn_pre: 0.5646 (0.5646)  loss_bbox_enc_0: 0.4039 (0.4039)  loss_bbox_pre: 0.2131 (0.2131)  loss_ddf_aux_0: 0.0981 (0.0981)  loss_ddf_aux_1: 0.0180 (0.0180)  loss_ddf_aux_2: 0.0009 (0.0009)  loss_ddf_aux_3: -0.0000 (-0.0000)  loss_ddf_aux_4: -0.0000 (-0.0000)  loss_ddf_dn_0: 0.1966 (0.1966)  loss_ddf_dn_1: 0.0446 (0.0446)  loss_ddf_dn_2: 0.0080 (0.0080)  loss_ddf_dn_3: 0.0009 (0.0009)  loss_ddf_dn_4: 0.0000 (0.0000)  loss_ddf_dn_5: 0.0000 (0.0000)  loss_fgl: 1.1284 (1.1284)  loss_fgl_aux_0: 1.2056 (1.2056)  loss_fgl_aux_1: 1.1265 (1.1265)  loss_fgl_aux_2: 1.1253 (1.1253)  loss_fgl_aux_3: 1.1283 (1.1283)  loss_fgl_aux_4: 1.1285 (1.1285)  loss_fgl_dn_0: 1.0838 (1.0838)  loss_fgl_dn_1: 1.0359 (1.0359)  loss_fgl_dn_2: 1.0123 (1.0123)  loss_fgl_dn_3: 1.0110 (1.0110)  loss_fgl_dn_4: 1.0147 (1.0147)  loss_fgl_dn_5: 1.0146 (1.0146)  loss_giou: 0.5509 (0.5509)  loss_giou_aux_0: 0.6376 (0.6376)  loss_giou_aux_1: 0.5726 (0.5726)  loss_giou_aux_2: 0.5556 (0.5556)  loss_giou_aux_3: 0.5520 (0.5520)  loss_giou_aux_4: 0.5510 (0.5510)  loss_giou_dn_0: 1.1000 (1.1000)  loss_giou_dn_1: 0.7492 (0.7492)  loss_giou_dn_2: 0.6955 (0.6955)  loss_giou_dn_3: 0.6906 (0.6906)  loss_giou_dn_4: 0.6808 (0.6808)  loss_giou_dn_5: 0.6810 (0.6810)  loss_giou_dn_pre: 1.0951 (1.0951)  loss_giou_enc_0: 0.9507 (0.9507)  loss_giou_pre: 0.6461 (0.6461)  loss_vfl: 2.5703 (2.5703)  loss_vfl_aux_0: 2.7995 (2.7995)  loss_vfl_aux_1: 2.3600 (2.3600)  loss_vfl_aux_2: 2.2448 (2.2448)  loss_vfl_aux_3: 2.6029 (2.6029)  loss_vfl_aux_4: 2.7194 (2.7194)  loss_vfl_dn_0: 1.3607 (1.3607)  loss_vfl_dn_1: 1.7633 (1.7633)  loss_vfl_dn_2: 2.0905 (2.0905)  loss_vfl_dn_3: 2.2884 (2.2884)  loss_vfl_dn_4: 2.2884 (2.2884)  loss_vfl_dn_5: 2.1296 (2.1296)  loss_vfl_dn_pre: 1.3708 (1.3708)  loss_vfl_enc_0: 1.9880 (1.9880)  loss_vfl_pre: 2.7865 (2.7865)  time: 10.4418  data: 3.8791  max mem: 12092
Epoch: [0/120]  [ 100/2360]  eta: 0:51:08  lr: 0.000002  loss: 52.7870 (60.3073)  loss_bbox: 0.0908 (0.1419)  loss_bbox_aux_0: 0.1152 (0.1734)  loss_bbox_aux_1: 0.0920 (0.1462)  loss_bbox_aux_2: 0.0921 (0.1425)  loss_bbox_aux_3: 0.0910 (0.1419)  loss_bbox_aux_4: 0.0908 (0.1419)  loss_bbox_dn_0: 0.3114 (0.4068)  loss_bbox_dn_1: 0.1367 (0.2400)  loss_bbox_dn_2: 0.1037 (0.2084)  loss_bbox_dn_3: 0.1077 (0.2021)  loss_bbox_dn_4: 0.1039 (0.1981)  loss_bbox_dn_5: 0.1039 (0.1981)  loss_bbox_dn_pre: 0.3101 (0.4114)  loss_bbox_enc_0: 0.2074 (0.2798)  loss_bbox_pre: 0.1175 (0.1766)  loss_ddf_aux_0: 0.1192 (0.0863)  loss_ddf_aux_1: 0.0359 (0.0185)  loss_ddf_aux_2: 0.0166 (0.0041)  loss_ddf_aux_3: 0.0037 (0.0010)  loss_ddf_aux_4: 0.0000 (0.0000)  loss_ddf_dn_0: 0.6130 (0.4152)  loss_ddf_dn_1: 0.1042 (0.0786)  loss_ddf_dn_2: 0.0276 (0.0145)  loss_ddf_dn_3: 0.0036 (0.0019)  loss_ddf_dn_4: 0.0000 (0.0000)  loss_ddf_dn_5: 0.0000 (0.0000)  loss_fgl: 1.1656 (1.1444)  loss_fgl_aux_0: 1.1749 (1.1666)  loss_fgl_aux_1: 1.1619 (1.1483)  loss_fgl_aux_2: 1.1554 (1.1427)  loss_fgl_aux_3: 1.1649 (1.1444)  loss_fgl_aux_4: 1.1656 (1.1444)  loss_fgl_dn_0: 1.2460 (1.1714)  loss_fgl_dn_1: 1.0982 (1.0790)  loss_fgl_dn_2: 1.0756 (1.0534)  loss_fgl_dn_3: 1.0749 (1.0546)  loss_fgl_dn_4: 1.0737 (1.0561)  loss_fgl_dn_5: 1.0738 (1.0561)  loss_giou: 0.3361 (0.4390)  loss_giou_aux_0: 0.4173 (0.5225)  loss_giou_aux_1: 0.3410 (0.4503)  loss_giou_aux_2: 0.3354 (0.4402)  loss_giou_aux_3: 0.3348 (0.4392)  loss_giou_aux_4: 0.3361 (0.4390)  loss_giou_dn_0: 0.6333 (0.8676)  loss_giou_dn_1: 0.3622 (0.5194)  loss_giou_dn_2: 0.3346 (0.4683)  loss_giou_dn_3: 0.3340 (0.4598)  loss_giou_dn_4: 0.3314 (0.4544)  loss_giou_dn_5: 0.3314 (0.4544)  loss_giou_dn_pre: 0.6380 (0.8712)  loss_giou_enc_0: 0.7739 (0.8714)  loss_giou_pre: 0.4080 (0.5231)  loss_vfl: 2.0716 (2.5005)  loss_vfl_aux_0: 2.9622 (3.0235)  loss_vfl_aux_1: 1.6693 (2.1834)  loss_vfl_aux_2: 1.6992 (2.2308)  loss_vfl_aux_3: 1.8737 (2.5207)  loss_vfl_aux_4: 1.9665 (2.6357)  loss_vfl_dn_0: 1.9792 (1.7338)  loss_vfl_dn_1: 1.4616 (1.8492)  loss_vfl_dn_2: 1.5189 (2.1071)  loss_vfl_dn_3: 1.7604 (2.3857)  loss_vfl_dn_4: 1.7946 (2.3956)  loss_vfl_dn_5: 1.9411 (2.3101)  loss_vfl_dn_pre: 1.9912 (1.7308)  loss_vfl_enc_0: 2.4401 (2.2532)  loss_vfl_pre: 2.9857 (3.0361)  time: 0.8553  data: 0.0086  max mem: 17742
Epoch: [0/120]  [ 200/2360]  eta: 0:35:28  lr: 0.000004  loss: 29.9259 (48.6629)  loss_bbox: 0.0956 (0.1212)  loss_bbox_aux_0: 0.1048 (0.1441)  loss_bbox_aux_1: 0.1020 (0.1241)  loss_bbox_aux_2: 0.0957 (0.1211)  loss_bbox_aux_3: 0.0959 (0.1211)  loss_bbox_aux_4: 0.0956 (0.1212)  loss_bbox_dn_0: 0.1240 (0.2938)  loss_bbox_dn_1: 0.0746 (0.1737)  loss_bbox_dn_2: 0.0729 (0.1531)  loss_bbox_dn_3: 0.0735 (0.1501)  loss_bbox_dn_4: 0.0735 (0.1479)  loss_bbox_dn_5: 0.0735 (0.1479)  loss_bbox_dn_pre: 0.1224 (0.2979)  loss_bbox_enc_0: 0.1635 (0.2361)  loss_bbox_pre: 0.1068 (0.1454)  loss_ddf_aux_0: 0.0942 (0.1164)  loss_ddf_aux_1: 0.0163 (0.0261)  loss_ddf_aux_2: 0.0025 (0.0068)  loss_ddf_aux_3: 0.0003 (0.0021)  loss_ddf_aux_4: 0.0000 (0.0000)  loss_ddf_dn_0: 0.4087 (0.4914)  loss_ddf_dn_1: 0.0851 (0.0945)  loss_ddf_dn_2: 0.0129 (0.0183)  loss_ddf_dn_3: 0.0009 (0.0027)  loss_ddf_dn_4: 0.0000 (0.0000)  loss_ddf_dn_5: 0.0000 (0.0000)  loss_fgl: 1.1116 (1.1303)  loss_fgl_aux_0: 1.1560 (1.1614)  loss_fgl_aux_1: 1.1275 (1.1357)  loss_fgl_aux_2: 1.1097 (1.1293)  loss_fgl_aux_3: 1.1125 (1.1304)  loss_fgl_aux_4: 1.1115 (1.1303)  loss_fgl_dn_0: 1.2265 (1.2051)  loss_fgl_dn_1: 1.0925 (1.0900)  loss_fgl_dn_2: 1.0818 (1.0675)  loss_fgl_dn_3: 1.0825 (1.0681)  loss_fgl_dn_4: 1.0826 (1.0689)  loss_fgl_dn_5: 1.0826 (1.0689)  loss_giou: 0.3868 (0.4111)  loss_giou_aux_0: 0.3877 (0.4660)  loss_giou_aux_1: 0.3795 (0.4177)  loss_giou_aux_2: 0.3804 (0.4104)  loss_giou_aux_3: 0.3850 (0.4108)  loss_giou_aux_4: 0.3868 (0.4111)  loss_giou_dn_0: 0.4196 (0.6721)  loss_giou_dn_1: 0.3091 (0.4225)  loss_giou_dn_2: 0.2987 (0.3905)  loss_giou_dn_3: 0.3008 (0.3861)  loss_giou_dn_4: 0.3015 (0.3835)  loss_giou_dn_5: 0.3015 (0.3835)  loss_giou_dn_pre: 0.4226 (0.6739)  loss_giou_enc_0: 0.5549 (0.7447)  loss_giou_pre: 0.3885 (0.4660)  loss_vfl: 0.5203 (1.6661)  loss_vfl_aux_0: 0.7313 (2.3098)  loss_vfl_aux_1: 0.5658 (1.5418)  loss_vfl_aux_2: 0.5257 (1.6451)  loss_vfl_aux_3: 0.4930 (1.6994)  loss_vfl_aux_4: 0.4986 (1.7410)  loss_vfl_dn_0: 0.5783 (1.4793)  loss_vfl_dn_1: 0.3901 (1.2082)  loss_vfl_dn_2: 0.3595 (1.3435)  loss_vfl_dn_3: 0.3674 (1.5058)  loss_vfl_dn_4: 0.3705 (1.5013)  loss_vfl_dn_5: 0.4006 (1.4797)  loss_vfl_dn_pre: 0.5830 (1.4817)  loss_vfl_enc_0: 1.2633 (2.0427)  loss_vfl_pre: 0.7271 (2.3248)  time: 0.6142  data: 0.0090  max mem: 17742
Epoch: [0/120]  [ 300/2360]  eta: 0:29:22  lr: 0.000006  loss: 27.1163 (41.7165)  loss_bbox: 0.1042 (0.1138)  loss_bbox_aux_0: 0.1227 (0.1339)  loss_bbox_aux_1: 0.1047 (0.1164)  loss_bbox_aux_2: 0.1065 (0.1138)  loss_bbox_aux_3: 0.1039 (0.1137)  loss_bbox_aux_4: 0.1043 (0.1138)  loss_bbox_dn_0: 0.1379 (0.2384)  loss_bbox_dn_1: 0.1009 (0.1440)  loss_bbox_dn_2: 0.0951 (0.1289)  loss_bbox_dn_3: 0.0948 (0.1267)  loss_bbox_dn_4: 0.0948 (0.1253)  loss_bbox_dn_5: 0.0948 (0.1253)  loss_bbox_dn_pre: 0.1377 (0.2421)  loss_bbox_enc_0: 0.2038 (0.2211)  loss_bbox_pre: 0.1219 (0.1348)  loss_ddf_aux_0: 0.0517 (0.0981)  loss_ddf_aux_1: 0.0083 (0.0207)  loss_ddf_aux_2: 0.0009 (0.0050)  loss_ddf_aux_3: 0.0001 (0.0014)  loss_ddf_aux_4: 0.0000 (0.0000)  loss_ddf_dn_0: 0.3573 (0.4448)  loss_ddf_dn_1: 0.0664 (0.0839)  loss_ddf_dn_2: 0.0067 (0.0148)  loss_ddf_dn_3: 0.0002 (0.0019)  loss_ddf_dn_4: 0.0000 (0.0000)  loss_ddf_dn_5: 0.0000 (0.0000)  loss_fgl: 1.0794 (1.1185)  loss_fgl_aux_0: 1.1086 (1.1529)  loss_fgl_aux_1: 1.0840 (1.1233)  loss_fgl_aux_2: 1.0794 (1.1178)  loss_fgl_aux_3: 1.0793 (1.1185)  loss_fgl_aux_4: 1.0793 (1.1185)  loss_fgl_dn_0: 1.1821 (1.2021)  loss_fgl_dn_1: 1.0576 (1.0815)  loss_fgl_dn_2: 1.0423 (1.0630)  loss_fgl_dn_3: 1.0444 (1.0634)  loss_fgl_dn_4: 1.0441 (1.0640)  loss_fgl_dn_5: 1.0441 (1.0640)  loss_giou: 0.3739 (0.4023)  loss_giou_aux_0: 0.3804 (0.4458)  loss_giou_aux_1: 0.3779 (0.4075)  loss_giou_aux_2: 0.3725 (0.4020)  loss_giou_aux_3: 0.3734 (0.4021)  loss_giou_aux_4: 0.3739 (0.4023)  loss_giou_dn_0: 0.3736 (0.5794)  loss_giou_dn_1: 0.2779 (0.3772)  loss_giou_dn_2: 0.2734 (0.3536)  loss_giou_dn_3: 0.2721 (0.3505)  loss_giou_dn_4: 0.2717 (0.3488)  loss_giou_dn_5: 0.2717 (0.3488)  loss_giou_dn_pre: 0.3748 (0.5805)  loss_giou_enc_0: 0.5735 (0.6915)  loss_giou_pre: 0.3815 (0.4460)  loss_vfl: 0.4151 (1.2639)  loss_vfl_aux_0: 0.5518 (1.7414)  loss_vfl_aux_1: 0.4780 (1.1981)  loss_vfl_aux_2: 0.4517 (1.2553)  loss_vfl_aux_3: 0.4252 (1.2820)  loss_vfl_aux_4: 0.4071 (1.3101)  loss_vfl_dn_0: 0.4566 (1.1499)  loss_vfl_dn_1: 0.3416 (0.9274)  loss_vfl_dn_2: 0.3293 (1.0105)  loss_vfl_dn_3: 0.3259 (1.1181)  loss_vfl_dn_4: 0.3270 (1.1158)  loss_vfl_dn_5: 0.3386 (1.1079)  loss_vfl_dn_pre: 0.4605 (1.1530)  loss_vfl_enc_0: 0.7360 (1.6433)  loss_vfl_pre: 0.5492 (1.7511)  time: 0.5983  data: 0.0084  max mem: 17742
Epoch: [0/120]  [ 400/2360]  eta: 0:25:44  lr: 0.000008  loss: 25.9083 (37.8898)  loss_bbox: 0.0783 (0.1092)  loss_bbox_aux_0: 0.0879 (0.1276)  loss_bbox_aux_1: 0.0792 (0.1116)  loss_bbox_aux_2: 0.0783 (0.1093)  loss_bbox_aux_3: 0.0783 (0.1092)  loss_bbox_aux_4: 0.0783 (0.1092)  loss_bbox_dn_0: 0.1007 (0.2077)  loss_bbox_dn_1: 0.0642 (0.1276)  loss_bbox_dn_2: 0.0615 (0.1154)  loss_bbox_dn_3: 0.0612 (0.1137)  loss_bbox_dn_4: 0.0612 (0.1126)  loss_bbox_dn_5: 0.0612 (0.1126)  loss_bbox_dn_pre: 0.1027 (0.2114)  loss_bbox_enc_0: 0.1474 (0.2129)  loss_bbox_pre: 0.0874 (0.1284)  loss_ddf_aux_0: 0.0323 (0.0847)  loss_ddf_aux_1: 0.0046 (0.0172)  loss_ddf_aux_2: 0.0006 (0.0040)  loss_ddf_aux_3: 0.0000 (0.0011)  loss_ddf_aux_4: 0.0000 (0.0000)  loss_ddf_dn_0: 0.3042 (0.4221)  loss_ddf_dn_1: 0.0542 (0.0801)  loss_ddf_dn_2: 0.0063 (0.0129)  loss_ddf_dn_3: 0.0001 (0.0015)  loss_ddf_dn_4: 0.0000 (0.0000)  loss_ddf_dn_5: 0.0000 (0.0000)  loss_fgl: 1.0960 (1.1062)  loss_fgl_aux_0: 1.1450 (1.1433)  loss_fgl_aux_1: 1.1022 (1.1109)  loss_fgl_aux_2: 1.0960 (1.1056)  loss_fgl_aux_3: 1.0960 (1.1062)  loss_fgl_aux_4: 1.0959 (1.1062)  loss_fgl_dn_0: 1.1854 (1.1958)  loss_fgl_dn_1: 1.0628 (1.0724)  loss_fgl_dn_2: 1.0507 (1.0559)  loss_fgl_dn_3: 1.0522 (1.0563)  loss_fgl_dn_4: 1.0521 (1.0567)  loss_fgl_dn_5: 1.0522 (1.0567)  loss_giou: 0.3432 (0.3946)  loss_giou_aux_0: 0.3630 (0.4325)  loss_giou_aux_1: 0.3450 (0.3992)  loss_giou_aux_2: 0.3417 (0.3944)  loss_giou_aux_3: 0.3434 (0.3945)  loss_giou_aux_4: 0.3432 (0.3946)  loss_giou_dn_0: 0.3602 (0.5260)  loss_giou_dn_1: 0.2636 (0.3503)  loss_giou_dn_2: 0.2542 (0.3309)  loss_giou_dn_3: 0.2532 (0.3285)  loss_giou_dn_4: 0.2532 (0.3273)  loss_giou_dn_5: 0.2531 (0.3273)  loss_giou_dn_pre: 0.3627 (0.5268)  loss_giou_enc_0: 0.5212 (0.6630)  loss_giou_pre: 0.3654 (0.4327)  loss_vfl: 0.3779 (1.0510)  loss_vfl_aux_0: 0.4910 (1.4344)  loss_vfl_aux_1: 0.4319 (1.0137)  loss_vfl_aux_2: 0.3897 (1.0488)  loss_vfl_aux_3: 0.3800 (1.0634)  loss_vfl_aux_4: 0.3814 (1.0853)  loss_vfl_dn_0: 0.4336 (0.9733)  loss_vfl_dn_1: 0.3334 (0.7799)  loss_vfl_dn_2: 0.3229 (0.8395)  loss_vfl_dn_3: 0.3221 (0.9194)  loss_vfl_dn_4: 0.3216 (0.9178)  loss_vfl_dn_5: 0.3236 (0.9132)  loss_vfl_dn_pre: 0.4401 (0.9769)  loss_vfl_enc_0: 0.6177 (1.3948)  loss_vfl_pre: 0.4932 (1.4416)  time: 0.5714  data: 0.0089  max mem: 17742
Epoch: [0/120]  [ 500/2360]  eta: 0:23:12  lr: 0.000009  loss: 25.8525 (35.4802)  loss_bbox: 0.0961 (0.1055)  loss_bbox_aux_0: 0.1046 (0.1221)  loss_bbox_aux_1: 0.0986 (0.1077)  loss_bbox_aux_2: 0.0974 (0.1055)  loss_bbox_aux_3: 0.0960 (0.1054)  loss_bbox_aux_4: 0.0961 (0.1055)  loss_bbox_dn_0: 0.1026 (0.1877)  loss_bbox_dn_1: 0.0734 (0.1170)  loss_bbox_dn_2: 0.0717 (0.1066)  loss_bbox_dn_3: 0.0710 (0.1052)  loss_bbox_dn_4: 0.0708 (0.1043)  loss_bbox_dn_5: 0.0708 (0.1043)  loss_bbox_dn_pre: 0.1049 (0.1913)  loss_bbox_enc_0: 0.1465 (0.2028)  loss_bbox_pre: 0.1108 (0.1228)  loss_ddf_aux_0: 0.0276 (0.0748)  loss_ddf_aux_1: 0.0042 (0.0148)  loss_ddf_aux_2: 0.0006 (0.0033)  loss_ddf_aux_3: 0.0000 (0.0009)  loss_ddf_aux_4: 0.0000 (0.0000)  loss_ddf_dn_0: 0.2486 (0.3923)  loss_ddf_dn_1: 0.0369 (0.0733)  loss_ddf_dn_2: 0.0051 (0.0113)  loss_ddf_dn_3: 0.0001 (0.0012)  loss_ddf_dn_4: 0.0000 (0.0000)  loss_ddf_dn_5: 0.0000 (0.0000)  loss_fgl: 1.0291 (1.0996)  loss_fgl_aux_0: 1.0876 (1.1368)  loss_fgl_aux_1: 1.0605 (1.1040)  loss_fgl_aux_2: 1.0293 (1.0991)  loss_fgl_aux_3: 1.0290 (1.0996)  loss_fgl_aux_4: 1.0292 (1.0996)  loss_fgl_dn_0: 1.1550 (1.1906)  loss_fgl_dn_1: 1.0358 (1.0659)  loss_fgl_dn_2: 1.0240 (1.0509)  loss_fgl_dn_3: 1.0268 (1.0513)  loss_fgl_dn_4: 1.0281 (1.0516)  loss_fgl_dn_5: 1.0281 (1.0516)  loss_giou: 0.3591 (0.3893)  loss_giou_aux_0: 0.3787 (0.4231)  loss_giou_aux_1: 0.3699 (0.3936)  loss_giou_aux_2: 0.3609 (0.3891)  loss_giou_aux_3: 0.3591 (0.3891)  loss_giou_aux_4: 0.3591 (0.3893)  loss_giou_dn_0: 0.3603 (0.4935)  loss_giou_dn_1: 0.2786 (0.3341)  loss_giou_dn_2: 0.2696 (0.3173)  loss_giou_dn_3: 0.2687 (0.3154)  loss_giou_dn_4: 0.2686 (0.3144)  loss_giou_dn_5: 0.2686 (0.3144)  loss_giou_dn_pre: 0.3578 (0.4939)  loss_giou_enc_0: 0.5016 (0.6379)  loss_giou_pre: 0.3744 (0.4230)  loss_vfl: 0.3935 (0.9196)  loss_vfl_aux_0: 0.4889 (1.2449)  loss_vfl_aux_1: 0.4297 (0.8979)  loss_vfl_aux_2: 0.4075 (0.9221)  loss_vfl_aux_3: 0.3879 (0.9301)  loss_vfl_aux_4: 0.3946 (0.9472)  loss_vfl_dn_0: 0.4173 (0.8637)  loss_vfl_dn_1: 0.3221 (0.6900)  loss_vfl_dn_2: 0.3134 (0.7362)  loss_vfl_dn_3: 0.3114 (0.7995)  loss_vfl_dn_4: 0.3123 (0.7984)  loss_vfl_dn_5: 0.3174 (0.7952)  loss_vfl_dn_pre: 0.4285 (0.8681)  loss_vfl_enc_0: 0.5334 (1.2335)  loss_vfl_pre: 0.4880 (1.2503)  time: 0.5981  data: 0.0088  max mem: 17742
Epoch: [0/120]  [ 600/2360]  eta: 0:21:13  lr: 0.000009  loss: 24.5945 (33.7549)  loss_bbox: 0.0754 (0.1013)  loss_bbox_aux_0: 0.0811 (0.1168)  loss_bbox_aux_1: 0.0757 (0.1035)  loss_bbox_aux_2: 0.0752 (0.1014)  loss_bbox_aux_3: 0.0755 (0.1012)  loss_bbox_aux_4: 0.0754 (0.1013)  loss_bbox_dn_0: 0.1001 (0.1735)  loss_bbox_dn_1: 0.0649 (0.1091)  loss_bbox_dn_2: 0.0601 (0.0998)  loss_bbox_dn_3: 0.0601 (0.0986)  loss_bbox_dn_4: 0.0599 (0.0979)  loss_bbox_dn_5: 0.0599 (0.0979)  loss_bbox_dn_pre: 0.1021 (0.1770)  loss_bbox_enc_0: 0.1389 (0.1946)  loss_bbox_pre: 0.0823 (0.1173)  loss_ddf_aux_0: 0.0288 (0.0678)  loss_ddf_aux_1: 0.0040 (0.0131)  loss_ddf_aux_2: 0.0003 (0.0029)  loss_ddf_aux_3: 0.0000 (0.0007)  loss_ddf_aux_4: 0.0000 (0.0000)  loss_ddf_dn_0: 0.2578 (0.3693)  loss_ddf_dn_1: 0.0362 (0.0677)  loss_ddf_dn_2: 0.0037 (0.0102)  loss_ddf_dn_3: 0.0001 (0.0010)  loss_ddf_dn_4: 0.0000 (0.0000)  loss_ddf_dn_5: 0.0000 (0.0000)  loss_fgl: 1.0637 (1.0944)  loss_fgl_aux_0: 1.0934 (1.1309)  loss_fgl_aux_1: 1.0626 (1.0987)  loss_fgl_aux_2: 1.0635 (1.0940)  loss_fgl_aux_3: 1.0636 (1.0944)  loss_fgl_aux_4: 1.0637 (1.0944)  loss_fgl_dn_0: 1.1588 (1.1853)  loss_fgl_dn_1: 1.0240 (1.0601)  loss_fgl_dn_2: 1.0147 (1.0462)  loss_fgl_dn_3: 1.0146 (1.0466)  loss_fgl_dn_4: 1.0145 (1.0469)  loss_fgl_dn_5: 1.0145 (1.0469)  loss_giou: 0.3185 (0.3820)  loss_giou_aux_0: 0.3377 (0.4125)  loss_giou_aux_1: 0.3223 (0.3859)  loss_giou_aux_2: 0.3186 (0.3819)  loss_giou_aux_3: 0.3186 (0.3819)  loss_giou_aux_4: 0.3185 (0.3820)  loss_giou_dn_0: 0.3403 (0.4689)  loss_giou_dn_1: 0.2510 (0.3213)  loss_giou_dn_2: 0.2430 (0.3065)  loss_giou_dn_3: 0.2428 (0.3048)  loss_giou_dn_4: 0.2427 (0.3039)  loss_giou_dn_5: 0.2428 (0.3039)  loss_giou_dn_pre: 0.3391 (0.4692)  loss_giou_enc_0: 0.4956 (0.6169)  loss_giou_pre: 0.3390 (0.4125)  loss_vfl: 0.3435 (0.8297)  loss_vfl_aux_0: 0.4351 (1.1155)  loss_vfl_aux_1: 0.3952 (0.8179)  loss_vfl_aux_2: 0.3632 (0.8345)  loss_vfl_aux_3: 0.3470 (0.8397)  loss_vfl_aux_4: 0.3444 (0.8530)  loss_vfl_dn_0: 0.4154 (0.7891)  loss_vfl_dn_1: 0.3200 (0.6290)  loss_vfl_dn_2: 0.3115 (0.6662)  loss_vfl_dn_3: 0.3093 (0.7186)  loss_vfl_dn_4: 0.3090 (0.7177)  loss_vfl_dn_5: 0.3097 (0.7153)  loss_vfl_dn_pre: 0.4174 (0.7936)  loss_vfl_enc_0: 0.5247 (1.1184)  loss_vfl_pre: 0.4360 (1.1198)  time: 0.5846  data: 0.0090  max mem: 17742
Epoch: [0/120]  [ 700/2360]  eta: 0:19:30  lr: 0.000009  loss: 24.6709 (32.4937)  loss_bbox: 0.0544 (0.0980)  loss_bbox_aux_0: 0.0630 (0.1129)  loss_bbox_aux_1: 0.0545 (0.1002)  loss_bbox_aux_2: 0.0543 (0.0980)  loss_bbox_aux_3: 0.0543 (0.0979)  loss_bbox_aux_4: 0.0544 (0.0980)  loss_bbox_dn_0: 0.0935 (0.1633)  loss_bbox_dn_1: 0.0574 (0.1032)  loss_bbox_dn_2: 0.0505 (0.0947)  loss_bbox_dn_3: 0.0499 (0.0937)  loss_bbox_dn_4: 0.0499 (0.0931)  loss_bbox_dn_5: 0.0499 (0.0931)  loss_bbox_dn_pre: 0.0959 (0.1667)  loss_bbox_enc_0: 0.1349 (0.1880)  loss_bbox_pre: 0.0633 (0.1132)  loss_ddf_aux_0: 0.0350 (0.0636)  loss_ddf_aux_1: 0.0049 (0.0120)  loss_ddf_aux_2: 0.0003 (0.0025)  loss_ddf_aux_3: 0.0000 (0.0006)  loss_ddf_aux_4: -0.0000 (0.0000)  loss_ddf_dn_0: 0.2366 (0.3527)  loss_ddf_dn_1: 0.0303 (0.0631)  loss_ddf_dn_2: 0.0025 (0.0092)  loss_ddf_dn_3: 0.0001 (0.0009)  loss_ddf_dn_4: 0.0000 (0.0000)  loss_ddf_dn_5: 0.0000 (0.0000)  loss_fgl: 1.0566 (1.0894)  loss_fgl_aux_0: 1.0957 (1.1263)  loss_fgl_aux_1: 1.0589 (1.0937)  loss_fgl_aux_2: 1.0556 (1.0891)  loss_fgl_aux_3: 1.0569 (1.0894)  loss_fgl_aux_4: 1.0568 (1.0894)  loss_fgl_dn_0: 1.1734 (1.1823)  loss_fgl_dn_1: 1.0129 (1.0555)  loss_fgl_dn_2: 0.9987 (1.0422)  loss_fgl_dn_3: 0.9981 (1.0426)  loss_fgl_dn_4: 0.9981 (1.0428)  loss_fgl_dn_5: 0.9981 (1.0429)  loss_giou: 0.2984 (0.3753)  loss_giou_aux_0: 0.3094 (0.4039)  loss_giou_aux_1: 0.2913 (0.3790)  loss_giou_aux_2: 0.2980 (0.3751)  loss_giou_aux_3: 0.2983 (0.3752)  loss_giou_aux_4: 0.2983 (0.3753)  loss_giou_dn_0: 0.3354 (0.4518)  loss_giou_dn_1: 0.2463 (0.3122)  loss_giou_dn_2: 0.2403 (0.2986)  loss_giou_dn_3: 0.2403 (0.2972)  loss_giou_dn_4: 0.2402 (0.2964)  loss_giou_dn_5: 0.2403 (0.2964)  loss_giou_dn_pre: 0.3309 (0.4520)  loss_giou_enc_0: 0.4441 (0.5996)  loss_giou_pre: 0.3045 (0.4038)  loss_vfl: 0.3883 (0.7660)  loss_vfl_aux_0: 0.4496 (1.0228)  loss_vfl_aux_1: 0.4057 (0.7603)  loss_vfl_aux_2: 0.3996 (0.7719)  loss_vfl_aux_3: 0.3880 (0.7748)  loss_vfl_aux_4: 0.3855 (0.7858)  loss_vfl_dn_0: 0.4086 (0.7355)  loss_vfl_dn_1: 0.3199 (0.5852)  loss_vfl_dn_2: 0.3095 (0.6158)  loss_vfl_dn_3: 0.3081 (0.6606)  loss_vfl_dn_4: 0.3063 (0.6598)  loss_vfl_dn_5: 0.3062 (0.6580)  loss_vfl_dn_pre: 0.4125 (0.7399)  loss_vfl_enc_0: 0.5101 (1.0346)  loss_vfl_pre: 0.4460 (1.0266)  time: 0.5904  data: 0.0090  max mem: 17742
Epoch: [0/120]  [ 800/2360]  eta: 0:17:54  lr: 0.000009  loss: 24.9728 (31.5651)  loss_bbox: 0.0643 (0.0960)  loss_bbox_aux_0: 0.0754 (0.1101)  loss_bbox_aux_1: 0.0657 (0.0981)  loss_bbox_aux_2: 0.0643 (0.0961)  loss_bbox_aux_3: 0.0643 (0.0960)  loss_bbox_aux_4: 0.0643 (0.0960)  loss_bbox_dn_0: 0.0869 (0.1553)  loss_bbox_dn_1: 0.0637 (0.0990)  loss_bbox_dn_2: 0.0609 (0.0913)  loss_bbox_dn_3: 0.0609 (0.0903)  loss_bbox_dn_4: 0.0608 (0.0898)  loss_bbox_dn_5: 0.0608 (0.0898)  loss_bbox_dn_pre: 0.0915 (0.1587)  loss_bbox_enc_0: 0.1070 (0.1818)  loss_bbox_pre: 0.0704 (0.1103)  loss_ddf_aux_0: 0.0273 (0.0594)  loss_ddf_aux_1: 0.0038 (0.0110)  loss_ddf_aux_2: 0.0002 (0.0022)  loss_ddf_aux_3: 0.0000 (0.0006)  loss_ddf_aux_4: -0.0000 (0.0000)  loss_ddf_dn_0: 0.2371 (0.3391)  loss_ddf_dn_1: 0.0339 (0.0593)  loss_ddf_dn_2: 0.0029 (0.0085)  loss_ddf_dn_3: 0.0001 (0.0008)  loss_ddf_dn_4: 0.0000 (0.0000)  loss_ddf_dn_5: 0.0000 (0.0000)  loss_fgl: 1.0878 (1.0878)  loss_fgl_aux_0: 1.1302 (1.1238)  loss_fgl_aux_1: 1.0947 (1.0919)  loss_fgl_aux_2: 1.0880 (1.0875)  loss_fgl_aux_3: 1.0880 (1.0878)  loss_fgl_aux_4: 1.0878 (1.0878)  loss_fgl_dn_0: 1.1577 (1.1794)  loss_fgl_dn_1: 1.0318 (1.0536)  loss_fgl_dn_2: 1.0235 (1.0409)  loss_fgl_dn_3: 1.0234 (1.0412)  loss_fgl_dn_4: 1.0234 (1.0414)  loss_fgl_dn_5: 1.0234 (1.0415)  loss_giou: 0.3251 (0.3721)  loss_giou_aux_0: 0.3406 (0.3990)  loss_giou_aux_1: 0.3276 (0.3756)  loss_giou_aux_2: 0.3217 (0.3720)  loss_giou_aux_3: 0.3250 (0.3720)  loss_giou_aux_4: 0.3251 (0.3721)  loss_giou_dn_0: 0.3427 (0.4389)  loss_giou_dn_1: 0.2635 (0.3060)  loss_giou_dn_2: 0.2576 (0.2935)  loss_giou_dn_3: 0.2571 (0.2922)  loss_giou_dn_4: 0.2570 (0.2915)  loss_giou_dn_5: 0.2571 (0.2915)  loss_giou_dn_pre: 0.3385 (0.4390)  loss_giou_enc_0: 0.4437 (0.5855)  loss_giou_pre: 0.3456 (0.3988)  loss_vfl: 0.3828 (0.7176)  loss_vfl_aux_0: 0.4179 (0.9499)  loss_vfl_aux_1: 0.4035 (0.7154)  loss_vfl_aux_2: 0.3820 (0.7234)  loss_vfl_aux_3: 0.3778 (0.7252)  loss_vfl_aux_4: 0.3866 (0.7347)  loss_vfl_dn_0: 0.4071 (0.6949)  loss_vfl_dn_1: 0.3252 (0.5526)  loss_vfl_dn_2: 0.3166 (0.5784)  loss_vfl_dn_3: 0.3140 (0.6173)  loss_vfl_dn_4: 0.3156 (0.6167)  loss_vfl_dn_5: 0.3179 (0.6152)  loss_vfl_dn_pre: 0.4085 (0.6991)  loss_vfl_enc_0: 0.4807 (0.9680)  loss_vfl_pre: 0.4176 (0.9531)  time: 0.5643  data: 0.0082  max mem: 17742
Epoch: [0/120]  [ 900/2360]  eta: 0:16:28  lr: 0.000009  loss: 25.3955 (30.8322)  loss_bbox: 0.0761 (0.0947)  loss_bbox_aux_0: 0.0852 (0.1081)  loss_bbox_aux_1: 0.0765 (0.0966)  loss_bbox_aux_2: 0.0761 (0.0947)  loss_bbox_aux_3: 0.0761 (0.0946)  loss_bbox_aux_4: 0.0761 (0.0946)  loss_bbox_dn_0: 0.1016 (0.1494)  loss_bbox_dn_1: 0.0693 (0.0960)  loss_bbox_dn_2: 0.0668 (0.0888)  loss_bbox_dn_3: 0.0670 (0.0879)  loss_bbox_dn_4: 0.0670 (0.0874)  loss_bbox_dn_5: 0.0671 (0.0874)  loss_bbox_dn_pre: 0.1054 (0.1527)  loss_bbox_enc_0: 0.1349 (0.1770)  loss_bbox_pre: 0.0853 (0.1081)  loss_ddf_aux_0: 0.0345 (0.0566)  loss_ddf_aux_1: 0.0047 (0.0103)  loss_ddf_aux_2: 0.0003 (0.0020)  loss_ddf_aux_3: 0.0000 (0.0005)  loss_ddf_aux_4: 0.0000 (0.0000)  loss_ddf_dn_0: 0.2734 (0.3323)  loss_ddf_dn_1: 0.0439 (0.0574)  loss_ddf_dn_2: 0.0038 (0.0079)  loss_ddf_dn_3: 0.0000 (0.0007)  loss_ddf_dn_4: 0.0000 (0.0000)  loss_ddf_dn_5: 0.0000 (0.0000)  loss_fgl: 1.0605 (1.0861)  loss_fgl_aux_0: 1.0880 (1.1216)  loss_fgl_aux_1: 1.0604 (1.0902)  loss_fgl_aux_2: 1.0607 (1.0859)  loss_fgl_aux_3: 1.0604 (1.0861)  loss_fgl_aux_4: 1.0604 (1.0861)  loss_fgl_dn_0: 1.1384 (1.1771)  loss_fgl_dn_1: 1.0170 (1.0513)  loss_fgl_dn_2: 1.0123 (1.0391)  loss_fgl_dn_3: 1.0118 (1.0394)  loss_fgl_dn_4: 1.0118 (1.0396)  loss_fgl_dn_5: 1.0118 (1.0396)  loss_giou: 0.3403 (0.3688)  loss_giou_aux_0: 0.3514 (0.3943)  loss_giou_aux_1: 0.3408 (0.3721)  loss_giou_aux_2: 0.3404 (0.3687)  loss_giou_aux_3: 0.3403 (0.3687)  loss_giou_aux_4: 0.3403 (0.3688)  loss_giou_dn_0: 0.3494 (0.4284)  loss_giou_dn_1: 0.2657 (0.3007)  loss_giou_dn_2: 0.2661 (0.2890)  loss_giou_dn_3: 0.2662 (0.2878)  loss_giou_dn_4: 0.2661 (0.2873)  loss_giou_dn_5: 0.2661 (0.2873)  loss_giou_dn_pre: 0.3475 (0.4285)  loss_giou_enc_0: 0.4840 (0.5731)  loss_giou_pre: 0.3483 (0.3939)  loss_vfl: 0.3570 (0.6793)  loss_vfl_aux_0: 0.4224 (0.8937)  loss_vfl_aux_1: 0.3916 (0.6797)  loss_vfl_aux_2: 0.3614 (0.6851)  loss_vfl_aux_3: 0.3522 (0.6862)  loss_vfl_aux_4: 0.3567 (0.6943)  loss_vfl_dn_0: 0.4117 (0.6635)  loss_vfl_dn_1: 0.3255 (0.5270)  loss_vfl_dn_2: 0.3172 (0.5491)  loss_vfl_dn_3: 0.3148 (0.5835)  loss_vfl_dn_4: 0.3145 (0.5829)  loss_vfl_dn_5: 0.3151 (0.5817)  loss_vfl_dn_pre: 0.4124 (0.6673)  loss_vfl_enc_0: 0.5056 (0.9173)  loss_vfl_pre: 0.4229 (0.8964)  time: 0.5698  data: 0.0084  max mem: 17742
Epoch: [0/120]  [1000/2360]  eta: 0:15:09  lr: 0.000009  loss: 25.1583 (30.2302)  loss_bbox: 0.0836 (0.0930)  loss_bbox_aux_0: 0.0949 (0.1064)  loss_bbox_aux_1: 0.0882 (0.0950)  loss_bbox_aux_2: 0.0835 (0.0931)  loss_bbox_aux_3: 0.0836 (0.0930)  loss_bbox_aux_4: 0.0836 (0.0930)  loss_bbox_dn_0: 0.0906 (0.1448)  loss_bbox_dn_1: 0.0695 (0.0933)  loss_bbox_dn_2: 0.0677 (0.0864)  loss_bbox_dn_3: 0.0669 (0.0856)  loss_bbox_dn_4: 0.0668 (0.0852)  loss_bbox_dn_5: 0.0669 (0.0852)  loss_bbox_dn_pre: 0.0909 (0.1481)  loss_bbox_enc_0: 0.1271 (0.1736)  loss_bbox_pre: 0.0966 (0.1066)  loss_ddf_aux_0: 0.0337 (0.0547)  loss_ddf_aux_1: 0.0043 (0.0098)  loss_ddf_aux_2: 0.0004 (0.0019)  loss_ddf_aux_3: 0.0001 (0.0005)  loss_ddf_aux_4: 0.0000 (0.0000)  loss_ddf_dn_0: 0.2531 (0.3259)  loss_ddf_dn_1: 0.0295 (0.0555)  loss_ddf_dn_2: 0.0026 (0.0075)  loss_ddf_dn_3: 0.0001 (0.0006)  loss_ddf_dn_4: 0.0000 (0.0000)  loss_ddf_dn_5: 0.0000 (0.0000)  loss_fgl: 1.0706 (1.0845)  loss_fgl_aux_0: 1.1160 (1.1201)  loss_fgl_aux_1: 1.0766 (1.0884)  loss_fgl_aux_2: 1.0695 (1.0842)  loss_fgl_aux_3: 1.0705 (1.0845)  loss_fgl_aux_4: 1.0705 (1.0844)  loss_fgl_dn_0: 1.1713 (1.1755)  loss_fgl_dn_1: 1.0364 (1.0494)  loss_fgl_dn_2: 1.0301 (1.0375)  loss_fgl_dn_3: 1.0289 (1.0377)  loss_fgl_dn_4: 1.0293 (1.0380)  loss_fgl_dn_5: 1.0293 (1.0380)  loss_giou: 0.3272 (0.3649)  loss_giou_aux_0: 0.3409 (0.3896)  loss_giou_aux_1: 0.3363 (0.3683)  loss_giou_aux_2: 0.3272 (0.3648)  loss_giou_aux_3: 0.3274 (0.3649)  loss_giou_aux_4: 0.3272 (0.3649)  loss_giou_dn_0: 0.3488 (0.4199)  loss_giou_dn_1: 0.2582 (0.2961)  loss_giou_dn_2: 0.2501 (0.2850)  loss_giou_dn_3: 0.2513 (0.2839)  loss_giou_dn_4: 0.2507 (0.2834)  loss_giou_dn_5: 0.2506 (0.2834)  loss_giou_dn_pre: 0.3418 (0.4199)  loss_giou_enc_0: 0.4513 (0.5621)  loss_giou_pre: 0.3386 (0.3892)  loss_vfl: 0.3717 (0.6492)  loss_vfl_aux_0: 0.4265 (0.8486)  loss_vfl_aux_1: 0.3855 (0.6520)  loss_vfl_aux_2: 0.3740 (0.6552)  loss_vfl_aux_3: 0.3613 (0.6555)  loss_vfl_aux_4: 0.3612 (0.6627)  loss_vfl_dn_0: 0.4078 (0.6380)  loss_vfl_dn_1: 0.3217 (0.5064)  loss_vfl_dn_2: 0.3112 (0.5254)  loss_vfl_dn_3: 0.3099 (0.5562)  loss_vfl_dn_4: 0.3097 (0.5556)  loss_vfl_dn_5: 0.3122 (0.5546)  loss_vfl_dn_pre: 0.4093 (0.6416)  loss_vfl_enc_0: 0.4893 (0.8771)  loss_vfl_pre: 0.4265 (0.8508)  time: 0.5907  data: 0.0084  max mem: 17742
Epoch: [0/120]  [1100/2360]  eta: 0:13:56  lr: 0.000009  loss: 24.3264 (29.7003)  loss_bbox: 0.0625 (0.0918)  loss_bbox_aux_0: 0.0679 (0.1047)  loss_bbox_aux_1: 0.0628 (0.0937)  loss_bbox_aux_2: 0.0615 (0.0919)  loss_bbox_aux_3: 0.0626 (0.0918)  loss_bbox_aux_4: 0.0625 (0.0918)  loss_bbox_dn_0: 0.0862 (0.1403)  loss_bbox_dn_1: 0.0581 (0.0906)  loss_bbox_dn_2: 0.0546 (0.0841)  loss_bbox_dn_3: 0.0547 (0.0834)  loss_bbox_dn_4: 0.0547 (0.0829)  loss_bbox_dn_5: 0.0547 (0.0829)  loss_bbox_dn_pre: 0.0890 (0.1436)  loss_bbox_enc_0: 0.1147 (0.1703)  loss_bbox_pre: 0.0687 (0.1048)  loss_ddf_aux_0: 0.0238 (0.0525)  loss_ddf_aux_1: 0.0036 (0.0093)  loss_ddf_aux_2: 0.0004 (0.0017)  loss_ddf_aux_3: 0.0000 (0.0004)  loss_ddf_aux_4: 0.0000 (0.0000)  loss_ddf_dn_0: 0.2704 (0.3210)  loss_ddf_dn_1: 0.0333 (0.0537)  loss_ddf_dn_2: 0.0033 (0.0071)  loss_ddf_dn_3: 0.0001 (0.0006)  loss_ddf_dn_4: 0.0000 (0.0000)  loss_ddf_dn_5: 0.0000 (0.0000)  loss_fgl: 1.0564 (1.0822)  loss_fgl_aux_0: 1.0889 (1.1176)  loss_fgl_aux_1: 1.0587 (1.0861)  loss_fgl_aux_2: 1.0562 (1.0820)  loss_fgl_aux_3: 1.0563 (1.0822)  loss_fgl_aux_4: 1.0563 (1.0822)  loss_fgl_dn_0: 1.1527 (1.1729)  loss_fgl_dn_1: 1.0273 (1.0466)  loss_fgl_dn_2: 1.0189 (1.0349)  loss_fgl_dn_3: 1.0194 (1.0351)  loss_fgl_dn_4: 1.0198 (1.0353)  loss_fgl_dn_5: 1.0198 (1.0353)  loss_giou: 0.2992 (0.3617)  loss_giou_aux_0: 0.3149 (0.3854)  loss_giou_aux_1: 0.3095 (0.3650)  loss_giou_aux_2: 0.2983 (0.3616)  loss_giou_aux_3: 0.2993 (0.3616)  loss_giou_aux_4: 0.2992 (0.3617)  loss_giou_dn_0: 0.3216 (0.4120)  loss_giou_dn_1: 0.2391 (0.2918)  loss_giou_dn_2: 0.2326 (0.2812)  loss_giou_dn_3: 0.2327 (0.2802)  loss_giou_dn_4: 0.2326 (0.2798)  loss_giou_dn_5: 0.2326 (0.2798)  loss_giou_dn_pre: 0.3248 (0.4120)  loss_giou_enc_0: 0.4706 (0.5545)  loss_giou_pre: 0.3137 (0.3849)  loss_vfl: 0.3417 (0.6230)  loss_vfl_aux_0: 0.4137 (0.8104)  loss_vfl_aux_1: 0.3634 (0.6278)  loss_vfl_aux_2: 0.3582 (0.6292)  loss_vfl_aux_3: 0.3526 (0.6290)  loss_vfl_aux_4: 0.3425 (0.6352)  loss_vfl_dn_0: 0.3993 (0.6167)  loss_vfl_dn_1: 0.3140 (0.4890)  loss_vfl_dn_2: 0.3062 (0.5055)  loss_vfl_dn_3: 0.3037 (0.5333)  loss_vfl_dn_4: 0.3032 (0.5329)  loss_vfl_dn_5: 0.3035 (0.5320)  loss_vfl_dn_pre: 0.4015 (0.6200)  loss_vfl_enc_0: 0.4952 (0.8432)  loss_vfl_pre: 0.4206 (0.8122)  time: 0.6024  data: 0.0086  max mem: 17742
Epoch: [0/120]  [1200/2360]  eta: 0:12:42  lr: 0.000009  loss: 23.8811 (29.2577)  loss_bbox: 0.0759 (0.0909)  loss_bbox_aux_0: 0.0783 (0.1037)  loss_bbox_aux_1: 0.0726 (0.0928)  loss_bbox_aux_2: 0.0724 (0.0910)  loss_bbox_aux_3: 0.0759 (0.0909)  loss_bbox_aux_4: 0.0759 (0.0909)  loss_bbox_dn_0: 0.0944 (0.1375)  loss_bbox_dn_1: 0.0633 (0.0890)  loss_bbox_dn_2: 0.0640 (0.0827)  loss_bbox_dn_3: 0.0637 (0.0820)  loss_bbox_dn_4: 0.0637 (0.0816)  loss_bbox_dn_5: 0.0637 (0.0816)  loss_bbox_dn_pre: 0.1005 (0.1409)  loss_bbox_enc_0: 0.1287 (0.1686)  loss_bbox_pre: 0.0749 (0.1037)  loss_ddf_aux_0: 0.0278 (0.0505)  loss_ddf_aux_1: 0.0033 (0.0088)  loss_ddf_aux_2: 0.0002 (0.0016)  loss_ddf_aux_3: -0.0000 (0.0004)  loss_ddf_aux_4: -0.0000 (0.0000)  loss_ddf_dn_0: 0.2827 (0.3205)  loss_ddf_dn_1: 0.0435 (0.0529)  loss_ddf_dn_2: 0.0049 (0.0069)  loss_ddf_dn_3: 0.0001 (0.0005)  loss_ddf_dn_4: 0.0000 (0.0000)  loss_ddf_dn_5: 0.0000 (0.0000)  loss_fgl: 1.0342 (1.0789)  loss_fgl_aux_0: 1.0682 (1.1144)  loss_fgl_aux_1: 1.0475 (1.0829)  loss_fgl_aux_2: 1.0361 (1.0787)  loss_fgl_aux_3: 1.0342 (1.0789)  loss_fgl_aux_4: 1.0341 (1.0789)  loss_fgl_dn_0: 1.1378 (1.1714)  loss_fgl_dn_1: 1.0057 (1.0437)  loss_fgl_dn_2: 0.9977 (1.0323)  loss_fgl_dn_3: 0.9972 (1.0325)  loss_fgl_dn_4: 0.9973 (1.0326)  loss_fgl_dn_5: 0.9974 (1.0327)  loss_giou: 0.3036 (0.3584)  loss_giou_aux_0: 0.3194 (0.3816)  loss_giou_aux_1: 0.3029 (0.3616)  loss_giou_aux_2: 0.3024 (0.3584)  loss_giou_aux_3: 0.3036 (0.3584)  loss_giou_aux_4: 0.3036 (0.3584)  loss_giou_dn_0: 0.3218 (0.4061)  loss_giou_dn_1: 0.2434 (0.2883)  loss_giou_dn_2: 0.2381 (0.2780)  loss_giou_dn_3: 0.2393 (0.2771)  loss_giou_dn_4: 0.2393 (0.2767)  loss_giou_dn_5: 0.2393 (0.2767)  loss_giou_dn_pre: 0.3229 (0.4062)  loss_giou_enc_0: 0.4365 (0.5471)  loss_giou_pre: 0.3210 (0.3811)  loss_vfl: 0.3771 (0.6017)  loss_vfl_aux_0: 0.4227 (0.7784)  loss_vfl_aux_1: 0.3796 (0.6081)  loss_vfl_aux_2: 0.3798 (0.6081)  loss_vfl_aux_3: 0.3754 (0.6072)  loss_vfl_aux_4: 0.3723 (0.6127)  loss_vfl_dn_0: 0.3971 (0.5989)  loss_vfl_dn_1: 0.3088 (0.4743)  loss_vfl_dn_2: 0.2998 (0.4888)  loss_vfl_dn_3: 0.2972 (0.5142)  loss_vfl_dn_4: 0.2969 (0.5137)  loss_vfl_dn_5: 0.2966 (0.5130)  loss_vfl_dn_pre: 0.3971 (0.6021)  loss_vfl_enc_0: 0.4860 (0.8146)  loss_vfl_pre: 0.4198 (0.7799)  time: 0.5694  data: 0.0086  max mem: 17742
Epoch: [0/120]  [1300/2360]  eta: 0:11:31  lr: 0.000009  loss: 24.9530 (28.8952)  loss_bbox: 0.0748 (0.0901)  loss_bbox_aux_0: 0.0816 (0.1026)  loss_bbox_aux_1: 0.0758 (0.0920)  loss_bbox_aux_2: 0.0753 (0.0903)  loss_bbox_aux_3: 0.0748 (0.0901)  loss_bbox_aux_4: 0.0748 (0.0901)  loss_bbox_dn_0: 0.0920 (0.1346)  loss_bbox_dn_1: 0.0658 (0.0875)  loss_bbox_dn_2: 0.0669 (0.0814)  loss_bbox_dn_3: 0.0673 (0.0807)  loss_bbox_dn_4: 0.0675 (0.0804)  loss_bbox_dn_5: 0.0675 (0.0804)  loss_bbox_dn_pre: 0.1001 (0.1379)  loss_bbox_enc_0: 0.1173 (0.1662)  loss_bbox_pre: 0.0825 (0.1026)  loss_ddf_aux_0: 0.0280 (0.0487)  loss_ddf_aux_1: 0.0041 (0.0084)  loss_ddf_aux_2: 0.0004 (0.0015)  loss_ddf_aux_3: 0.0000 (0.0004)  loss_ddf_aux_4: 0.0000 (0.0000)  loss_ddf_dn_0: 0.3664 (0.3211)  loss_ddf_dn_1: 0.0550 (0.0522)  loss_ddf_dn_2: 0.0032 (0.0067)  loss_ddf_dn_3: 0.0001 (0.0005)  loss_ddf_dn_4: 0.0000 (0.0000)  loss_ddf_dn_5: 0.0000 (0.0000)  loss_fgl: 1.0537 (1.0776)  loss_fgl_aux_0: 1.0756 (1.1129)  loss_fgl_aux_1: 1.0587 (1.0815)  loss_fgl_aux_2: 1.0547 (1.0775)  loss_fgl_aux_3: 1.0541 (1.0776)  loss_fgl_aux_4: 1.0538 (1.0776)  loss_fgl_dn_0: 1.1531 (1.1702)  loss_fgl_dn_1: 1.0211 (1.0422)  loss_fgl_dn_2: 1.0036 (1.0309)  loss_fgl_dn_3: 1.0047 (1.0311)  loss_fgl_dn_4: 1.0048 (1.0313)  loss_fgl_dn_5: 1.0048 (1.0313)  loss_giou: 0.3085 (0.3555)  loss_giou_aux_0: 0.3394 (0.3782)  loss_giou_aux_1: 0.3082 (0.3587)  loss_giou_aux_2: 0.3084 (0.3554)  loss_giou_aux_3: 0.3084 (0.3554)  loss_giou_aux_4: 0.3085 (0.3555)  loss_giou_dn_0: 0.3481 (0.4008)  loss_giou_dn_1: 0.2494 (0.2853)  loss_giou_dn_2: 0.2414 (0.2754)  loss_giou_dn_3: 0.2418 (0.2746)  loss_giou_dn_4: 0.2418 (0.2742)  loss_giou_dn_5: 0.2418 (0.2742)  loss_giou_dn_pre: 0.3475 (0.4008)  loss_giou_enc_0: 0.4461 (0.5401)  loss_giou_pre: 0.3366 (0.3777)  loss_vfl: 0.3813 (0.5837)  loss_vfl_aux_0: 0.4364 (0.7520)  loss_vfl_aux_1: 0.4189 (0.5916)  loss_vfl_aux_2: 0.4051 (0.5906)  loss_vfl_aux_3: 0.3951 (0.5890)  loss_vfl_aux_4: 0.3815 (0.5937)  loss_vfl_dn_0: 0.4023 (0.5839)  loss_vfl_dn_1: 0.3167 (0.4620)  loss_vfl_dn_2: 0.3061 (0.4748)  loss_vfl_dn_3: 0.3034 (0.4981)  loss_vfl_dn_4: 0.3024 (0.4977)  loss_vfl_dn_5: 0.3045 (0.4971)  loss_vfl_dn_pre: 0.4040 (0.5869)  loss_vfl_enc_0: 0.4996 (0.7910)  loss_vfl_pre: 0.4345 (0.7532)  time: 0.6097  data: 0.0085  max mem: 17742
Epoch: [0/120]  [1400/2360]  eta: 0:10:21  lr: 0.000009  loss: 23.8250 (28.5521)  loss_bbox: 0.0593 (0.0887)  loss_bbox_aux_0: 0.0663 (0.1008)  loss_bbox_aux_1: 0.0624 (0.0905)  loss_bbox_aux_2: 0.0601 (0.0888)  loss_bbox_aux_3: 0.0593 (0.0887)  loss_bbox_aux_4: 0.0593 (0.0887)  loss_bbox_dn_0: 0.0926 (0.1315)  loss_bbox_dn_1: 0.0559 (0.0856)  loss_bbox_dn_2: 0.0544 (0.0797)  loss_bbox_dn_3: 0.0544 (0.0791)  loss_bbox_dn_4: 0.0544 (0.0787)  loss_bbox_dn_5: 0.0544 (0.0787)  loss_bbox_dn_pre: 0.0993 (0.1347)  loss_bbox_enc_0: 0.1147 (0.1632)  loss_bbox_pre: 0.0658 (0.1008)  loss_ddf_aux_0: 0.0260 (0.0470)  loss_ddf_aux_1: 0.0037 (0.0081)  loss_ddf_aux_2: 0.0002 (0.0014)  loss_ddf_aux_3: 0.0000 (0.0003)  loss_ddf_aux_4: 0.0000 (0.0000)  loss_ddf_dn_0: 0.3999 (0.3225)  loss_ddf_dn_1: 0.0606 (0.0521)  loss_ddf_dn_2: 0.0035 (0.0064)  loss_ddf_dn_3: 0.0000 (0.0005)  loss_ddf_dn_4: 0.0000 (0.0000)  loss_ddf_dn_5: 0.0000 (0.0000)  loss_fgl: 1.0335 (1.0762)  loss_fgl_aux_0: 1.0690 (1.1114)  loss_fgl_aux_1: 1.0401 (1.0800)  loss_fgl_aux_2: 1.0336 (1.0760)  loss_fgl_aux_3: 1.0336 (1.0761)  loss_fgl_aux_4: 1.0336 (1.0761)  loss_fgl_dn_0: 1.1406 (1.1689)  loss_fgl_dn_1: 1.0197 (1.0406)  loss_fgl_dn_2: 1.0036 (1.0295)  loss_fgl_dn_3: 1.0035 (1.0297)  loss_fgl_dn_4: 1.0034 (1.0298)  loss_fgl_dn_5: 1.0035 (1.0298)  loss_giou: 0.2812 (0.3522)  loss_giou_aux_0: 0.3092 (0.3745)  loss_giou_aux_1: 0.2905 (0.3553)  loss_giou_aux_2: 0.2815 (0.3521)  loss_giou_aux_3: 0.2811 (0.3521)  loss_giou_aux_4: 0.2812 (0.3522)  loss_giou_dn_0: 0.3257 (0.3958)  loss_giou_dn_1: 0.2301 (0.2824)  loss_giou_dn_2: 0.2248 (0.2729)  loss_giou_dn_3: 0.2249 (0.2721)  loss_giou_dn_4: 0.2249 (0.2717)  loss_giou_dn_5: 0.2250 (0.2717)  loss_giou_dn_pre: 0.3227 (0.3958)  loss_giou_enc_0: 0.4234 (0.5337)  loss_giou_pre: 0.3076 (0.3740)  loss_vfl: 0.3341 (0.5672)  loss_vfl_aux_0: 0.3962 (0.7281)  loss_vfl_aux_1: 0.3590 (0.5765)  loss_vfl_aux_2: 0.3403 (0.5743)  loss_vfl_aux_3: 0.3404 (0.5723)  loss_vfl_aux_4: 0.3350 (0.5765)  loss_vfl_dn_0: 0.3967 (0.5708)  loss_vfl_dn_1: 0.3088 (0.4513)  loss_vfl_dn_2: 0.3033 (0.4626)  loss_vfl_dn_3: 0.3015 (0.4842)  loss_vfl_dn_4: 0.3031 (0.4838)  loss_vfl_dn_5: 0.3057 (0.4833)  loss_vfl_dn_pre: 0.3965 (0.5737)  loss_vfl_enc_0: 0.4743 (0.7694)  loss_vfl_pre: 0.3996 (0.7290)  time: 0.5812  data: 0.0090  max mem: 17742
Epoch: [0/120]  [1500/2360]  eta: 0:09:13  lr: 0.000009  loss: 23.6676 (28.2569)  loss_bbox: 0.0623 (0.0881)  loss_bbox_aux_0: 0.0709 (0.1001)  loss_bbox_aux_1: 0.0623 (0.0899)  loss_bbox_aux_2: 0.0623 (0.0882)  loss_bbox_aux_3: 0.0623 (0.0881)  loss_bbox_aux_4: 0.0623 (0.0881)  loss_bbox_dn_0: 0.0892 (0.1295)  loss_bbox_dn_1: 0.0602 (0.0846)  loss_bbox_dn_2: 0.0534 (0.0789)  loss_bbox_dn_3: 0.0538 (0.0783)  loss_bbox_dn_4: 0.0538 (0.0780)  loss_bbox_dn_5: 0.0538 (0.0780)  loss_bbox_dn_pre: 0.0933 (0.1327)  loss_bbox_enc_0: 0.1242 (0.1617)  loss_bbox_pre: 0.0660 (0.1001)  loss_ddf_aux_0: 0.0287 (0.0459)  loss_ddf_aux_1: 0.0033 (0.0078)  loss_ddf_aux_2: 0.0002 (0.0014)  loss_ddf_aux_3: 0.0000 (0.0003)  loss_ddf_aux_4: 0.0000 (0.0000)  loss_ddf_dn_0: 0.3211 (0.3250)  loss_ddf_dn_1: 0.0432 (0.0524)  loss_ddf_dn_2: 0.0021 (0.0062)  loss_ddf_dn_3: 0.0001 (0.0005)  loss_ddf_dn_4: 0.0000 (0.0000)  loss_ddf_dn_5: 0.0000 (0.0000)  loss_fgl: 1.0582 (1.0746)  loss_fgl_aux_0: 1.0839 (1.1099)  loss_fgl_aux_1: 1.0578 (1.0784)  loss_fgl_aux_2: 1.0579 (1.0744)  loss_fgl_aux_3: 1.0580 (1.0746)  loss_fgl_aux_4: 1.0581 (1.0746)  loss_fgl_dn_0: 1.1366 (1.1677)  loss_fgl_dn_1: 1.0169 (1.0391)  loss_fgl_dn_2: 1.0082 (1.0280)  loss_fgl_dn_3: 1.0087 (1.0282)  loss_fgl_dn_4: 1.0086 (1.0283)  loss_fgl_dn_5: 1.0086 (1.0283)  loss_giou: 0.3079 (0.3490)  loss_giou_aux_0: 0.3222 (0.3708)  loss_giou_aux_1: 0.3094 (0.3520)  loss_giou_aux_2: 0.3092 (0.3489)  loss_giou_aux_3: 0.3078 (0.3489)  loss_giou_aux_4: 0.3078 (0.3490)  loss_giou_dn_0: 0.3111 (0.3910)  loss_giou_dn_1: 0.2418 (0.2797)  loss_giou_dn_2: 0.2383 (0.2704)  loss_giou_dn_3: 0.2382 (0.2697)  loss_giou_dn_4: 0.2382 (0.2693)  loss_giou_dn_5: 0.2382 (0.2693)  loss_giou_dn_pre: 0.3137 (0.3909)  loss_giou_enc_0: 0.4135 (0.5274)  loss_giou_pre: 0.3187 (0.3702)  loss_vfl: 0.3437 (0.5526)  loss_vfl_aux_0: 0.4011 (0.7072)  loss_vfl_aux_1: 0.3655 (0.5631)  loss_vfl_aux_2: 0.3547 (0.5599)  loss_vfl_aux_3: 0.3409 (0.5575)  loss_vfl_aux_4: 0.3556 (0.5613)  loss_vfl_dn_0: 0.3896 (0.5594)  loss_vfl_dn_1: 0.3047 (0.4419)  loss_vfl_dn_2: 0.2972 (0.4520)  loss_vfl_dn_3: 0.2967 (0.4720)  loss_vfl_dn_4: 0.2975 (0.4716)  loss_vfl_dn_5: 0.2973 (0.4712)  loss_vfl_dn_pre: 0.3905 (0.5621)  loss_vfl_enc_0: 0.4881 (0.7510)  loss_vfl_pre: 0.4012 (0.7079)  time: 0.5820  data: 0.0082  max mem: 17742
Epoch: [0/120]  [1600/2360]  eta: 0:08:06  lr: 0.000009  loss: 23.6418 (28.0021)  loss_bbox: 0.0489 (0.0873)  loss_bbox_aux_0: 0.0545 (0.0992)  loss_bbox_aux_1: 0.0508 (0.0892)  loss_bbox_aux_2: 0.0494 (0.0874)  loss_bbox_aux_3: 0.0489 (0.0873)  loss_bbox_aux_4: 0.0489 (0.0873)  loss_bbox_dn_0: 0.0676 (0.1271)  loss_bbox_dn_1: 0.0428 (0.0831)  loss_bbox_dn_2: 0.0391 (0.0776)  loss_bbox_dn_3: 0.0389 (0.0770)  loss_bbox_dn_4: 0.0389 (0.0767)  loss_bbox_dn_5: 0.0389 (0.0767)  loss_bbox_dn_pre: 0.0663 (0.1304)  loss_bbox_enc_0: 0.0929 (0.1607)  loss_bbox_pre: 0.0548 (0.0992)  loss_ddf_aux_0: 0.0319 (0.0449)  loss_ddf_aux_1: 0.0037 (0.0075)  loss_ddf_aux_2: 0.0003 (0.0013)  loss_ddf_aux_3: -0.0000 (0.0003)  loss_ddf_aux_4: 0.0000 (0.0000)  loss_ddf_dn_0: 0.4371 (0.3292)  loss_ddf_dn_1: 0.0875 (0.0530)  loss_ddf_dn_2: 0.0064 (0.0060)  loss_ddf_dn_3: 0.0001 (0.0004)  loss_ddf_dn_4: 0.0000 (0.0000)  loss_ddf_dn_5: 0.0000 (0.0000)  loss_fgl: 1.0554 (1.0726)  loss_fgl_aux_0: 1.0821 (1.1081)  loss_fgl_aux_1: 1.0556 (1.0765)  loss_fgl_aux_2: 1.0560 (1.0725)  loss_fgl_aux_3: 1.0555 (1.0726)  loss_fgl_aux_4: 1.0554 (1.0726)  loss_fgl_dn_0: 1.1484 (1.1661)  loss_fgl_dn_1: 1.0097 (1.0376)  loss_fgl_dn_2: 0.9998 (1.0266)  loss_fgl_dn_3: 1.0003 (1.0268)  loss_fgl_dn_4: 1.0003 (1.0269)  loss_fgl_dn_5: 1.0003 (1.0269)  loss_giou: 0.2846 (0.3471)  loss_giou_aux_0: 0.3055 (0.3687)  loss_giou_aux_1: 0.2882 (0.3502)  loss_giou_aux_2: 0.2850 (0.3471)  loss_giou_aux_3: 0.2845 (0.3471)  loss_giou_aux_4: 0.2845 (0.3471)  loss_giou_dn_0: 0.3170 (0.3869)  loss_giou_dn_1: 0.2336 (0.2775)  loss_giou_dn_2: 0.2346 (0.2686)  loss_giou_dn_3: 0.2346 (0.2678)  loss_giou_dn_4: 0.2346 (0.2675)  loss_giou_dn_5: 0.2345 (0.2675)  loss_giou_dn_pre: 0.3142 (0.3868)  loss_giou_enc_0: 0.4367 (0.5226)  loss_giou_pre: 0.3041 (0.3681)  loss_vfl: 0.3433 (0.5404)  loss_vfl_aux_0: 0.4106 (0.6891)  loss_vfl_aux_1: 0.3593 (0.5516)  loss_vfl_aux_2: 0.3457 (0.5477)  loss_vfl_aux_3: 0.3455 (0.5450)  loss_vfl_aux_4: 0.3451 (0.5485)  loss_vfl_dn_0: 0.3910 (0.5492)  loss_vfl_dn_1: 0.3101 (0.4336)  loss_vfl_dn_2: 0.3019 (0.4427)  loss_vfl_dn_3: 0.3018 (0.4614)  loss_vfl_dn_4: 0.3018 (0.4610)  loss_vfl_dn_5: 0.3024 (0.4607)  loss_vfl_dn_pre: 0.3922 (0.5518)  loss_vfl_enc_0: 0.4729 (0.7347)  loss_vfl_pre: 0.4115 (0.6896)  time: 0.5989  data: 0.0085  max mem: 17742
Epoch: [0/120]  [1700/2360]  eta: 0:07:00  lr: 0.000009  loss: 23.9286 (27.7610)  loss_bbox: 0.0600 (0.0867)  loss_bbox_aux_0: 0.0637 (0.0983)  loss_bbox_aux_1: 0.0602 (0.0884)  loss_bbox_aux_2: 0.0606 (0.0868)  loss_bbox_aux_3: 0.0600 (0.0866)  loss_bbox_aux_4: 0.0600 (0.0867)  loss_bbox_dn_0: 0.0786 (0.1250)  loss_bbox_dn_1: 0.0488 (0.0820)  loss_bbox_dn_2: 0.0474 (0.0767)  loss_bbox_dn_3: 0.0474 (0.0761)  loss_bbox_dn_4: 0.0474 (0.0758)  loss_bbox_dn_5: 0.0474 (0.0758)  loss_bbox_dn_pre: 0.0862 (0.1283)  loss_bbox_enc_0: 0.1124 (0.1593)  loss_bbox_pre: 0.0622 (0.0982)  loss_ddf_aux_0: 0.0247 (0.0439)  loss_ddf_aux_1: 0.0031 (0.0073)  loss_ddf_aux_2: 0.0002 (0.0012)  loss_ddf_aux_3: 0.0000 (0.0003)  loss_ddf_aux_4: 0.0000 (0.0000)  loss_ddf_dn_0: 0.4891 (0.3339)  loss_ddf_dn_1: 0.0833 (0.0544)  loss_ddf_dn_2: 0.0045 (0.0060)  loss_ddf_dn_3: 0.0001 (0.0004)  loss_ddf_dn_4: 0.0000 (0.0000)  loss_ddf_dn_5: 0.0000 (0.0000)  loss_fgl: 1.0504 (1.0710)  loss_fgl_aux_0: 1.0814 (1.1065)  loss_fgl_aux_1: 1.0536 (1.0748)  loss_fgl_aux_2: 1.0506 (1.0709)  loss_fgl_aux_3: 1.0504 (1.0710)  loss_fgl_aux_4: 1.0504 (1.0710)  loss_fgl_dn_0: 1.1421 (1.1646)  loss_fgl_dn_1: 1.0145 (1.0361)  loss_fgl_dn_2: 1.0026 (1.0253)  loss_fgl_dn_3: 1.0030 (1.0254)  loss_fgl_dn_4: 1.0032 (1.0255)  loss_fgl_dn_5: 1.0033 (1.0255)  loss_giou: 0.3115 (0.3443)  loss_giou_aux_0: 0.3130 (0.3655)  loss_giou_aux_1: 0.3110 (0.3473)  loss_giou_aux_2: 0.3113 (0.3442)  loss_giou_aux_3: 0.3115 (0.3443)  loss_giou_aux_4: 0.3115 (0.3443)  loss_giou_dn_0: 0.3162 (0.3827)  loss_giou_dn_1: 0.2437 (0.2753)  loss_giou_dn_2: 0.2388 (0.2665)  loss_giou_dn_3: 0.2383 (0.2658)  loss_giou_dn_4: 0.2382 (0.2655)  loss_giou_dn_5: 0.2382 (0.2655)  loss_giou_dn_pre: 0.3144 (0.3827)  loss_giou_enc_0: 0.4292 (0.5176)  loss_giou_pre: 0.3107 (0.3648)  loss_vfl: 0.3551 (0.5290)  loss_vfl_aux_0: 0.3997 (0.6722)  loss_vfl_aux_1: 0.3575 (0.5407)  loss_vfl_aux_2: 0.3430 (0.5360)  loss_vfl_aux_3: 0.3463 (0.5333)  loss_vfl_aux_4: 0.3455 (0.5365)  loss_vfl_dn_0: 0.3968 (0.5402)  loss_vfl_dn_1: 0.3105 (0.4263)  loss_vfl_dn_2: 0.3048 (0.4344)  loss_vfl_dn_3: 0.3014 (0.4519)  loss_vfl_dn_4: 0.3018 (0.4515)  loss_vfl_dn_5: 0.3018 (0.4513)  loss_vfl_dn_pre: 0.3962 (0.5426)  loss_vfl_enc_0: 0.4838 (0.7204)  loss_vfl_pre: 0.3958 (0.6726)  time: 0.6050  data: 0.0085  max mem: 17742
Epoch: [0/120]  [1800/2360]  eta: 0:05:55  lr: 0.000009  loss: 24.3902 (27.5608)  loss_bbox: 0.0660 (0.0862)  loss_bbox_aux_0: 0.0746 (0.0979)  loss_bbox_aux_1: 0.0647 (0.0880)  loss_bbox_aux_2: 0.0662 (0.0863)  loss_bbox_aux_3: 0.0659 (0.0862)  loss_bbox_aux_4: 0.0660 (0.0862)  loss_bbox_dn_0: 0.0933 (0.1237)  loss_bbox_dn_1: 0.0578 (0.0812)  loss_bbox_dn_2: 0.0542 (0.0760)  loss_bbox_dn_3: 0.0544 (0.0755)  loss_bbox_dn_4: 0.0544 (0.0752)  loss_bbox_dn_5: 0.0544 (0.0752)  loss_bbox_dn_pre: 0.0988 (0.1270)  loss_bbox_enc_0: 0.1376 (0.1590)  loss_bbox_pre: 0.0770 (0.0978)  loss_ddf_aux_0: 0.0264 (0.0431)  loss_ddf_aux_1: 0.0027 (0.0071)  loss_ddf_aux_2: 0.0002 (0.0012)  loss_ddf_aux_3: 0.0000 (0.0003)  loss_ddf_aux_4: 0.0000 (0.0000)  loss_ddf_dn_0: 0.3413 (0.3355)  loss_ddf_dn_1: 0.0578 (0.0546)  loss_ddf_dn_2: 0.0032 (0.0058)  loss_ddf_dn_3: 0.0000 (0.0004)  loss_ddf_dn_4: 0.0000 (0.0000)  loss_ddf_dn_5: 0.0000 (0.0000)  loss_fgl: 1.0437 (1.0695)  loss_fgl_aux_0: 1.0780 (1.1055)  loss_fgl_aux_1: 1.0458 (1.0734)  loss_fgl_aux_2: 1.0447 (1.0694)  loss_fgl_aux_3: 1.0436 (1.0695)  loss_fgl_aux_4: 1.0437 (1.0695)  loss_fgl_dn_0: 1.1540 (1.1636)  loss_fgl_dn_1: 0.9983 (1.0347)  loss_fgl_dn_2: 0.9827 (1.0240)  loss_fgl_dn_3: 0.9825 (1.0241)  loss_fgl_dn_4: 0.9824 (1.0242)  loss_fgl_dn_5: 0.9824 (1.0242)  loss_giou: 0.2852 (0.3421)  loss_giou_aux_0: 0.3062 (0.3630)  loss_giou_aux_1: 0.2886 (0.3451)  loss_giou_aux_2: 0.2854 (0.3421)  loss_giou_aux_3: 0.2852 (0.3421)  loss_giou_aux_4: 0.2852 (0.3421)  loss_giou_dn_0: 0.3230 (0.3795)  loss_giou_dn_1: 0.2353 (0.2734)  loss_giou_dn_2: 0.2305 (0.2649)  loss_giou_dn_3: 0.2303 (0.2642)  loss_giou_dn_4: 0.2303 (0.2639)  loss_giou_dn_5: 0.2303 (0.2639)  loss_giou_dn_pre: 0.3227 (0.3795)  loss_giou_enc_0: 0.4532 (0.5134)  loss_giou_pre: 0.3122 (0.3624)  loss_vfl: 0.3642 (0.5196)  loss_vfl_aux_0: 0.4254 (0.6585)  loss_vfl_aux_1: 0.3833 (0.5322)  loss_vfl_aux_2: 0.3655 (0.5266)  loss_vfl_aux_3: 0.3585 (0.5237)  loss_vfl_aux_4: 0.3611 (0.5267)  loss_vfl_dn_0: 0.4004 (0.5323)  loss_vfl_dn_1: 0.3128 (0.4199)  loss_vfl_dn_2: 0.3011 (0.4271)  loss_vfl_dn_3: 0.3012 (0.4435)  loss_vfl_dn_4: 0.3005 (0.4432)  loss_vfl_dn_5: 0.3022 (0.4430)  loss_vfl_dn_pre: 0.4001 (0.5346)  loss_vfl_enc_0: 0.4813 (0.7082)  loss_vfl_pre: 0.4254 (0.6588)  time: 0.5823  data: 0.0083  max mem: 17742
Epoch: [0/120]  [1900/2360]  eta: 0:04:51  lr: 0.000009  loss: 24.1461 (27.3920)  loss_bbox: 0.0685 (0.0856)  loss_bbox_aux_0: 0.0777 (0.0973)  loss_bbox_aux_1: 0.0697 (0.0874)  loss_bbox_aux_2: 0.0691 (0.0857)  loss_bbox_aux_3: 0.0685 (0.0856)  loss_bbox_aux_4: 0.0685 (0.0856)  loss_bbox_dn_0: 0.0854 (0.1221)  loss_bbox_dn_1: 0.0546 (0.0803)  loss_bbox_dn_2: 0.0511 (0.0752)  loss_bbox_dn_3: 0.0511 (0.0746)  loss_bbox_dn_4: 0.0510 (0.0744)  loss_bbox_dn_5: 0.0510 (0.0744)  loss_bbox_dn_pre: 0.0867 (0.1254)  loss_bbox_enc_0: 0.1260 (0.1582)  loss_bbox_pre: 0.0768 (0.0972)  loss_ddf_aux_0: 0.0238 (0.0425)  loss_ddf_aux_1: 0.0030 (0.0069)  loss_ddf_aux_2: 0.0001 (0.0011)  loss_ddf_aux_3: -0.0000 (0.0003)  loss_ddf_aux_4: 0.0000 (0.0000)  loss_ddf_dn_0: 0.2983 (0.3365)  loss_ddf_dn_1: 0.0394 (0.0544)  loss_ddf_dn_2: 0.0021 (0.0057)  loss_ddf_dn_3: 0.0000 (0.0004)  loss_ddf_dn_4: 0.0000 (0.0000)  loss_ddf_dn_5: 0.0000 (0.0000)  loss_fgl: 1.0501 (1.0688)  loss_fgl_aux_0: 1.0992 (1.1052)  loss_fgl_aux_1: 1.0541 (1.0727)  loss_fgl_aux_2: 1.0500 (1.0687)  loss_fgl_aux_3: 1.0502 (1.0688)  loss_fgl_aux_4: 1.0501 (1.0688)  loss_fgl_dn_0: 1.1528 (1.1631)  loss_fgl_dn_1: 1.0214 (1.0341)  loss_fgl_dn_2: 1.0121 (1.0235)  loss_fgl_dn_3: 1.0121 (1.0236)  loss_fgl_dn_4: 1.0121 (1.0237)  loss_fgl_dn_5: 1.0121 (1.0237)  loss_giou: 0.3144 (0.3404)  loss_giou_aux_0: 0.3250 (0.3612)  loss_giou_aux_1: 0.3079 (0.3434)  loss_giou_aux_2: 0.3138 (0.3403)  loss_giou_aux_3: 0.3145 (0.3404)  loss_giou_aux_4: 0.3144 (0.3404)  loss_giou_dn_0: 0.3393 (0.3769)  loss_giou_dn_1: 0.2529 (0.2720)  loss_giou_dn_2: 0.2477 (0.2637)  loss_giou_dn_3: 0.2475 (0.2630)  loss_giou_dn_4: 0.2475 (0.2627)  loss_giou_dn_5: 0.2475 (0.2627)  loss_giou_dn_pre: 0.3366 (0.3769)  loss_giou_enc_0: 0.4484 (0.5097)  loss_giou_pre: 0.3253 (0.3605)  loss_vfl: 0.3389 (0.5113)  loss_vfl_aux_0: 0.4431 (0.6472)  loss_vfl_aux_1: 0.3723 (0.5248)  loss_vfl_aux_2: 0.3553 (0.5183)  loss_vfl_aux_3: 0.3420 (0.5152)  loss_vfl_aux_4: 0.3380 (0.5179)  loss_vfl_dn_0: 0.4023 (0.5254)  loss_vfl_dn_1: 0.3143 (0.4143)  loss_vfl_dn_2: 0.3066 (0.4207)  loss_vfl_dn_3: 0.3053 (0.4362)  loss_vfl_dn_4: 0.3046 (0.4359)  loss_vfl_dn_5: 0.3074 (0.4358)  loss_vfl_dn_pre: 0.4016 (0.5276)  loss_vfl_enc_0: 0.4984 (0.6982)  loss_vfl_pre: 0.4399 (0.6473)  time: 0.5907  data: 0.0084  max mem: 17742
Epoch: [0/120]  [2000/2360]  eta: 0:03:46  lr: 0.000009  loss: 24.3355 (27.2111)  loss_bbox: 0.0699 (0.0854)  loss_bbox_aux_0: 0.0846 (0.0971)  loss_bbox_aux_1: 0.0705 (0.0872)  loss_bbox_aux_2: 0.0697 (0.0855)  loss_bbox_aux_3: 0.0697 (0.0854)  loss_bbox_aux_4: 0.0699 (0.0854)  loss_bbox_dn_0: 0.0861 (0.1209)  loss_bbox_dn_1: 0.0596 (0.0796)  loss_bbox_dn_2: 0.0583 (0.0746)  loss_bbox_dn_3: 0.0583 (0.0741)  loss_bbox_dn_4: 0.0583 (0.0739)  loss_bbox_dn_5: 0.0583 (0.0739)  loss_bbox_dn_pre: 0.0869 (0.1243)  loss_bbox_enc_0: 0.1221 (0.1575)  loss_bbox_pre: 0.0853 (0.0970)  loss_ddf_aux_0: 0.0230 (0.0417)  loss_ddf_aux_1: 0.0025 (0.0067)  loss_ddf_aux_2: 0.0001 (0.0011)  loss_ddf_aux_3: 0.0000 (0.0002)  loss_ddf_aux_4: 0.0000 (0.0000)  loss_ddf_dn_0: 0.3488 (0.3339)  loss_ddf_dn_1: 0.0480 (0.0534)  loss_ddf_dn_2: 0.0023 (0.0055)  loss_ddf_dn_3: 0.0000 (0.0004)  loss_ddf_dn_4: 0.0000 (0.0000)  loss_ddf_dn_5: 0.0000 (0.0000)  loss_fgl: 1.0307 (1.0674)  loss_fgl_aux_0: 1.0935 (1.1039)  loss_fgl_aux_1: 1.0439 (1.0713)  loss_fgl_aux_2: 1.0310 (1.0673)  loss_fgl_aux_3: 1.0306 (1.0674)  loss_fgl_aux_4: 1.0307 (1.0674)  loss_fgl_dn_0: 1.1346 (1.1618)  loss_fgl_dn_1: 1.0026 (1.0328)  loss_fgl_dn_2: 0.9956 (1.0222)  loss_fgl_dn_3: 0.9949 (1.0223)  loss_fgl_dn_4: 0.9949 (1.0225)  loss_fgl_dn_5: 0.9949 (1.0225)  loss_giou: 0.3016 (0.3382)  loss_giou_aux_0: 0.3223 (0.3587)  loss_giou_aux_1: 0.3071 (0.3411)  loss_giou_aux_2: 0.3014 (0.3381)  loss_giou_aux_3: 0.3012 (0.3382)  loss_giou_aux_4: 0.3016 (0.3382)  loss_giou_dn_0: 0.3191 (0.3739)  loss_giou_dn_1: 0.2430 (0.2702)  loss_giou_dn_2: 0.2376 (0.2621)  loss_giou_dn_3: 0.2378 (0.2615)  loss_giou_dn_4: 0.2377 (0.2612)  loss_giou_dn_5: 0.2377 (0.2612)  loss_giou_dn_pre: 0.3205 (0.3739)  loss_giou_enc_0: 0.4207 (0.5053)  loss_giou_pre: 0.3240 (0.3580)  loss_vfl: 0.3708 (0.5033)  loss_vfl_aux_0: 0.4171 (0.6360)  loss_vfl_aux_1: 0.3803 (0.5175)  loss_vfl_aux_2: 0.3672 (0.5104)  loss_vfl_aux_3: 0.3715 (0.5071)  loss_vfl_aux_4: 0.3739 (0.5096)  loss_vfl_dn_0: 0.3957 (0.5188)  loss_vfl_dn_1: 0.3160 (0.4089)  loss_vfl_dn_2: 0.3092 (0.4146)  loss_vfl_dn_3: 0.3072 (0.4293)  loss_vfl_dn_4: 0.3066 (0.4290)  loss_vfl_dn_5: 0.3066 (0.4289)  loss_vfl_dn_pre: 0.3966 (0.5209)  loss_vfl_enc_0: 0.4732 (0.6878)  loss_vfl_pre: 0.4220 (0.6361)  time: 0.5703  data: 0.0082  max mem: 17742
Epoch: [0/120]  [2100/2360]  eta: 0:02:43  lr: 0.000009  loss: 23.0599 (27.0399)  loss_bbox: 0.0656 (0.0846)  loss_bbox_aux_0: 0.0703 (0.0963)  loss_bbox_aux_1: 0.0673 (0.0864)  loss_bbox_aux_2: 0.0654 (0.0847)  loss_bbox_aux_3: 0.0656 (0.0845)  loss_bbox_aux_4: 0.0656 (0.0846)  loss_bbox_dn_0: 0.0922 (0.1194)  loss_bbox_dn_1: 0.0569 (0.0787)  loss_bbox_dn_2: 0.0534 (0.0738)  loss_bbox_dn_3: 0.0534 (0.0733)  loss_bbox_dn_4: 0.0533 (0.0731)  loss_bbox_dn_5: 0.0533 (0.0731)  loss_bbox_dn_pre: 0.0950 (0.1228)  loss_bbox_enc_0: 0.1165 (0.1566)  loss_bbox_pre: 0.0726 (0.0961)  loss_ddf_aux_0: 0.0276 (0.0411)  loss_ddf_aux_1: 0.0033 (0.0065)  loss_ddf_aux_2: 0.0001 (0.0010)  loss_ddf_aux_3: 0.0000 (0.0002)  loss_ddf_aux_4: 0.0000 (0.0000)  loss_ddf_dn_0: 0.2955 (0.3326)  loss_ddf_dn_1: 0.0424 (0.0528)  loss_ddf_dn_2: 0.0019 (0.0053)  loss_ddf_dn_3: 0.0000 (0.0003)  loss_ddf_dn_4: 0.0000 (0.0000)  loss_ddf_dn_5: 0.0000 (0.0000)  loss_fgl: 1.0431 (1.0658)  loss_fgl_aux_0: 1.0778 (1.1024)  loss_fgl_aux_1: 1.0469 (1.0698)  loss_fgl_aux_2: 1.0430 (1.0657)  loss_fgl_aux_3: 1.0432 (1.0658)  loss_fgl_aux_4: 1.0432 (1.0658)  loss_fgl_dn_0: 1.1307 (1.1606)  loss_fgl_dn_1: 1.0126 (1.0315)  loss_fgl_dn_2: 1.0086 (1.0210)  loss_fgl_dn_3: 1.0084 (1.0211)  loss_fgl_dn_4: 1.0085 (1.0212)  loss_fgl_dn_5: 1.0086 (1.0212)  loss_giou: 0.2849 (0.3365)  loss_giou_aux_0: 0.3094 (0.3568)  loss_giou_aux_1: 0.2847 (0.3394)  loss_giou_aux_2: 0.2859 (0.3365)  loss_giou_aux_3: 0.2849 (0.3365)  loss_giou_aux_4: 0.2849 (0.3365)  loss_giou_dn_0: 0.2995 (0.3711)  loss_giou_dn_1: 0.2209 (0.2686)  loss_giou_dn_2: 0.2166 (0.2606)  loss_giou_dn_3: 0.2172 (0.2600)  loss_giou_dn_4: 0.2174 (0.2598)  loss_giou_dn_5: 0.2174 (0.2598)  loss_giou_dn_pre: 0.3000 (0.3711)  loss_giou_enc_0: 0.3912 (0.5020)  loss_giou_pre: 0.3054 (0.3561)  loss_vfl: 0.3279 (0.4960)  loss_vfl_aux_0: 0.4067 (0.6254)  loss_vfl_aux_1: 0.3431 (0.5104)  loss_vfl_aux_2: 0.3444 (0.5030)  loss_vfl_aux_3: 0.3328 (0.4997)  loss_vfl_aux_4: 0.3302 (0.5020)  loss_vfl_dn_0: 0.3910 (0.5127)  loss_vfl_dn_1: 0.2970 (0.4040)  loss_vfl_dn_2: 0.2874 (0.4091)  loss_vfl_dn_3: 0.2878 (0.4230)  loss_vfl_dn_4: 0.2887 (0.4227)  loss_vfl_dn_5: 0.2890 (0.4226)  loss_vfl_dn_pre: 0.3915 (0.5148)  loss_vfl_enc_0: 0.4657 (0.6781)  loss_vfl_pre: 0.3993 (0.6254)  time: 0.5947  data: 0.0087  max mem: 17742
Epoch: [0/120]  [2200/2360]  eta: 0:01:40  lr: 0.000009  loss: 23.7034 (26.8803)  loss_bbox: 0.0498 (0.0837)  loss_bbox_aux_0: 0.0554 (0.0954)  loss_bbox_aux_1: 0.0524 (0.0856)  loss_bbox_aux_2: 0.0499 (0.0839)  loss_bbox_aux_3: 0.0498 (0.0837)  loss_bbox_aux_4: 0.0498 (0.0837)  loss_bbox_dn_0: 0.0658 (0.1179)  loss_bbox_dn_1: 0.0449 (0.0777)  loss_bbox_dn_2: 0.0420 (0.0729)  loss_bbox_dn_3: 0.0410 (0.0724)  loss_bbox_dn_4: 0.0410 (0.0722)  loss_bbox_dn_5: 0.0410 (0.0722)  loss_bbox_dn_pre: 0.0679 (0.1212)  loss_bbox_enc_0: 0.0820 (0.1553)  loss_bbox_pre: 0.0564 (0.0953)  loss_ddf_aux_0: 0.0225 (0.0406)  loss_ddf_aux_1: 0.0029 (0.0064)  loss_ddf_aux_2: 0.0001 (0.0010)  loss_ddf_aux_3: -0.0000 (0.0002)  loss_ddf_aux_4: 0.0000 (0.0000)  loss_ddf_dn_0: 0.3219 (0.3310)  loss_ddf_dn_1: 0.0441 (0.0523)  loss_ddf_dn_2: 0.0029 (0.0052)  loss_ddf_dn_3: 0.0001 (0.0003)  loss_ddf_dn_4: 0.0000 (0.0000)  loss_ddf_dn_5: 0.0000 (0.0000)  loss_fgl: 1.0504 (1.0647)  loss_fgl_aux_0: 1.0805 (1.1012)  loss_fgl_aux_1: 1.0524 (1.0686)  loss_fgl_aux_2: 1.0502 (1.0646)  loss_fgl_aux_3: 1.0508 (1.0647)  loss_fgl_aux_4: 1.0506 (1.0647)  loss_fgl_dn_0: 1.1396 (1.1595)  loss_fgl_dn_1: 1.0211 (1.0305)  loss_fgl_dn_2: 1.0158 (1.0201)  loss_fgl_dn_3: 1.0159 (1.0202)  loss_fgl_dn_4: 1.0160 (1.0203)  loss_fgl_dn_5: 1.0160 (1.0203)  loss_giou: 0.3034 (0.3348)  loss_giou_aux_0: 0.3111 (0.3548)  loss_giou_aux_1: 0.3043 (0.3377)  loss_giou_aux_2: 0.3036 (0.3347)  loss_giou_aux_3: 0.3033 (0.3347)  loss_giou_aux_4: 0.3034 (0.3348)  loss_giou_dn_0: 0.3248 (0.3686)  loss_giou_dn_1: 0.2462 (0.2671)  loss_giou_dn_2: 0.2419 (0.2593)  loss_giou_dn_3: 0.2417 (0.2587)  loss_giou_dn_4: 0.2416 (0.2585)  loss_giou_dn_5: 0.2415 (0.2585)  loss_giou_dn_pre: 0.3196 (0.3686)  loss_giou_enc_0: 0.4260 (0.4983)  loss_giou_pre: 0.3118 (0.3541)  loss_vfl: 0.3457 (0.4893)  loss_vfl_aux_0: 0.3958 (0.6155)  loss_vfl_aux_1: 0.3706 (0.5038)  loss_vfl_aux_2: 0.3560 (0.4961)  loss_vfl_aux_3: 0.3443 (0.4928)  loss_vfl_aux_4: 0.3447 (0.4950)  loss_vfl_dn_0: 0.3883 (0.5071)  loss_vfl_dn_1: 0.3062 (0.3995)  loss_vfl_dn_2: 0.3010 (0.4040)  loss_vfl_dn_3: 0.2986 (0.4172)  loss_vfl_dn_4: 0.2989 (0.4170)  loss_vfl_dn_5: 0.2989 (0.4169)  loss_vfl_dn_pre: 0.3914 (0.5092)  loss_vfl_enc_0: 0.4670 (0.6689)  loss_vfl_pre: 0.3945 (0.6154)  time: 0.5931  data: 0.0090  max mem: 17742
Epoch: [0/120]  [2300/2360]  eta: 0:00:37  lr: 0.000009  loss: 23.4459 (26.7494)  loss_bbox: 0.0603 (0.0832)  loss_bbox_aux_0: 0.0673 (0.0948)  loss_bbox_aux_1: 0.0620 (0.0850)  loss_bbox_aux_2: 0.0603 (0.0833)  loss_bbox_aux_3: 0.0603 (0.0832)  loss_bbox_aux_4: 0.0603 (0.0832)  loss_bbox_dn_0: 0.0818 (0.1168)  loss_bbox_dn_1: 0.0537 (0.0770)  loss_bbox_dn_2: 0.0482 (0.0723)  loss_bbox_dn_3: 0.0478 (0.0718)  loss_bbox_dn_4: 0.0477 (0.0716)  loss_bbox_dn_5: 0.0477 (0.0716)  loss_bbox_dn_pre: 0.0842 (0.1202)  loss_bbox_enc_0: 0.0997 (0.1542)  loss_bbox_pre: 0.0646 (0.0947)  loss_ddf_aux_0: 0.0252 (0.0401)  loss_ddf_aux_1: 0.0032 (0.0063)  loss_ddf_aux_2: 0.0002 (0.0009)  loss_ddf_aux_3: 0.0000 (0.0002)  loss_ddf_aux_4: 0.0000 (0.0000)  loss_ddf_dn_0: 0.2894 (0.3340)  loss_ddf_dn_1: 0.0450 (0.0528)  loss_ddf_dn_2: 0.0034 (0.0051)  loss_ddf_dn_3: 0.0000 (0.0003)  loss_ddf_dn_4: 0.0000 (0.0000)  loss_ddf_dn_5: 0.0000 (0.0000)  loss_fgl: 1.0476 (1.0636)  loss_fgl_aux_0: 1.0788 (1.1002)  loss_fgl_aux_1: 1.0525 (1.0676)  loss_fgl_aux_2: 1.0477 (1.0635)  loss_fgl_aux_3: 1.0472 (1.0636)  loss_fgl_aux_4: 1.0474 (1.0636)  loss_fgl_dn_0: 1.1371 (1.1586)  loss_fgl_dn_1: 0.9964 (1.0294)  loss_fgl_dn_2: 0.9841 (1.0190)  loss_fgl_dn_3: 0.9842 (1.0191)  loss_fgl_dn_4: 0.9844 (1.0192)  loss_fgl_dn_5: 0.9844 (1.0193)  loss_giou: 0.2853 (0.3333)  loss_giou_aux_0: 0.3052 (0.3533)  loss_giou_aux_1: 0.2903 (0.3362)  loss_giou_aux_2: 0.2839 (0.3333)  loss_giou_aux_3: 0.2854 (0.3333)  loss_giou_aux_4: 0.2854 (0.3333)  loss_giou_dn_0: 0.3040 (0.3663)  loss_giou_dn_1: 0.2306 (0.2658)  loss_giou_dn_2: 0.2247 (0.2581)  loss_giou_dn_3: 0.2256 (0.2575)  loss_giou_dn_4: 0.2257 (0.2573)  loss_giou_dn_5: 0.2257 (0.2573)  loss_giou_dn_pre: 0.3039 (0.3663)  loss_giou_enc_0: 0.3926 (0.4953)  loss_giou_pre: 0.3046 (0.3525)  loss_vfl: 0.3394 (0.4835)  loss_vfl_aux_0: 0.3645 (0.6072)  loss_vfl_aux_1: 0.3521 (0.4984)  loss_vfl_aux_2: 0.3411 (0.4905)  loss_vfl_aux_3: 0.3328 (0.4870)  loss_vfl_aux_4: 0.3332 (0.4889)  loss_vfl_dn_0: 0.3853 (0.5022)  loss_vfl_dn_1: 0.3010 (0.3954)  loss_vfl_dn_2: 0.2926 (0.3994)  loss_vfl_dn_3: 0.2913 (0.4121)  loss_vfl_dn_4: 0.2908 (0.4118)  loss_vfl_dn_5: 0.2907 (0.4117)  loss_vfl_dn_pre: 0.3886 (0.5042)  loss_vfl_enc_0: 0.4505 (0.6612)  loss_vfl_pre: 0.3620 (0.6071)  time: 0.6024  data: 0.0088  max mem: 17742
Epoch: [0/120]  [2359/2360]  eta: 0:00:00  lr: 0.000009  loss: 23.8603 (26.6751)  loss_bbox: 0.0708 (0.0829)  loss_bbox_aux_0: 0.0754 (0.0944)  loss_bbox_aux_1: 0.0723 (0.0847)  loss_bbox_aux_2: 0.0718 (0.0830)  loss_bbox_aux_3: 0.0708 (0.0829)  loss_bbox_aux_4: 0.0708 (0.0829)  loss_bbox_dn_0: 0.0848 (0.1162)  loss_bbox_dn_1: 0.0598 (0.0767)  loss_bbox_dn_2: 0.0554 (0.0720)  loss_bbox_dn_3: 0.0549 (0.0715)  loss_bbox_dn_4: 0.0550 (0.0713)  loss_bbox_dn_5: 0.0550 (0.0713)  loss_bbox_dn_pre: 0.0904 (0.1195)  loss_bbox_enc_0: 0.1092 (0.1535)  loss_bbox_pre: 0.0710 (0.0943)  loss_ddf_aux_0: 0.0357 (0.0399)  loss_ddf_aux_1: 0.0045 (0.0062)  loss_ddf_aux_2: 0.0003 (0.0009)  loss_ddf_aux_3: 0.0000 (0.0002)  loss_ddf_aux_4: 0.0000 (0.0000)  loss_ddf_dn_0: 0.3431 (0.3332)  loss_ddf_dn_1: 0.0631 (0.0527)  loss_ddf_dn_2: 0.0080 (0.0051)  loss_ddf_dn_3: 0.0001 (0.0003)  loss_ddf_dn_4: 0.0000 (0.0000)  loss_ddf_dn_5: 0.0000 (0.0000)  loss_fgl: 1.0305 (1.0630)  loss_fgl_aux_0: 1.0620 (1.0995)  loss_fgl_aux_1: 1.0348 (1.0670)  loss_fgl_aux_2: 1.0303 (1.0629)  loss_fgl_aux_3: 1.0305 (1.0630)  loss_fgl_aux_4: 1.0305 (1.0630)  loss_fgl_dn_0: 1.1283 (1.1580)  loss_fgl_dn_1: 0.9969 (1.0288)  loss_fgl_dn_2: 0.9893 (1.0184)  loss_fgl_dn_3: 0.9898 (1.0185)  loss_fgl_dn_4: 0.9899 (1.0187)  loss_fgl_dn_5: 0.9900 (1.0187)  loss_giou: 0.2954 (0.3328)  loss_giou_aux_0: 0.3003 (0.3526)  loss_giou_aux_1: 0.2934 (0.3357)  loss_giou_aux_2: 0.2956 (0.3327)  loss_giou_aux_3: 0.2955 (0.3328)  loss_giou_aux_4: 0.2955 (0.3328)  loss_giou_dn_0: 0.3229 (0.3652)  loss_giou_dn_1: 0.2402 (0.2652)  loss_giou_dn_2: 0.2357 (0.2575)  loss_giou_dn_3: 0.2351 (0.2570)  loss_giou_dn_4: 0.2352 (0.2568)  loss_giou_dn_5: 0.2352 (0.2568)  loss_giou_dn_pre: 0.3212 (0.3652)  loss_giou_enc_0: 0.4001 (0.4935)  loss_giou_pre: 0.3018 (0.3519)  loss_vfl: 0.3322 (0.4803)  loss_vfl_aux_0: 0.3962 (0.6026)  loss_vfl_aux_1: 0.3476 (0.4954)  loss_vfl_aux_2: 0.3380 (0.4872)  loss_vfl_aux_3: 0.3334 (0.4836)  loss_vfl_aux_4: 0.3317 (0.4855)  loss_vfl_dn_0: 0.3912 (0.4995)  loss_vfl_dn_1: 0.3067 (0.3932)  loss_vfl_dn_2: 0.3013 (0.3969)  loss_vfl_dn_3: 0.2999 (0.4092)  loss_vfl_dn_4: 0.3002 (0.4089)  loss_vfl_dn_5: 0.3002 (0.4089)  loss_vfl_dn_pre: 0.3922 (0.5014)  loss_vfl_enc_0: 0.4501 (0.6565)  loss_vfl_pre: 0.3932 (0.6024)  time: 0.5587  data: 0.0083  max mem: 17742
Epoch: [0/120] Total time: 0:24:33 (0.6244 s / it)
Averaged stats: lr: 0.000009  loss: 23.8603 (26.6751)  loss_bbox: 0.0708 (0.0829)  loss_bbox_aux_0: 0.0754 (0.0944)  loss_bbox_aux_1: 0.0723 (0.0847)  loss_bbox_aux_2: 0.0718 (0.0830)  loss_bbox_aux_3: 0.0708 (0.0829)  loss_bbox_aux_4: 0.0708 (0.0829)  loss_bbox_dn_0: 0.0848 (0.1162)  loss_bbox_dn_1: 0.0598 (0.0767)  loss_bbox_dn_2: 0.0554 (0.0720)  loss_bbox_dn_3: 0.0549 (0.0715)  loss_bbox_dn_4: 0.0550 (0.0713)  loss_bbox_dn_5: 0.0550 (0.0713)  loss_bbox_dn_pre: 0.0904 (0.1195)  loss_bbox_enc_0: 0.1092 (0.1535)  loss_bbox_pre: 0.0710 (0.0943)  loss_ddf_aux_0: 0.0357 (0.0399)  loss_ddf_aux_1: 0.0045 (0.0062)  loss_ddf_aux_2: 0.0003 (0.0009)  loss_ddf_aux_3: 0.0000 (0.0002)  loss_ddf_aux_4: 0.0000 (0.0000)  loss_ddf_dn_0: 0.3431 (0.3332)  loss_ddf_dn_1: 0.0631 (0.0527)  loss_ddf_dn_2: 0.0080 (0.0051)  loss_ddf_dn_3: 0.0001 (0.0003)  loss_ddf_dn_4: 0.0000 (0.0000)  loss_ddf_dn_5: 0.0000 (0.0000)  loss_fgl: 1.0305 (1.0630)  loss_fgl_aux_0: 1.0620 (1.0995)  loss_fgl_aux_1: 1.0348 (1.0670)  loss_fgl_aux_2: 1.0303 (1.0629)  loss_fgl_aux_3: 1.0305 (1.0630)  loss_fgl_aux_4: 1.0305 (1.0630)  loss_fgl_dn_0: 1.1283 (1.1580)  loss_fgl_dn_1: 0.9969 (1.0288)  loss_fgl_dn_2: 0.9893 (1.0184)  loss_fgl_dn_3: 0.9898 (1.0185)  loss_fgl_dn_4: 0.9899 (1.0187)  loss_fgl_dn_5: 0.9900 (1.0187)  loss_giou: 0.2954 (0.3328)  loss_giou_aux_0: 0.3003 (0.3526)  loss_giou_aux_1: 0.2934 (0.3357)  loss_giou_aux_2: 0.2956 (0.3327)  loss_giou_aux_3: 0.2955 (0.3328)  loss_giou_aux_4: 0.2955 (0.3328)  loss_giou_dn_0: 0.3229 (0.3652)  loss_giou_dn_1: 0.2402 (0.2652)  loss_giou_dn_2: 0.2357 (0.2575)  loss_giou_dn_3: 0.2351 (0.2570)  loss_giou_dn_4: 0.2352 (0.2568)  loss_giou_dn_5: 0.2352 (0.2568)  loss_giou_dn_pre: 0.3212 (0.3652)  loss_giou_enc_0: 0.4001 (0.4935)  loss_giou_pre: 0.3018 (0.3519)  loss_vfl: 0.3322 (0.4803)  loss_vfl_aux_0: 0.3962 (0.6026)  loss_vfl_aux_1: 0.3476 (0.4954)  loss_vfl_aux_2: 0.3380 (0.4872)  loss_vfl_aux_3: 0.3334 (0.4836)  loss_vfl_aux_4: 0.3317 (0.4855)  loss_vfl_dn_0: 0.3912 (0.4995)  loss_vfl_dn_1: 0.3067 (0.3932)  loss_vfl_dn_2: 0.3013 (0.3969)  loss_vfl_dn_3: 0.2999 (0.4092)  loss_vfl_dn_4: 0.3002 (0.4089)  loss_vfl_dn_5: 0.3002 (0.4089)  loss_vfl_dn_pre: 0.3922 (0.5014)  loss_vfl_enc_0: 0.4501 (0.6565)  loss_vfl_pre: 0.3932 (0.6024)
Test:  [  0/109]  eta: 0:03:21    time: 1.8528  data: 0.7604  max mem: 17742
Test:  [ 10/109]  eta: 0:00:31    time: 0.3152  data: 0.0791  max mem: 17742
Test:  [ 20/109]  eta: 0:00:24    time: 0.1940  data: 0.0110  max mem: 17742
Test:  [ 30/109]  eta: 0:00:18    time: 0.1988  data: 0.0111  max mem: 17742
Test:  [ 40/109]  eta: 0:00:16    time: 0.1951  data: 0.0109  max mem: 17742
Test:  [ 50/109]  eta: 0:00:13    time: 0.2253  data: 0.0110  max mem: 17742
Test:  [ 60/109]  eta: 0:00:10    time: 0.2030  data: 0.0113  max mem: 17742
Test:  [ 70/109]  eta: 0:00:08    time: 0.2011  data: 0.0112  max mem: 17742
Test:  [ 80/109]  eta: 0:00:06    time: 0.2055  data: 0.0117  max mem: 17742
Test:  [ 90/109]  eta: 0:00:04    time: 0.1899  data: 0.0112  max mem: 17742
Test:  [100/109]  eta: 0:00:01    time: 0.1757  data: 0.0092  max mem: 17742
Test:  [108/109]  eta: 0:00:00    time: 0.1398  data: 0.0077  max mem: 17742
Test: Total time: 0:00:22 (0.2053 s / it)
Metrics: {'f1': 0.9202813599062134, 'precision': 0.9389952153110048, 'recall': 0.9022988505747126, 'iou': 0.7019180128033334, 'TPs': 785, 'FPs': 51, 'FNs': 85}
Averaged stats: 
Accumulating evaluation results...
COCOeval_opt.accumulate() finished...
DONE (t=0.31s).
IoU metric: bbox
 Average Precision  (AP) @[ IoU=0.50:0.95 | area=   all | maxDets=100 ] = 0.602
 Average Precision  (AP) @[ IoU=0.50      | area=   all | maxDets=100 ] = 0.932
 Average Precision  (AP) @[ IoU=0.75      | area=   all | maxDets=100 ] = 0.672
 Average Precision  (AP) @[ IoU=0.50:0.95 | area= small | maxDets=100 ] = 0.516
 Average Precision  (AP) @[ IoU=0.50:0.95 | area=medium | maxDets=100 ] = 0.700
 Average Precision  (AP) @[ IoU=0.50:0.95 | area= large | maxDets=100 ] = 0.705
 Average Recall     (AR) @[ IoU=0.50:0.95 | area=   all | maxDets=  1 ] = 0.621
 Average Recall     (AR) @[ IoU=0.50:0.95 | area=   all | maxDets= 10 ] = 0.651
 Average Recall     (AR) @[ IoU=0.50:0.95 | area=   all | maxDets=100 ] = 0.686
 Average Recall     (AR) @[ IoU=0.50:0.95 | area= small | maxDets=100 ] = 0.604
 Average Recall     (AR) @[ IoU=0.50:0.95 | area=medium | maxDets=100 ] = 0.757
 Average Recall     (AR) @[ IoU=0.50:0.95 | area= large | maxDets=100 ] = 0.843
 Average Recall     (AR) @[ IoU=0.50      | area=   all | maxDets=100 ] = 0.968
 Average Recall     (AR) @[ IoU=0.75      | area=   all | maxDets=100 ] = 0.786
best_stat: {'epoch': 0, 'coco_eval_bbox': 0.6017155786965245}
Epoch: [1/120]  [   0/2360]  eta: 2:15:46  lr: 0.000009  loss: 22.8120 (22.8120)  loss_bbox: 0.0472 (0.0472)  loss_bbox_aux_0: 0.0518 (0.0518)  loss_bbox_aux_1: 0.0492 (0.0492)  loss_bbox_aux_2: 0.0472 (0.0472)  loss_bbox_aux_3: 0.0472 (0.0472)  loss_bbox_aux_4: 0.0472 (0.0472)  loss_bbox_dn_0: 0.0653 (0.0653)  loss_bbox_dn_1: 0.0415 (0.0415)  loss_bbox_dn_2: 0.0386 (0.0386)  loss_bbox_dn_3: 0.0386 (0.0386)  loss_bbox_dn_4: 0.0386 (0.0386)  loss_bbox_dn_5: 0.0386 (0.0386)  loss_bbox_dn_pre: 0.0625 (0.0625)  loss_bbox_enc_0: 0.0762 (0.0762)  loss_bbox_pre: 0.0527 (0.0527)  loss_ddf_aux_0: 0.0360 (0.0360)  loss_ddf_aux_1: 0.0052 (0.0052)  loss_ddf_aux_2: 0.0003 (0.0003)  loss_ddf_aux_3: 0.0000 (0.0000)  loss_ddf_aux_4: -0.0000 (-0.0000)  loss_ddf_dn_0: 0.2881 (0.2881)  loss_ddf_dn_1: 0.0487 (0.0487)  loss_ddf_dn_2: 0.0076 (0.0076)  loss_ddf_dn_3: 0.0001 (0.0001)  loss_ddf_dn_4: 0.0000 (0.0000)  loss_ddf_dn_5: 0.0000 (0.0000)  loss_fgl: 1.0291 (1.0291)  loss_fgl_aux_0: 1.0632 (1.0632)  loss_fgl_aux_1: 1.0334 (1.0334)  loss_fgl_aux_2: 1.0297 (1.0297)  loss_fgl_aux_3: 1.0294 (1.0294)  loss_fgl_aux_4: 1.0292 (1.0292)  loss_fgl_dn_0: 1.1264 (1.1264)  loss_fgl_dn_1: 1.0050 (1.0050)  loss_fgl_dn_2: 0.9947 (0.9947)  loss_fgl_dn_3: 0.9946 (0.9946)  loss_fgl_dn_4: 0.9945 (0.9945)  loss_fgl_dn_5: 0.9944 (0.9944)  loss_giou: 0.3128 (0.3128)  loss_giou_aux_0: 0.3269 (0.3269)  loss_giou_aux_1: 0.3196 (0.3196)  loss_giou_aux_2: 0.3118 (0.3118)  loss_giou_aux_3: 0.3129 (0.3129)  loss_giou_aux_4: 0.3128 (0.3128)  loss_giou_dn_0: 0.3147 (0.3147)  loss_giou_dn_1: 0.2358 (0.2358)  loss_giou_dn_2: 0.2269 (0.2269)  loss_giou_dn_3: 0.2268 (0.2268)  loss_giou_dn_4: 0.2268 (0.2268)  loss_giou_dn_5: 0.2267 (0.2267)  loss_giou_dn_pre: 0.3128 (0.3128)  loss_giou_enc_0: 0.4089 (0.4089)  loss_giou_pre: 0.3265 (0.3265)  loss_vfl: 0.3195 (0.3195)  loss_vfl_aux_0: 0.3626 (0.3626)  loss_vfl_aux_1: 0.3312 (0.3312)  loss_vfl_aux_2: 0.3206 (0.3206)  loss_vfl_aux_3: 0.3134 (0.3134)  loss_vfl_aux_4: 0.3160 (0.3160)  loss_vfl_dn_0: 0.3838 (0.3838)  loss_vfl_dn_1: 0.2970 (0.2970)  loss_vfl_dn_2: 0.2883 (0.2883)  loss_vfl_dn_3: 0.2883 (0.2883)  loss_vfl_dn_4: 0.2888 (0.2888)  loss_vfl_dn_5: 0.2895 (0.2895)  loss_vfl_dn_pre: 0.3848 (0.3848)  loss_vfl_enc_0: 0.4127 (0.4127)  loss_vfl_pre: 0.3608 (0.3608)  time: 3.4521  data: 1.1550  max mem: 17742
Epoch: [1/120]  [ 100/2360]  eta: 0:23:47  lr: 0.000009  loss: 23.7463 (23.9648)  loss_bbox: 0.0515 (0.0716)  loss_bbox_aux_0: 0.0548 (0.0795)  loss_bbox_aux_1: 0.0532 (0.0731)  loss_bbox_aux_2: 0.0517 (0.0718)  loss_bbox_aux_3: 0.0515 (0.0716)  loss_bbox_aux_4: 0.0515 (0.0716)  loss_bbox_dn_0: 0.0615 (0.0900)  loss_bbox_dn_1: 0.0442 (0.0620)  loss_bbox_dn_2: 0.0415 (0.0592)  loss_bbox_dn_3: 0.0416 (0.0589)  loss_bbox_dn_4: 0.0416 (0.0588)  loss_bbox_dn_5: 0.0416 (0.0588)  loss_bbox_dn_pre: 0.0623 (0.0930)  loss_bbox_enc_0: 0.0804 (0.1208)  loss_bbox_pre: 0.0554 (0.0795)  loss_ddf_aux_0: 0.0241 (0.0342)  loss_ddf_aux_1: 0.0030 (0.0044)  loss_ddf_aux_2: 0.0001 (0.0003)  loss_ddf_aux_3: 0.0000 (0.0000)  loss_ddf_aux_4: 0.0000 (0.0000)  loss_ddf_dn_0: 0.2875 (0.3750)  loss_ddf_dn_1: 0.0418 (0.0588)  loss_ddf_dn_2: 0.0024 (0.0046)  loss_ddf_dn_3: 0.0001 (0.0001)  loss_ddf_dn_4: 0.0000 (0.0000)  loss_ddf_dn_5: 0.0000 (0.0000)  loss_fgl: 1.0599 (1.0469)  loss_fgl_aux_0: 1.0834 (1.0785)  loss_fgl_aux_1: 1.0594 (1.0502)  loss_fgl_aux_2: 1.0598 (1.0469)  loss_fgl_aux_3: 1.0598 (1.0469)  loss_fgl_aux_4: 1.0598 (1.0469)  loss_fgl_dn_0: 1.1357 (1.1366)  loss_fgl_dn_1: 1.0196 (1.0095)  loss_fgl_dn_2: 1.0099 (1.0016)  loss_fgl_dn_3: 1.0100 (1.0017)  loss_fgl_dn_4: 1.0100 (1.0018)  loss_fgl_dn_5: 1.0100 (1.0018)  loss_giou: 0.3245 (0.3111)  loss_giou_aux_0: 0.3324 (0.3253)  loss_giou_aux_1: 0.3288 (0.3131)  loss_giou_aux_2: 0.3245 (0.3112)  loss_giou_aux_3: 0.3243 (0.3111)  loss_giou_aux_4: 0.3243 (0.3111)  loss_giou_dn_0: 0.3230 (0.3185)  loss_giou_dn_1: 0.2457 (0.2408)  loss_giou_dn_2: 0.2418 (0.2364)  loss_giou_dn_3: 0.2420 (0.2362)  loss_giou_dn_4: 0.2420 (0.2362)  loss_giou_dn_5: 0.2420 (0.2362)  loss_giou_dn_pre: 0.3203 (0.3183)  loss_giou_enc_0: 0.4356 (0.4289)  loss_giou_pre: 0.3291 (0.3251)  loss_vfl: 0.3557 (0.3548)  loss_vfl_aux_0: 0.4058 (0.4330)  loss_vfl_aux_1: 0.3722 (0.3763)  loss_vfl_aux_2: 0.3533 (0.3613)  loss_vfl_aux_3: 0.3483 (0.3558)  loss_vfl_aux_4: 0.3511 (0.3556)  loss_vfl_dn_0: 0.3934 (0.3909)  loss_vfl_dn_1: 0.3136 (0.3067)  loss_vfl_dn_2: 0.3061 (0.3005)  loss_vfl_dn_3: 0.3059 (0.2996)  loss_vfl_dn_4: 0.3061 (0.2995)  loss_vfl_dn_5: 0.3073 (0.3000)  loss_vfl_dn_pre: 0.3940 (0.3913)  loss_vfl_enc_0: 0.4521 (0.4836)  loss_vfl_pre: 0.4022 (0.4295)  time: 0.6030  data: 0.0090  max mem: 17742
Epoch: [1/120]  [ 200/2360]  eta: 0:22:05  lr: 0.000009  loss: 23.4227 (23.8549)  loss_bbox: 0.0776 (0.0745)  loss_bbox_aux_0: 0.0866 (0.0832)  loss_bbox_aux_1: 0.0806 (0.0762)  loss_bbox_aux_2: 0.0777 (0.0746)  loss_bbox_aux_3: 0.0777 (0.0745)  loss_bbox_aux_4: 0.0776 (0.0745)  loss_bbox_dn_0: 0.0892 (0.0918)  loss_bbox_dn_1: 0.0647 (0.0631)  loss_bbox_dn_2: 0.0561 (0.0602)  loss_bbox_dn_3: 0.0562 (0.0599)  loss_bbox_dn_4: 0.0561 (0.0599)  loss_bbox_dn_5: 0.0561 (0.0599)  loss_bbox_dn_pre: 0.1012 (0.0952)  loss_bbox_enc_0: 0.1502 (0.1307)  loss_bbox_pre: 0.0862 (0.0833)  loss_ddf_aux_0: 0.0278 (0.0317)  loss_ddf_aux_1: 0.0036 (0.0039)  loss_ddf_aux_2: 0.0002 (0.0002)  loss_ddf_aux_3: 0.0000 (0.0000)  loss_ddf_aux_4: 0.0000 (0.0000)  loss_ddf_dn_0: 0.3039 (0.3419)  loss_ddf_dn_1: 0.0431 (0.0527)  loss_ddf_dn_2: 0.0028 (0.0039)  loss_ddf_dn_3: 0.0001 (0.0001)  loss_ddf_dn_4: 0.0000 (0.0000)  loss_ddf_dn_5: 0.0000 (0.0000)  loss_fgl: 1.0248 (1.0363)  loss_fgl_aux_0: 1.0565 (1.0697)  loss_fgl_aux_1: 1.0396 (1.0399)  loss_fgl_aux_2: 1.0249 (1.0363)  loss_fgl_aux_3: 1.0249 (1.0363)  loss_fgl_aux_4: 1.0248 (1.0363)  loss_fgl_dn_0: 1.1426 (1.1345)  loss_fgl_dn_1: 1.0115 (1.0051)  loss_fgl_dn_2: 1.0013 (0.9967)  loss_fgl_dn_3: 1.0010 (0.9968)  loss_fgl_dn_4: 1.0011 (0.9969)  loss_fgl_dn_5: 1.0011 (0.9969)  loss_giou: 0.2984 (0.3132)  loss_giou_aux_0: 0.3076 (0.3284)  loss_giou_aux_1: 0.3020 (0.3154)  loss_giou_aux_2: 0.2972 (0.3132)  loss_giou_aux_3: 0.2983 (0.3132)  loss_giou_aux_4: 0.2984 (0.3132)  loss_giou_dn_0: 0.3175 (0.3195)  loss_giou_dn_1: 0.2271 (0.2396)  loss_giou_dn_2: 0.2236 (0.2350)  loss_giou_dn_3: 0.2235 (0.2348)  loss_giou_dn_4: 0.2235 (0.2348)  loss_giou_dn_5: 0.2235 (0.2348)  loss_giou_dn_pre: 0.3168 (0.3195)  loss_giou_enc_0: 0.3951 (0.4347)  loss_giou_pre: 0.3080 (0.3280)  loss_vfl: 0.3143 (0.3480)  loss_vfl_aux_0: 0.4162 (0.4292)  loss_vfl_aux_1: 0.3525 (0.3744)  loss_vfl_aux_2: 0.3260 (0.3567)  loss_vfl_aux_3: 0.3193 (0.3493)  loss_vfl_aux_4: 0.3144 (0.3481)  loss_vfl_dn_0: 0.3931 (0.3912)  loss_vfl_dn_1: 0.2991 (0.3056)  loss_vfl_dn_2: 0.2924 (0.2991)  loss_vfl_dn_3: 0.2913 (0.2980)  loss_vfl_dn_4: 0.2912 (0.2980)  loss_vfl_dn_5: 0.2910 (0.2986)  loss_vfl_dn_pre: 0.3938 (0.3917)  loss_vfl_enc_0: 0.4796 (0.4868)  loss_vfl_pre: 0.4118 (0.4255)  time: 0.5938  data: 0.0085  max mem: 17742
Epoch: [1/120]  [ 300/2360]  eta: 0:20:53  lr: 0.000009  loss: 23.9123 (23.8168)  loss_bbox: 0.0599 (0.0722)  loss_bbox_aux_0: 0.0705 (0.0809)  loss_bbox_aux_1: 0.0636 (0.0739)  loss_bbox_aux_2: 0.0599 (0.0724)  loss_bbox_aux_3: 0.0599 (0.0722)  loss_bbox_aux_4: 0.0599 (0.0722)  loss_bbox_dn_0: 0.0832 (0.0902)  loss_bbox_dn_1: 0.0514 (0.0616)  loss_bbox_dn_2: 0.0476 (0.0586)  loss_bbox_dn_3: 0.0474 (0.0584)  loss_bbox_dn_4: 0.0473 (0.0584)  loss_bbox_dn_5: 0.0473 (0.0584)  loss_bbox_dn_pre: 0.0903 (0.0936)  loss_bbox_enc_0: 0.1155 (0.1282)  loss_bbox_pre: 0.0681 (0.0810)  loss_ddf_aux_0: 0.0302 (0.0315)  loss_ddf_aux_1: 0.0037 (0.0040)  loss_ddf_aux_2: 0.0002 (0.0002)  loss_ddf_aux_3: -0.0000 (0.0000)  loss_ddf_aux_4: 0.0000 (0.0000)  loss_ddf_dn_0: 0.5612 (0.3683)  loss_ddf_dn_1: 0.0501 (0.0530)  loss_ddf_dn_2: 0.0019 (0.0040)  loss_ddf_dn_3: 0.0000 (0.0001)  loss_ddf_dn_4: 0.0000 (0.0000)  loss_ddf_dn_5: 0.0000 (0.0000)  loss_fgl: 1.0199 (1.0375)  loss_fgl_aux_0: 1.0693 (1.0721)  loss_fgl_aux_1: 1.0302 (1.0411)  loss_fgl_aux_2: 1.0210 (1.0375)  loss_fgl_aux_3: 1.0197 (1.0375)  loss_fgl_aux_4: 1.0198 (1.0375)  loss_fgl_dn_0: 1.1312 (1.1354)  loss_fgl_dn_1: 1.0050 (1.0056)  loss_fgl_dn_2: 1.0009 (0.9970)  loss_fgl_dn_3: 1.0007 (0.9971)  loss_fgl_dn_4: 1.0007 (0.9971)  loss_fgl_dn_5: 1.0007 (0.9971)  loss_giou: 0.2883 (0.3093)  loss_giou_aux_0: 0.3023 (0.3243)  loss_giou_aux_1: 0.2941 (0.3116)  loss_giou_aux_2: 0.2887 (0.3093)  loss_giou_aux_3: 0.2884 (0.3093)  loss_giou_aux_4: 0.2883 (0.3093)  loss_giou_dn_0: 0.3229 (0.3192)  loss_giou_dn_1: 0.2381 (0.2392)  loss_giou_dn_2: 0.2327 (0.2344)  loss_giou_dn_3: 0.2311 (0.2342)  loss_giou_dn_4: 0.2309 (0.2342)  loss_giou_dn_5: 0.2309 (0.2342)  loss_giou_dn_pre: 0.3189 (0.3191)  loss_giou_enc_0: 0.4153 (0.4315)  loss_giou_pre: 0.3062 (0.3239)  loss_vfl: 0.3357 (0.3479)  loss_vfl_aux_0: 0.4219 (0.4266)  loss_vfl_aux_1: 0.3649 (0.3733)  loss_vfl_aux_2: 0.3442 (0.3554)  loss_vfl_aux_3: 0.3378 (0.3488)  loss_vfl_aux_4: 0.3337 (0.3473)  loss_vfl_dn_0: 0.3888 (0.3908)  loss_vfl_dn_1: 0.3030 (0.3056)  loss_vfl_dn_2: 0.2984 (0.2990)  loss_vfl_dn_3: 0.2986 (0.2979)  loss_vfl_dn_4: 0.2973 (0.2978)  loss_vfl_dn_5: 0.2979 (0.2983)  loss_vfl_dn_pre: 0.3904 (0.3913)  loss_vfl_enc_0: 0.4841 (0.4846)  loss_vfl_pre: 0.4150 (0.4235)  time: 0.5953  data: 0.0084  max mem: 17742
Epoch: [1/120]  [ 400/2360]  eta: 0:19:45  lr: 0.000009  loss: 23.4617 (23.7821)  loss_bbox: 0.0532 (0.0733)  loss_bbox_aux_0: 0.0676 (0.0822)  loss_bbox_aux_1: 0.0575 (0.0750)  loss_bbox_aux_2: 0.0537 (0.0735)  loss_bbox_aux_3: 0.0532 (0.0733)  loss_bbox_aux_4: 0.0532 (0.0733)  loss_bbox_dn_0: 0.0783 (0.0909)  loss_bbox_dn_1: 0.0483 (0.0622)  loss_bbox_dn_2: 0.0469 (0.0591)  loss_bbox_dn_3: 0.0470 (0.0589)  loss_bbox_dn_4: 0.0471 (0.0589)  loss_bbox_dn_5: 0.0471 (0.0589)  loss_bbox_dn_pre: 0.0836 (0.0942)  loss_bbox_enc_0: 0.1082 (0.1315)  loss_bbox_pre: 0.0676 (0.0822)  loss_ddf_aux_0: 0.0246 (0.0317)  loss_ddf_aux_1: 0.0037 (0.0040)  loss_ddf_aux_2: 0.0002 (0.0002)  loss_ddf_aux_3: 0.0000 (0.0000)  loss_ddf_aux_4: 0.0000 (0.0000)  loss_ddf_dn_0: 0.5144 (0.3882)  loss_ddf_dn_1: 0.0797 (0.0530)  loss_ddf_dn_2: 0.0041 (0.0038)  loss_ddf_dn_3: 0.0001 (0.0001)  loss_ddf_dn_4: 0.0000 (0.0000)  loss_ddf_dn_5: 0.0000 (0.0000)  loss_fgl: 1.0092 (1.0350)  loss_fgl_aux_0: 1.0533 (1.0704)  loss_fgl_aux_1: 1.0114 (1.0389)  loss_fgl_aux_2: 1.0090 (1.0350)  loss_fgl_aux_3: 1.0092 (1.0350)  loss_fgl_aux_4: 1.0092 (1.0350)  loss_fgl_dn_0: 1.1170 (1.1343)  loss_fgl_dn_1: 0.9688 (1.0042)  loss_fgl_dn_2: 0.9588 (0.9953)  loss_fgl_dn_3: 0.9586 (0.9953)  loss_fgl_dn_4: 0.9586 (0.9954)  loss_fgl_dn_5: 0.9587 (0.9954)  loss_giou: 0.2582 (0.3063)  loss_giou_aux_0: 0.2955 (0.3210)  loss_giou_aux_1: 0.2670 (0.3087)  loss_giou_aux_2: 0.2597 (0.3063)  loss_giou_aux_3: 0.2581 (0.3063)  loss_giou_aux_4: 0.2581 (0.3063)  loss_giou_dn_0: 0.3120 (0.3178)  loss_giou_dn_1: 0.2337 (0.2380)  loss_giou_dn_2: 0.2288 (0.2330)  loss_giou_dn_3: 0.2290 (0.2328)  loss_giou_dn_4: 0.2291 (0.2328)  loss_giou_dn_5: 0.2290 (0.2328)  loss_giou_dn_pre: 0.3173 (0.3177)  loss_giou_enc_0: 0.3923 (0.4269)  loss_giou_pre: 0.3007 (0.3205)  loss_vfl: 0.3346 (0.3478)  loss_vfl_aux_0: 0.3928 (0.4243)  loss_vfl_aux_1: 0.3507 (0.3711)  loss_vfl_aux_2: 0.3383 (0.3550)  loss_vfl_aux_3: 0.3326 (0.3485)  loss_vfl_aux_4: 0.3380 (0.3473)  loss_vfl_dn_0: 0.3909 (0.3904)  loss_vfl_dn_1: 0.3013 (0.3054)  loss_vfl_dn_2: 0.2922 (0.2985)  loss_vfl_dn_3: 0.2891 (0.2973)  loss_vfl_dn_4: 0.2892 (0.2972)  loss_vfl_dn_5: 0.2893 (0.2976)  loss_vfl_dn_pre: 0.3906 (0.3912)  loss_vfl_enc_0: 0.4593 (0.4842)  loss_vfl_pre: 0.3907 (0.4215)  time: 0.5949  data: 0.0084  max mem: 17742
Epoch: [1/120]  [ 500/2360]  eta: 0:18:47  lr: 0.000009  loss: 23.0701 (23.7016)  loss_bbox: 0.0580 (0.0731)  loss_bbox_aux_0: 0.0725 (0.0821)  loss_bbox_aux_1: 0.0583 (0.0747)  loss_bbox_aux_2: 0.0581 (0.0732)  loss_bbox_aux_3: 0.0581 (0.0731)  loss_bbox_aux_4: 0.0580 (0.0731)  loss_bbox_dn_0: 0.0857 (0.0906)  loss_bbox_dn_1: 0.0540 (0.0622)  loss_bbox_dn_2: 0.0516 (0.0592)  loss_bbox_dn_3: 0.0512 (0.0590)  loss_bbox_dn_4: 0.0512 (0.0590)  loss_bbox_dn_5: 0.0512 (0.0590)  loss_bbox_dn_pre: 0.0959 (0.0940)  loss_bbox_enc_0: 0.1177 (0.1304)  loss_bbox_pre: 0.0719 (0.0822)  loss_ddf_aux_0: 0.0273 (0.0310)  loss_ddf_aux_1: 0.0029 (0.0040)  loss_ddf_aux_2: 0.0001 (0.0002)  loss_ddf_aux_3: 0.0000 (0.0000)  loss_ddf_aux_4: 0.0000 (0.0000)  loss_ddf_dn_0: 0.4989 (0.4145)  loss_ddf_dn_1: 0.0464 (0.0561)  loss_ddf_dn_2: 0.0015 (0.0035)  loss_ddf_dn_3: 0.0000 (0.0001)  loss_ddf_dn_4: 0.0000 (0.0000)  loss_ddf_dn_5: 0.0000 (0.0000)  loss_fgl: 1.0141 (1.0342)  loss_fgl_aux_0: 1.0406 (1.0694)  loss_fgl_aux_1: 1.0131 (1.0379)  loss_fgl_aux_2: 1.0130 (1.0343)  loss_fgl_aux_3: 1.0141 (1.0342)  loss_fgl_aux_4: 1.0140 (1.0342)  loss_fgl_dn_0: 1.1061 (1.1325)  loss_fgl_dn_1: 0.9724 (1.0019)  loss_fgl_dn_2: 0.9602 (0.9931)  loss_fgl_dn_3: 0.9600 (0.9932)  loss_fgl_dn_4: 0.9599 (0.9932)  loss_fgl_dn_5: 0.9599 (0.9932)  loss_giou: 0.2920 (0.3017)  loss_giou_aux_0: 0.3070 (0.3166)  loss_giou_aux_1: 0.3011 (0.3040)  loss_giou_aux_2: 0.2922 (0.3017)  loss_giou_aux_3: 0.2920 (0.3017)  loss_giou_aux_4: 0.2920 (0.3017)  loss_giou_dn_0: 0.2919 (0.3148)  loss_giou_dn_1: 0.2258 (0.2360)  loss_giou_dn_2: 0.2201 (0.2311)  loss_giou_dn_3: 0.2203 (0.2310)  loss_giou_dn_4: 0.2204 (0.2310)  loss_giou_dn_5: 0.2204 (0.2310)  loss_giou_dn_pre: 0.2974 (0.3148)  loss_giou_enc_0: 0.3996 (0.4221)  loss_giou_pre: 0.3077 (0.3160)  loss_vfl: 0.3293 (0.3452)  loss_vfl_aux_0: 0.3885 (0.4185)  loss_vfl_aux_1: 0.3338 (0.3677)  loss_vfl_aux_2: 0.3355 (0.3525)  loss_vfl_aux_3: 0.3310 (0.3461)  loss_vfl_aux_4: 0.3341 (0.3450)  loss_vfl_dn_0: 0.3854 (0.3899)  loss_vfl_dn_1: 0.2913 (0.3042)  loss_vfl_dn_2: 0.2875 (0.2974)  loss_vfl_dn_3: 0.2861 (0.2962)  loss_vfl_dn_4: 0.2863 (0.2961)  loss_vfl_dn_5: 0.2861 (0.2965)  loss_vfl_dn_pre: 0.3853 (0.3904)  loss_vfl_enc_0: 0.4371 (0.4795)  loss_vfl_pre: 0.3842 (0.4160)  time: 0.6086  data: 0.0082  max mem: 17742
Epoch: [1/120]  [ 600/2360]  eta: 0:17:47  lr: 0.000009  loss: 24.0215 (23.7363)  loss_bbox: 0.0617 (0.0728)  loss_bbox_aux_0: 0.0692 (0.0814)  loss_bbox_aux_1: 0.0642 (0.0741)  loss_bbox_aux_2: 0.0618 (0.0728)  loss_bbox_aux_3: 0.0618 (0.0728)  loss_bbox_aux_4: 0.0617 (0.0728)  loss_bbox_dn_0: 0.0770 (0.0903)  loss_bbox_dn_1: 0.0525 (0.0620)  loss_bbox_dn_2: 0.0510 (0.0591)  loss_bbox_dn_3: 0.0510 (0.0589)  loss_bbox_dn_4: 0.0510 (0.0589)  loss_bbox_dn_5: 0.0510 (0.0589)  loss_bbox_dn_pre: 0.0802 (0.0937)  loss_bbox_enc_0: 0.1040 (0.1292)  loss_bbox_pre: 0.0693 (0.0814)  loss_ddf_aux_0: 0.0272 (0.0309)  loss_ddf_aux_1: 0.0032 (0.0039)  loss_ddf_aux_2: 0.0001 (0.0002)  loss_ddf_aux_3: 0.0000 (0.0000)  loss_ddf_aux_4: -0.0000 (0.0000)  loss_ddf_dn_0: 0.3358 (0.4587)  loss_ddf_dn_1: 0.0419 (0.0592)  loss_ddf_dn_2: 0.0024 (0.0036)  loss_ddf_dn_3: 0.0001 (0.0001)  loss_ddf_dn_4: 0.0000 (0.0000)  loss_ddf_dn_5: 0.0000 (0.0000)  loss_fgl: 1.0367 (1.0343)  loss_fgl_aux_0: 1.0623 (1.0691)  loss_fgl_aux_1: 1.0291 (1.0380)  loss_fgl_aux_2: 1.0348 (1.0344)  loss_fgl_aux_3: 1.0365 (1.0343)  loss_fgl_aux_4: 1.0366 (1.0343)  loss_fgl_dn_0: 1.1433 (1.1323)  loss_fgl_dn_1: 1.0049 (1.0023)  loss_fgl_dn_2: 0.9950 (0.9935)  loss_fgl_dn_3: 0.9947 (0.9935)  loss_fgl_dn_4: 0.9947 (0.9935)  loss_fgl_dn_5: 0.9946 (0.9935)  loss_giou: 0.3130 (0.3023)  loss_giou_aux_0: 0.3281 (0.3167)  loss_giou_aux_1: 0.3113 (0.3043)  loss_giou_aux_2: 0.3115 (0.3023)  loss_giou_aux_3: 0.3130 (0.3023)  loss_giou_aux_4: 0.3130 (0.3023)  loss_giou_dn_0: 0.3322 (0.3145)  loss_giou_dn_1: 0.2420 (0.2361)  loss_giou_dn_2: 0.2395 (0.2312)  loss_giou_dn_3: 0.2391 (0.2311)  loss_giou_dn_4: 0.2391 (0.2311)  loss_giou_dn_5: 0.2391 (0.2311)  loss_giou_dn_pre: 0.3285 (0.3144)  loss_giou_enc_0: 0.4267 (0.4226)  loss_giou_pre: 0.3250 (0.3161)  loss_vfl: 0.3415 (0.3450)  loss_vfl_aux_0: 0.4195 (0.4157)  loss_vfl_aux_1: 0.3690 (0.3679)  loss_vfl_aux_2: 0.3507 (0.3521)  loss_vfl_aux_3: 0.3466 (0.3459)  loss_vfl_aux_4: 0.3446 (0.3447)  loss_vfl_dn_0: 0.3914 (0.3892)  loss_vfl_dn_1: 0.3056 (0.3040)  loss_vfl_dn_2: 0.2984 (0.2971)  loss_vfl_dn_3: 0.2979 (0.2959)  loss_vfl_dn_4: 0.2982 (0.2958)  loss_vfl_dn_5: 0.2976 (0.2962)  loss_vfl_dn_pre: 0.3933 (0.3898)  loss_vfl_enc_0: 0.4865 (0.4768)  loss_vfl_pre: 0.4134 (0.4133)  time: 0.6225  data: 0.0087  max mem: 17742
Epoch: [1/120]  [ 700/2360]  eta: 0:16:48  lr: 0.000009  loss: 22.9677 (23.7231)  loss_bbox: 0.0650 (0.0725)  loss_bbox_aux_0: 0.0751 (0.0812)  loss_bbox_aux_1: 0.0674 (0.0739)  loss_bbox_aux_2: 0.0644 (0.0725)  loss_bbox_aux_3: 0.0651 (0.0725)  loss_bbox_aux_4: 0.0650 (0.0725)  loss_bbox_dn_0: 0.0859 (0.0898)  loss_bbox_dn_1: 0.0589 (0.0617)  loss_bbox_dn_2: 0.0571 (0.0588)  loss_bbox_dn_3: 0.0571 (0.0587)  loss_bbox_dn_4: 0.0570 (0.0586)  loss_bbox_dn_5: 0.0570 (0.0586)  loss_bbox_dn_pre: 0.0899 (0.0933)  loss_bbox_enc_0: 0.1161 (0.1280)  loss_bbox_pre: 0.0747 (0.0811)  loss_ddf_aux_0: 0.0242 (0.0301)  loss_ddf_aux_1: 0.0029 (0.0037)  loss_ddf_aux_2: 0.0001 (0.0002)  loss_ddf_aux_3: -0.0000 (0.0000)  loss_ddf_aux_4: 0.0000 (0.0000)  loss_ddf_dn_0: 0.3688 (0.4409)  loss_ddf_dn_1: 0.0452 (0.0563)  loss_ddf_dn_2: 0.0016 (0.0033)  loss_ddf_dn_3: 0.0001 (0.0001)  loss_ddf_dn_4: 0.0000 (0.0000)  loss_ddf_dn_5: 0.0000 (0.0000)  loss_fgl: 1.0187 (1.0348)  loss_fgl_aux_0: 1.0561 (1.0691)  loss_fgl_aux_1: 1.0147 (1.0384)  loss_fgl_aux_2: 1.0188 (1.0348)  loss_fgl_aux_3: 1.0186 (1.0348)  loss_fgl_aux_4: 1.0187 (1.0348)  loss_fgl_dn_0: 1.1270 (1.1320)  loss_fgl_dn_1: 0.9804 (1.0024)  loss_fgl_dn_2: 0.9757 (0.9936)  loss_fgl_dn_3: 0.9759 (0.9936)  loss_fgl_dn_4: 0.9759 (0.9937)  loss_fgl_dn_5: 0.9759 (0.9937)  loss_giou: 0.2969 (0.3046)  loss_giou_aux_0: 0.3225 (0.3189)  loss_giou_aux_1: 0.3051 (0.3066)  loss_giou_aux_2: 0.2976 (0.3045)  loss_giou_aux_3: 0.2969 (0.3046)  loss_giou_aux_4: 0.2969 (0.3046)  loss_giou_dn_0: 0.2945 (0.3148)  loss_giou_dn_1: 0.2266 (0.2366)  loss_giou_dn_2: 0.2208 (0.2318)  loss_giou_dn_3: 0.2206 (0.2317)  loss_giou_dn_4: 0.2206 (0.2317)  loss_giou_dn_5: 0.2206 (0.2317)  loss_giou_dn_pre: 0.2927 (0.3149)  loss_giou_enc_0: 0.4168 (0.4241)  loss_giou_pre: 0.3194 (0.3184)  loss_vfl: 0.3136 (0.3443)  loss_vfl_aux_0: 0.4221 (0.4135)  loss_vfl_aux_1: 0.3547 (0.3665)  loss_vfl_aux_2: 0.3253 (0.3512)  loss_vfl_aux_3: 0.3187 (0.3454)  loss_vfl_aux_4: 0.3158 (0.3443)  loss_vfl_dn_0: 0.3865 (0.3894)  loss_vfl_dn_1: 0.2930 (0.3042)  loss_vfl_dn_2: 0.2889 (0.2973)  loss_vfl_dn_3: 0.2887 (0.2961)  loss_vfl_dn_4: 0.2877 (0.2960)  loss_vfl_dn_5: 0.2875 (0.2964)  loss_vfl_dn_pre: 0.3879 (0.3902)  loss_vfl_enc_0: 0.4573 (0.4735)  loss_vfl_pre: 0.4212 (0.4112)  time: 0.6123  data: 0.0091  max mem: 17742
Epoch: [1/120]  [ 800/2360]  eta: 0:15:47  lr: 0.000009  loss: 23.1514 (23.6992)  loss_bbox: 0.0586 (0.0719)  loss_bbox_aux_0: 0.0621 (0.0803)  loss_bbox_aux_1: 0.0593 (0.0733)  loss_bbox_aux_2: 0.0586 (0.0719)  loss_bbox_aux_3: 0.0586 (0.0719)  loss_bbox_aux_4: 0.0586 (0.0719)  loss_bbox_dn_0: 0.0762 (0.0893)  loss_bbox_dn_1: 0.0500 (0.0614)  loss_bbox_dn_2: 0.0449 (0.0586)  loss_bbox_dn_3: 0.0449 (0.0584)  loss_bbox_dn_4: 0.0449 (0.0584)  loss_bbox_dn_5: 0.0449 (0.0584)  loss_bbox_dn_pre: 0.0795 (0.0928)  loss_bbox_enc_0: 0.0937 (0.1258)  loss_bbox_pre: 0.0638 (0.0802)  loss_ddf_aux_0: 0.0245 (0.0295)  loss_ddf_aux_1: 0.0031 (0.0037)  loss_ddf_aux_2: 0.0001 (0.0002)  loss_ddf_aux_3: 0.0000 (0.0000)  loss_ddf_aux_4: -0.0000 (0.0000)  loss_ddf_dn_0: 0.3499 (0.4342)  loss_ddf_dn_1: 0.0811 (0.0579)  loss_ddf_dn_2: 0.0066 (0.0034)  loss_ddf_dn_3: 0.0001 (0.0001)  loss_ddf_dn_4: 0.0000 (0.0000)  loss_ddf_dn_5: 0.0000 (0.0000)  loss_fgl: 1.0137 (1.0355)  loss_fgl_aux_0: 1.0676 (1.0691)  loss_fgl_aux_1: 1.0237 (1.0391)  loss_fgl_aux_2: 1.0144 (1.0355)  loss_fgl_aux_3: 1.0138 (1.0355)  loss_fgl_aux_4: 1.0138 (1.0355)  loss_fgl_dn_0: 1.1218 (1.1313)  loss_fgl_dn_1: 0.9753 (1.0020)  loss_fgl_dn_2: 0.9729 (0.9932)  loss_fgl_dn_3: 0.9729 (0.9932)  loss_fgl_dn_4: 0.9729 (0.9933)  loss_fgl_dn_5: 0.9730 (0.9933)  loss_giou: 0.2944 (0.3048)  loss_giou_aux_0: 0.3058 (0.3191)  loss_giou_aux_1: 0.2880 (0.3069)  loss_giou_aux_2: 0.2920 (0.3048)  loss_giou_aux_3: 0.2944 (0.3048)  loss_giou_aux_4: 0.2944 (0.3048)  loss_giou_dn_0: 0.3057 (0.3141)  loss_giou_dn_1: 0.2285 (0.2363)  loss_giou_dn_2: 0.2227 (0.2315)  loss_giou_dn_3: 0.2219 (0.2313)  loss_giou_dn_4: 0.2218 (0.2313)  loss_giou_dn_5: 0.2218 (0.2313)  loss_giou_dn_pre: 0.3058 (0.3142)  loss_giou_enc_0: 0.4156 (0.4239)  loss_giou_pre: 0.2998 (0.3185)  loss_vfl: 0.3363 (0.3441)  loss_vfl_aux_0: 0.3839 (0.4124)  loss_vfl_aux_1: 0.3542 (0.3659)  loss_vfl_aux_2: 0.3270 (0.3506)  loss_vfl_aux_3: 0.3318 (0.3453)  loss_vfl_aux_4: 0.3345 (0.3441)  loss_vfl_dn_0: 0.3863 (0.3889)  loss_vfl_dn_1: 0.3000 (0.3041)  loss_vfl_dn_2: 0.2918 (0.2970)  loss_vfl_dn_3: 0.2925 (0.2958)  loss_vfl_dn_4: 0.2926 (0.2957)  loss_vfl_dn_5: 0.2935 (0.2961)  loss_vfl_dn_pre: 0.3862 (0.3897)  loss_vfl_enc_0: 0.4443 (0.4712)  loss_vfl_pre: 0.3844 (0.4104)  time: 0.5862  data: 0.0085  max mem: 17742
Epoch: [1/120]  [ 900/2360]  eta: 0:14:45  lr: 0.000009  loss: 23.1554 (23.6424)  loss_bbox: 0.0575 (0.0717)  loss_bbox_aux_0: 0.0670 (0.0798)  loss_bbox_aux_1: 0.0581 (0.0730)  loss_bbox_aux_2: 0.0575 (0.0717)  loss_bbox_aux_3: 0.0576 (0.0717)  loss_bbox_aux_4: 0.0575 (0.0717)  loss_bbox_dn_0: 0.0724 (0.0889)  loss_bbox_dn_1: 0.0487 (0.0613)  loss_bbox_dn_2: 0.0481 (0.0585)  loss_bbox_dn_3: 0.0480 (0.0584)  loss_bbox_dn_4: 0.0480 (0.0583)  loss_bbox_dn_5: 0.0480 (0.0583)  loss_bbox_dn_pre: 0.0811 (0.0924)  loss_bbox_enc_0: 0.1013 (0.1246)  loss_bbox_pre: 0.0679 (0.0797)  loss_ddf_aux_0: 0.0235 (0.0285)  loss_ddf_aux_1: 0.0027 (0.0035)  loss_ddf_aux_2: 0.0002 (0.0002)  loss_ddf_aux_3: 0.0000 (0.0000)  loss_ddf_aux_4: 0.0000 (0.0000)  loss_ddf_dn_0: 0.2542 (0.4111)  loss_ddf_dn_1: 0.0431 (0.0556)  loss_ddf_dn_2: 0.0051 (0.0035)  loss_ddf_dn_3: 0.0001 (0.0001)  loss_ddf_dn_4: 0.0000 (0.0000)  loss_ddf_dn_5: 0.0000 (0.0000)  loss_fgl: 1.0428 (1.0357)  loss_fgl_aux_0: 1.0762 (1.0689)  loss_fgl_aux_1: 1.0441 (1.0392)  loss_fgl_aux_2: 1.0432 (1.0357)  loss_fgl_aux_3: 1.0431 (1.0357)  loss_fgl_aux_4: 1.0429 (1.0357)  loss_fgl_dn_0: 1.1305 (1.1305)  loss_fgl_dn_1: 1.0076 (1.0014)  loss_fgl_dn_2: 1.0023 (0.9928)  loss_fgl_dn_3: 1.0018 (0.9928)  loss_fgl_dn_4: 1.0018 (0.9928)  loss_fgl_dn_5: 1.0019 (0.9928)  loss_giou: 0.2790 (0.3033)  loss_giou_aux_0: 0.2905 (0.3173)  loss_giou_aux_1: 0.2807 (0.3054)  loss_giou_aux_2: 0.2788 (0.3033)  loss_giou_aux_3: 0.2791 (0.3033)  loss_giou_aux_4: 0.2790 (0.3033)  loss_giou_dn_0: 0.3077 (0.3132)  loss_giou_dn_1: 0.2346 (0.2358)  loss_giou_dn_2: 0.2272 (0.2310)  loss_giou_dn_3: 0.2269 (0.2309)  loss_giou_dn_4: 0.2268 (0.2309)  loss_giou_dn_5: 0.2268 (0.2309)  loss_giou_dn_pre: 0.3105 (0.3133)  loss_giou_enc_0: 0.3976 (0.4215)  loss_giou_pre: 0.2910 (0.3167)  loss_vfl: 0.3373 (0.3444)  loss_vfl_aux_0: 0.4112 (0.4111)  loss_vfl_aux_1: 0.3468 (0.3655)  loss_vfl_aux_2: 0.3395 (0.3508)  loss_vfl_aux_3: 0.3359 (0.3454)  loss_vfl_aux_4: 0.3314 (0.3444)  loss_vfl_dn_0: 0.3859 (0.3886)  loss_vfl_dn_1: 0.3038 (0.3038)  loss_vfl_dn_2: 0.2966 (0.2967)  loss_vfl_dn_3: 0.2972 (0.2956)  loss_vfl_dn_4: 0.2959 (0.2955)  loss_vfl_dn_5: 0.2972 (0.2958)  loss_vfl_dn_pre: 0.3864 (0.3894)  loss_vfl_enc_0: 0.4498 (0.4697)  loss_vfl_pre: 0.4090 (0.4092)  time: 0.5974  data: 0.0086  max mem: 17742
Epoch: [1/120]  [1000/2360]  eta: 0:13:43  lr: 0.000009  loss: 23.4946 (23.6392)  loss_bbox: 0.0634 (0.0718)  loss_bbox_aux_0: 0.0636 (0.0801)  loss_bbox_aux_1: 0.0639 (0.0732)  loss_bbox_aux_2: 0.0630 (0.0719)  loss_bbox_aux_3: 0.0633 (0.0718)  loss_bbox_aux_4: 0.0633 (0.0718)  loss_bbox_dn_0: 0.0834 (0.0891)  loss_bbox_dn_1: 0.0547 (0.0615)  loss_bbox_dn_2: 0.0525 (0.0587)  loss_bbox_dn_3: 0.0523 (0.0585)  loss_bbox_dn_4: 0.0523 (0.0585)  loss_bbox_dn_5: 0.0523 (0.0585)  loss_bbox_dn_pre: 0.0876 (0.0927)  loss_bbox_enc_0: 0.1304 (0.1250)  loss_bbox_pre: 0.0679 (0.0800)  loss_ddf_aux_0: 0.0276 (0.0285)  loss_ddf_aux_1: 0.0037 (0.0036)  loss_ddf_aux_2: 0.0002 (0.0002)  loss_ddf_aux_3: 0.0000 (0.0000)  loss_ddf_aux_4: 0.0000 (0.0000)  loss_ddf_dn_0: 0.4044 (0.4062)  loss_ddf_dn_1: 0.0901 (0.0573)  loss_ddf_dn_2: 0.0061 (0.0039)  loss_ddf_dn_3: 0.0002 (0.0001)  loss_ddf_dn_4: 0.0000 (0.0000)  loss_ddf_dn_5: 0.0000 (0.0000)  loss_fgl: 1.0227 (1.0358)  loss_fgl_aux_0: 1.0567 (1.0688)  loss_fgl_aux_1: 1.0227 (1.0393)  loss_fgl_aux_2: 1.0223 (1.0358)  loss_fgl_aux_3: 1.0226 (1.0358)  loss_fgl_aux_4: 1.0227 (1.0358)  loss_fgl_dn_0: 1.1236 (1.1300)  loss_fgl_dn_1: 1.0035 (1.0014)  loss_fgl_dn_2: 0.9944 (0.9928)  loss_fgl_dn_3: 0.9941 (0.9928)  loss_fgl_dn_4: 0.9944 (0.9929)  loss_fgl_dn_5: 0.9944 (0.9929)  loss_giou: 0.2715 (0.3033)  loss_giou_aux_0: 0.2868 (0.3173)  loss_giou_aux_1: 0.2800 (0.3055)  loss_giou_aux_2: 0.2716 (0.3033)  loss_giou_aux_3: 0.2716 (0.3033)  loss_giou_aux_4: 0.2715 (0.3033)  loss_giou_dn_0: 0.3024 (0.3131)  loss_giou_dn_1: 0.2292 (0.2360)  loss_giou_dn_2: 0.2220 (0.2313)  loss_giou_dn_3: 0.2221 (0.2311)  loss_giou_dn_4: 0.2216 (0.2311)  loss_giou_dn_5: 0.2217 (0.2311)  loss_giou_dn_pre: 0.3030 (0.3132)  loss_giou_enc_0: 0.3817 (0.4212)  loss_giou_pre: 0.2891 (0.3167)  loss_vfl: 0.3348 (0.3440)  loss_vfl_aux_0: 0.3983 (0.4102)  loss_vfl_aux_1: 0.3527 (0.3648)  loss_vfl_aux_2: 0.3366 (0.3502)  loss_vfl_aux_3: 0.3302 (0.3449)  loss_vfl_aux_4: 0.3311 (0.3440)  loss_vfl_dn_0: 0.3918 (0.3887)  loss_vfl_dn_1: 0.3053 (0.3038)  loss_vfl_dn_2: 0.2947 (0.2968)  loss_vfl_dn_3: 0.2938 (0.2957)  loss_vfl_dn_4: 0.2934 (0.2956)  loss_vfl_dn_5: 0.2933 (0.2959)  loss_vfl_dn_pre: 0.3928 (0.3893)  loss_vfl_enc_0: 0.4795 (0.4693)  loss_vfl_pre: 0.3956 (0.4084)  time: 0.5929  data: 0.0084  max mem: 17742
Epoch: [1/120]  [1100/2360]  eta: 0:12:41  lr: 0.000009  loss: 23.9160 (23.6556)  loss_bbox: 0.0650 (0.0717)  loss_bbox_aux_0: 0.0710 (0.0801)  loss_bbox_aux_1: 0.0672 (0.0731)  loss_bbox_aux_2: 0.0652 (0.0718)  loss_bbox_aux_3: 0.0650 (0.0717)  loss_bbox_aux_4: 0.0650 (0.0717)  loss_bbox_dn_0: 0.0801 (0.0892)  loss_bbox_dn_1: 0.0568 (0.0614)  loss_bbox_dn_2: 0.0556 (0.0586)  loss_bbox_dn_3: 0.0555 (0.0584)  loss_bbox_dn_4: 0.0555 (0.0584)  loss_bbox_dn_5: 0.0555 (0.0584)  loss_bbox_dn_pre: 0.0796 (0.0928)  loss_bbox_enc_0: 0.1263 (0.1255)  loss_bbox_pre: 0.0719 (0.0801)  loss_ddf_aux_0: 0.0310 (0.0287)  loss_ddf_aux_1: 0.0038 (0.0036)  loss_ddf_aux_2: 0.0002 (0.0002)  loss_ddf_aux_3: 0.0000 (0.0000)  loss_ddf_aux_4: 0.0000 (0.0000)  loss_ddf_dn_0: 0.3982 (0.4124)  loss_ddf_dn_1: 0.0654 (0.0610)  loss_ddf_dn_2: 0.0044 (0.0042)  loss_ddf_dn_3: 0.0001 (0.0001)  loss_ddf_dn_4: 0.0000 (0.0000)  loss_ddf_dn_5: 0.0000 (0.0000)  loss_fgl: 1.0451 (1.0360)  loss_fgl_aux_0: 1.0796 (1.0689)  loss_fgl_aux_1: 1.0534 (1.0395)  loss_fgl_aux_2: 1.0464 (1.0360)  loss_fgl_aux_3: 1.0453 (1.0359)  loss_fgl_aux_4: 1.0452 (1.0360)  loss_fgl_dn_0: 1.1262 (1.1310)  loss_fgl_dn_1: 1.0254 (1.0017)  loss_fgl_dn_2: 1.0215 (0.9931)  loss_fgl_dn_3: 1.0215 (0.9931)  loss_fgl_dn_4: 1.0215 (0.9931)  loss_fgl_dn_5: 1.0215 (0.9931)  loss_giou: 0.3239 (0.3036)  loss_giou_aux_0: 0.3399 (0.3176)  loss_giou_aux_1: 0.3275 (0.3058)  loss_giou_aux_2: 0.3217 (0.3036)  loss_giou_aux_3: 0.3237 (0.3036)  loss_giou_aux_4: 0.3238 (0.3036)  loss_giou_dn_0: 0.3292 (0.3139)  loss_giou_dn_1: 0.2473 (0.2362)  loss_giou_dn_2: 0.2412 (0.2315)  loss_giou_dn_3: 0.2424 (0.2314)  loss_giou_dn_4: 0.2424 (0.2314)  loss_giou_dn_5: 0.2424 (0.2314)  loss_giou_dn_pre: 0.3239 (0.3140)  loss_giou_enc_0: 0.4348 (0.4215)  loss_giou_pre: 0.3387 (0.3170)  loss_vfl: 0.3411 (0.3440)  loss_vfl_aux_0: 0.3978 (0.4093)  loss_vfl_aux_1: 0.3487 (0.3644)  loss_vfl_aux_2: 0.3386 (0.3498)  loss_vfl_aux_3: 0.3341 (0.3447)  loss_vfl_aux_4: 0.3394 (0.3440)  loss_vfl_dn_0: 0.3848 (0.3891)  loss_vfl_dn_1: 0.3063 (0.3039)  loss_vfl_dn_2: 0.3010 (0.2969)  loss_vfl_dn_3: 0.3003 (0.2958)  loss_vfl_dn_4: 0.2999 (0.2958)  loss_vfl_dn_5: 0.3006 (0.2961)  loss_vfl_dn_pre: 0.3863 (0.3897)  loss_vfl_enc_0: 0.4678 (0.4679)  loss_vfl_pre: 0.3980 (0.4075)  time: 0.5724  data: 0.0091  max mem: 17742
Epoch: [1/120]  [1200/2360]  eta: 0:11:39  lr: 0.000009  loss: 23.9999 (23.6558)  loss_bbox: 0.0544 (0.0718)  loss_bbox_aux_0: 0.0619 (0.0801)  loss_bbox_aux_1: 0.0556 (0.0731)  loss_bbox_aux_2: 0.0545 (0.0718)  loss_bbox_aux_3: 0.0544 (0.0718)  loss_bbox_aux_4: 0.0544 (0.0718)  loss_bbox_dn_0: 0.0845 (0.0892)  loss_bbox_dn_1: 0.0474 (0.0613)  loss_bbox_dn_2: 0.0462 (0.0585)  loss_bbox_dn_3: 0.0461 (0.0584)  loss_bbox_dn_4: 0.0460 (0.0583)  loss_bbox_dn_5: 0.0460 (0.0583)  loss_bbox_dn_pre: 0.0865 (0.0928)  loss_bbox_enc_0: 0.1108 (0.1253)  loss_bbox_pre: 0.0607 (0.0800)  loss_ddf_aux_0: 0.0395 (0.0291)  loss_ddf_aux_1: 0.0049 (0.0036)  loss_ddf_aux_2: 0.0002 (0.0002)  loss_ddf_aux_3: 0.0000 (0.0000)  loss_ddf_aux_4: 0.0000 (0.0000)  loss_ddf_dn_0: 0.6774 (0.4196)  loss_ddf_dn_1: 0.1920 (0.0652)  loss_ddf_dn_2: 0.0105 (0.0044)  loss_ddf_dn_3: 0.0002 (0.0001)  loss_ddf_dn_4: 0.0000 (0.0000)  loss_ddf_dn_5: 0.0000 (0.0000)  loss_fgl: 1.0491 (1.0362)  loss_fgl_aux_0: 1.0853 (1.0689)  loss_fgl_aux_1: 1.0533 (1.0396)  loss_fgl_aux_2: 1.0492 (1.0362)  loss_fgl_aux_3: 1.0493 (1.0361)  loss_fgl_aux_4: 1.0492 (1.0361)  loss_fgl_dn_0: 1.1323 (1.1310)  loss_fgl_dn_1: 0.9969 (1.0016)  loss_fgl_dn_2: 0.9926 (0.9930)  loss_fgl_dn_3: 0.9928 (0.9930)  loss_fgl_dn_4: 0.9928 (0.9930)  loss_fgl_dn_5: 0.9928 (0.9930)  loss_giou: 0.2762 (0.3032)  loss_giou_aux_0: 0.3161 (0.3171)  loss_giou_aux_1: 0.2821 (0.3052)  loss_giou_aux_2: 0.2765 (0.3031)  loss_giou_aux_3: 0.2761 (0.3032)  loss_giou_aux_4: 0.2761 (0.3032)  loss_giou_dn_0: 0.3084 (0.3135)  loss_giou_dn_1: 0.2314 (0.2359)  loss_giou_dn_2: 0.2268 (0.2312)  loss_giou_dn_3: 0.2265 (0.2310)  loss_giou_dn_4: 0.2264 (0.2310)  loss_giou_dn_5: 0.2264 (0.2310)  loss_giou_dn_pre: 0.3090 (0.3136)  loss_giou_enc_0: 0.4199 (0.4205)  loss_giou_pre: 0.3058 (0.3165)  loss_vfl: 0.3497 (0.3440)  loss_vfl_aux_0: 0.4135 (0.4085)  loss_vfl_aux_1: 0.3610 (0.3639)  loss_vfl_aux_2: 0.3565 (0.3495)  loss_vfl_aux_3: 0.3450 (0.3445)  loss_vfl_aux_4: 0.3446 (0.3439)  loss_vfl_dn_0: 0.3878 (0.3890)  loss_vfl_dn_1: 0.2967 (0.3038)  loss_vfl_dn_2: 0.2904 (0.2968)  loss_vfl_dn_3: 0.2899 (0.2957)  loss_vfl_dn_4: 0.2900 (0.2956)  loss_vfl_dn_5: 0.2903 (0.2960)  loss_vfl_dn_pre: 0.3869 (0.3895)  loss_vfl_enc_0: 0.4657 (0.4669)  loss_vfl_pre: 0.4106 (0.4068)  time: 0.5971  data: 0.0087  max mem: 17742
Epoch: [1/120]  [1300/2360]  eta: 0:10:39  lr: 0.000009  loss: 24.2764 (23.7026)  loss_bbox: 0.0626 (0.0718)  loss_bbox_aux_0: 0.0640 (0.0801)  loss_bbox_aux_1: 0.0622 (0.0731)  loss_bbox_aux_2: 0.0625 (0.0718)  loss_bbox_aux_3: 0.0626 (0.0718)  loss_bbox_aux_4: 0.0626 (0.0718)  loss_bbox_dn_0: 0.0843 (0.0898)  loss_bbox_dn_1: 0.0617 (0.0616)  loss_bbox_dn_2: 0.0560 (0.0587)  loss_bbox_dn_3: 0.0553 (0.0586)  loss_bbox_dn_4: 0.0554 (0.0585)  loss_bbox_dn_5: 0.0554 (0.0585)  loss_bbox_dn_pre: 0.0917 (0.0934)  loss_bbox_enc_0: 0.0960 (0.1254)  loss_bbox_pre: 0.0639 (0.0801)  loss_ddf_aux_0: 0.0384 (0.0297)  loss_ddf_aux_1: 0.0055 (0.0038)  loss_ddf_aux_2: 0.0002 (0.0002)  loss_ddf_aux_3: 0.0000 (0.0000)  loss_ddf_aux_4: 0.0000 (0.0000)  loss_ddf_dn_0: 0.9781 (0.4475)  loss_ddf_dn_1: 0.1990 (0.0734)  loss_ddf_dn_2: 0.0096 (0.0048)  loss_ddf_dn_3: 0.0003 (0.0001)  loss_ddf_dn_4: 0.0000 (0.0000)  loss_ddf_dn_5: 0.0000 (0.0000)  loss_fgl: 1.0468 (1.0362)  loss_fgl_aux_0: 1.0805 (1.0690)  loss_fgl_aux_1: 1.0485 (1.0396)  loss_fgl_aux_2: 1.0471 (1.0362)  loss_fgl_aux_3: 1.0469 (1.0362)  loss_fgl_aux_4: 1.0469 (1.0362)  loss_fgl_dn_0: 1.1437 (1.1322)  loss_fgl_dn_1: 1.0087 (1.0023)  loss_fgl_dn_2: 0.9918 (0.9936)  loss_fgl_dn_3: 0.9921 (0.9936)  loss_fgl_dn_4: 0.9926 (0.9936)  loss_fgl_dn_5: 0.9926 (0.9936)  loss_giou: 0.2868 (0.3028)  loss_giou_aux_0: 0.3048 (0.3168)  loss_giou_aux_1: 0.2931 (0.3049)  loss_giou_aux_2: 0.2874 (0.3028)  loss_giou_aux_3: 0.2868 (0.3028)  loss_giou_aux_4: 0.2868 (0.3028)  loss_giou_dn_0: 0.3105 (0.3145)  loss_giou_dn_1: 0.2415 (0.2363)  loss_giou_dn_2: 0.2320 (0.2314)  loss_giou_dn_3: 0.2320 (0.2313)  loss_giou_dn_4: 0.2320 (0.2313)  loss_giou_dn_5: 0.2319 (0.2313)  loss_giou_dn_pre: 0.3122 (0.3146)  loss_giou_enc_0: 0.4061 (0.4203)  loss_giou_pre: 0.3018 (0.3162)  loss_vfl: 0.3351 (0.3441)  loss_vfl_aux_0: 0.3812 (0.4072)  loss_vfl_aux_1: 0.3617 (0.3639)  loss_vfl_aux_2: 0.3370 (0.3496)  loss_vfl_aux_3: 0.3281 (0.3445)  loss_vfl_aux_4: 0.3313 (0.3438)  loss_vfl_dn_0: 0.3896 (0.3900)  loss_vfl_dn_1: 0.3052 (0.3048)  loss_vfl_dn_2: 0.3013 (0.2973)  loss_vfl_dn_3: 0.3012 (0.2961)  loss_vfl_dn_4: 0.3007 (0.2960)  loss_vfl_dn_5: 0.3026 (0.2964)  loss_vfl_dn_pre: 0.3896 (0.3904)  loss_vfl_enc_0: 0.4343 (0.4656)  loss_vfl_pre: 0.3780 (0.4056)  time: 0.5957  data: 0.0089  max mem: 17742
Epoch: [1/120]  [1400/2360]  eta: 0:09:38  lr: 0.000009  loss: 23.2764 (23.7173)  loss_bbox: 0.0672 (0.0718)  loss_bbox_aux_0: 0.0751 (0.0801)  loss_bbox_aux_1: 0.0694 (0.0732)  loss_bbox_aux_2: 0.0669 (0.0718)  loss_bbox_aux_3: 0.0672 (0.0718)  loss_bbox_aux_4: 0.0672 (0.0718)  loss_bbox_dn_0: 0.1007 (0.0902)  loss_bbox_dn_1: 0.0647 (0.0620)  loss_bbox_dn_2: 0.0610 (0.0591)  loss_bbox_dn_3: 0.0612 (0.0589)  loss_bbox_dn_4: 0.0611 (0.0589)  loss_bbox_dn_5: 0.0611 (0.0589)  loss_bbox_dn_pre: 0.1024 (0.0937)  loss_bbox_enc_0: 0.1288 (0.1252)  loss_bbox_pre: 0.0789 (0.0800)  loss_ddf_aux_0: 0.0296 (0.0301)  loss_ddf_aux_1: 0.0050 (0.0039)  loss_ddf_aux_2: 0.0003 (0.0002)  loss_ddf_aux_3: 0.0000 (0.0000)  loss_ddf_aux_4: 0.0000 (0.0000)  loss_ddf_dn_0: 0.3586 (0.4544)  loss_ddf_dn_1: 0.1490 (0.0790)  loss_ddf_dn_2: 0.0127 (0.0052)  loss_ddf_dn_3: 0.0004 (0.0001)  loss_ddf_dn_4: 0.0000 (0.0000)  loss_ddf_dn_5: 0.0000 (0.0000)  loss_fgl: 1.0420 (1.0362)  loss_fgl_aux_0: 1.0579 (1.0688)  loss_fgl_aux_1: 1.0462 (1.0396)  loss_fgl_aux_2: 1.0414 (1.0362)  loss_fgl_aux_3: 1.0420 (1.0361)  loss_fgl_aux_4: 1.0420 (1.0362)  loss_fgl_dn_0: 1.1305 (1.1326)  loss_fgl_dn_1: 1.0034 (1.0026)  loss_fgl_dn_2: 0.9921 (0.9938)  loss_fgl_dn_3: 0.9926 (0.9938)  loss_fgl_dn_4: 0.9926 (0.9939)  loss_fgl_dn_5: 0.9926 (0.9939)  loss_giou: 0.2814 (0.3023)  loss_giou_aux_0: 0.2978 (0.3163)  loss_giou_aux_1: 0.2841 (0.3045)  loss_giou_aux_2: 0.2812 (0.3023)  loss_giou_aux_3: 0.2813 (0.3023)  loss_giou_aux_4: 0.2814 (0.3023)  loss_giou_dn_0: 0.3118 (0.3147)  loss_giou_dn_1: 0.2370 (0.2364)  loss_giou_dn_2: 0.2304 (0.2315)  loss_giou_dn_3: 0.2299 (0.2313)  loss_giou_dn_4: 0.2296 (0.2313)  loss_giou_dn_5: 0.2296 (0.2313)  loss_giou_dn_pre: 0.3112 (0.3147)  loss_giou_enc_0: 0.3999 (0.4200)  loss_giou_pre: 0.2949 (0.3157)  loss_vfl: 0.3353 (0.3448)  loss_vfl_aux_0: 0.3799 (0.4065)  loss_vfl_aux_1: 0.3458 (0.3641)  loss_vfl_aux_2: 0.3400 (0.3500)  loss_vfl_aux_3: 0.3331 (0.3451)  loss_vfl_aux_4: 0.3347 (0.3445)  loss_vfl_dn_0: 0.3881 (0.3902)  loss_vfl_dn_1: 0.3035 (0.3051)  loss_vfl_dn_2: 0.2957 (0.2974)  loss_vfl_dn_3: 0.2929 (0.2962)  loss_vfl_dn_4: 0.2926 (0.2961)  loss_vfl_dn_5: 0.2937 (0.2965)  loss_vfl_dn_pre: 0.3872 (0.3906)  loss_vfl_enc_0: 0.4773 (0.4647)  loss_vfl_pre: 0.3802 (0.4048)  time: 0.5990  data: 0.0087  max mem: 17742
Epoch: [1/120]  [1500/2360]  eta: 0:08:38  lr: 0.000009  loss: 23.7031 (23.7191)  loss_bbox: 0.0670 (0.0715)  loss_bbox_aux_0: 0.0656 (0.0798)  loss_bbox_aux_1: 0.0604 (0.0729)  loss_bbox_aux_2: 0.0670 (0.0716)  loss_bbox_aux_3: 0.0670 (0.0715)  loss_bbox_aux_4: 0.0670 (0.0715)  loss_bbox_dn_0: 0.0820 (0.0901)  loss_bbox_dn_1: 0.0559 (0.0618)  loss_bbox_dn_2: 0.0551 (0.0589)  loss_bbox_dn_3: 0.0552 (0.0587)  loss_bbox_dn_4: 0.0551 (0.0587)  loss_bbox_dn_5: 0.0551 (0.0587)  loss_bbox_dn_pre: 0.0882 (0.0937)  loss_bbox_enc_0: 0.1299 (0.1248)  loss_bbox_pre: 0.0653 (0.0797)  loss_ddf_aux_0: 0.0273 (0.0299)  loss_ddf_aux_1: 0.0048 (0.0039)  loss_ddf_aux_2: 0.0002 (0.0002)  loss_ddf_aux_3: 0.0000 (0.0000)  loss_ddf_aux_4: 0.0000 (0.0000)  loss_ddf_dn_0: 0.6784 (0.4644)  loss_ddf_dn_1: 0.2066 (0.0899)  loss_ddf_dn_2: 0.0070 (0.0056)  loss_ddf_dn_3: 0.0001 (0.0001)  loss_ddf_dn_4: 0.0000 (0.0000)  loss_ddf_dn_5: 0.0000 (0.0000)  loss_fgl: 1.0282 (1.0358)  loss_fgl_aux_0: 1.0487 (1.0683)  loss_fgl_aux_1: 1.0380 (1.0391)  loss_fgl_aux_2: 1.0302 (1.0357)  loss_fgl_aux_3: 1.0284 (1.0357)  loss_fgl_aux_4: 1.0283 (1.0357)  loss_fgl_dn_0: 1.1295 (1.1326)  loss_fgl_dn_1: 0.9948 (1.0022)  loss_fgl_dn_2: 0.9905 (0.9933)  loss_fgl_dn_3: 0.9904 (0.9934)  loss_fgl_dn_4: 0.9904 (0.9934)  loss_fgl_dn_5: 0.9904 (0.9934)  loss_giou: 0.2838 (0.3018)  loss_giou_aux_0: 0.2903 (0.3158)  loss_giou_aux_1: 0.2848 (0.3040)  loss_giou_aux_2: 0.2837 (0.3018)  loss_giou_aux_3: 0.2837 (0.3018)  loss_giou_aux_4: 0.2837 (0.3018)  loss_giou_dn_0: 0.3083 (0.3146)  loss_giou_dn_1: 0.2276 (0.2362)  loss_giou_dn_2: 0.2219 (0.2312)  loss_giou_dn_3: 0.2220 (0.2311)  loss_giou_dn_4: 0.2220 (0.2311)  loss_giou_dn_5: 0.2220 (0.2311)  loss_giou_dn_pre: 0.3097 (0.3147)  loss_giou_enc_0: 0.4027 (0.4195)  loss_giou_pre: 0.2878 (0.3152)  loss_vfl: 0.3333 (0.3446)  loss_vfl_aux_0: 0.3944 (0.4048)  loss_vfl_aux_1: 0.3490 (0.3631)  loss_vfl_aux_2: 0.3381 (0.3495)  loss_vfl_aux_3: 0.3328 (0.3447)  loss_vfl_aux_4: 0.3335 (0.3443)  loss_vfl_dn_0: 0.3889 (0.3909)  loss_vfl_dn_1: 0.3020 (0.3054)  loss_vfl_dn_2: 0.2974 (0.2974)  loss_vfl_dn_3: 0.2955 (0.2961)  loss_vfl_dn_4: 0.2955 (0.2960)  loss_vfl_dn_5: 0.2962 (0.2963)  loss_vfl_dn_pre: 0.3877 (0.3912)  loss_vfl_enc_0: 0.4482 (0.4632)  loss_vfl_pre: 0.3979 (0.4031)  time: 0.5948  data: 0.0090  max mem: 17742
Epoch: [1/120]  [1600/2360]  eta: 0:07:37  lr: 0.000009  loss: 23.2555 (23.7450)  loss_bbox: 0.0504 (0.0718)  loss_bbox_aux_0: 0.0572 (0.0801)  loss_bbox_aux_1: 0.0515 (0.0732)  loss_bbox_aux_2: 0.0507 (0.0719)  loss_bbox_aux_3: 0.0504 (0.0718)  loss_bbox_aux_4: 0.0504 (0.0718)  loss_bbox_dn_0: 0.0715 (0.0902)  loss_bbox_dn_1: 0.0454 (0.0619)  loss_bbox_dn_2: 0.0449 (0.0590)  loss_bbox_dn_3: 0.0448 (0.0588)  loss_bbox_dn_4: 0.0448 (0.0588)  loss_bbox_dn_5: 0.0447 (0.0588)  loss_bbox_dn_pre: 0.0728 (0.0937)  loss_bbox_enc_0: 0.1008 (0.1251)  loss_bbox_pre: 0.0564 (0.0800)  loss_ddf_aux_0: 0.0413 (0.0305)  loss_ddf_aux_1: 0.0088 (0.0042)  loss_ddf_aux_2: 0.0003 (0.0002)  loss_ddf_aux_3: 0.0000 (0.0000)  loss_ddf_aux_4: -0.0000 (0.0000)  loss_ddf_dn_0: 0.8028 (0.4865)  loss_ddf_dn_1: 0.1457 (0.1011)  loss_ddf_dn_2: 0.0116 (0.0060)  loss_ddf_dn_3: 0.0002 (0.0001)  loss_ddf_dn_4: 0.0000 (0.0000)  loss_ddf_dn_5: 0.0000 (0.0000)  loss_fgl: 1.0166 (1.0352)  loss_fgl_aux_0: 1.0468 (1.0675)  loss_fgl_aux_1: 1.0182 (1.0385)  loss_fgl_aux_2: 1.0163 (1.0352)  loss_fgl_aux_3: 1.0162 (1.0352)  loss_fgl_aux_4: 1.0164 (1.0352)  loss_fgl_dn_0: 1.1136 (1.1320)  loss_fgl_dn_1: 0.9929 (1.0019)  loss_fgl_dn_2: 0.9856 (0.9930)  loss_fgl_dn_3: 0.9850 (0.9930)  loss_fgl_dn_4: 0.9853 (0.9931)  loss_fgl_dn_5: 0.9853 (0.9931)  loss_giou: 0.2791 (0.3019)  loss_giou_aux_0: 0.2884 (0.3159)  loss_giou_aux_1: 0.2806 (0.3040)  loss_giou_aux_2: 0.2801 (0.3018)  loss_giou_aux_3: 0.2791 (0.3019)  loss_giou_aux_4: 0.2791 (0.3019)  loss_giou_dn_0: 0.3051 (0.3142)  loss_giou_dn_1: 0.2314 (0.2360)  loss_giou_dn_2: 0.2261 (0.2310)  loss_giou_dn_3: 0.2262 (0.2309)  loss_giou_dn_4: 0.2262 (0.2309)  loss_giou_dn_5: 0.2262 (0.2309)  loss_giou_dn_pre: 0.3040 (0.3143)  loss_giou_enc_0: 0.3941 (0.4199)  loss_giou_pre: 0.2878 (0.3153)  loss_vfl: 0.3241 (0.3444)  loss_vfl_aux_0: 0.3752 (0.4041)  loss_vfl_aux_1: 0.3297 (0.3629)  loss_vfl_aux_2: 0.3247 (0.3495)  loss_vfl_aux_3: 0.3193 (0.3445)  loss_vfl_aux_4: 0.3249 (0.3441)  loss_vfl_dn_0: 0.3790 (0.3906)  loss_vfl_dn_1: 0.2950 (0.3051)  loss_vfl_dn_2: 0.2886 (0.2972)  loss_vfl_dn_3: 0.2873 (0.2959)  loss_vfl_dn_4: 0.2867 (0.2957)  loss_vfl_dn_5: 0.2869 (0.2961)  loss_vfl_dn_pre: 0.3783 (0.3909)  loss_vfl_enc_0: 0.4303 (0.4624)  loss_vfl_pre: 0.3739 (0.4025)  time: 0.5885  data: 0.0087  max mem: 17742
Epoch: [1/120]  [1700/2360]  eta: 0:06:37  lr: 0.000009  loss: 24.4286 (23.7687)  loss_bbox: 0.0614 (0.0717)  loss_bbox_aux_0: 0.0647 (0.0798)  loss_bbox_aux_1: 0.0604 (0.0731)  loss_bbox_aux_2: 0.0606 (0.0718)  loss_bbox_aux_3: 0.0614 (0.0717)  loss_bbox_aux_4: 0.0615 (0.0717)  loss_bbox_dn_0: 0.0800 (0.0901)  loss_bbox_dn_1: 0.0560 (0.0619)  loss_bbox_dn_2: 0.0535 (0.0590)  loss_bbox_dn_3: 0.0538 (0.0588)  loss_bbox_dn_4: 0.0538 (0.0588)  loss_bbox_dn_5: 0.0538 (0.0588)  loss_bbox_dn_pre: 0.0848 (0.0936)  loss_bbox_enc_0: 0.1043 (0.1244)  loss_bbox_pre: 0.0647 (0.0797)  loss_ddf_aux_0: 0.0270 (0.0304)  loss_ddf_aux_1: 0.0052 (0.0042)  loss_ddf_aux_2: 0.0005 (0.0002)  loss_ddf_aux_3: 0.0000 (0.0000)  loss_ddf_aux_4: 0.0000 (0.0000)  loss_ddf_dn_0: 0.6441 (0.4938)  loss_ddf_dn_1: 0.2317 (0.1050)  loss_ddf_dn_2: 0.0130 (0.0063)  loss_ddf_dn_3: 0.0001 (0.0001)  loss_ddf_dn_4: 0.0000 (0.0000)  loss_ddf_dn_5: 0.0000 (0.0000)  loss_fgl: 1.0441 (1.0358)  loss_fgl_aux_0: 1.0781 (1.0679)  loss_fgl_aux_1: 1.0481 (1.0391)  loss_fgl_aux_2: 1.0446 (1.0358)  loss_fgl_aux_3: 1.0444 (1.0358)  loss_fgl_aux_4: 1.0442 (1.0358)  loss_fgl_dn_0: 1.1393 (1.1324)  loss_fgl_dn_1: 1.0129 (1.0027)  loss_fgl_dn_2: 1.0080 (0.9938)  loss_fgl_dn_3: 1.0079 (0.9938)  loss_fgl_dn_4: 1.0081 (0.9939)  loss_fgl_dn_5: 1.0081 (0.9939)  loss_giou: 0.2962 (0.3023)  loss_giou_aux_0: 0.3068 (0.3163)  loss_giou_aux_1: 0.2888 (0.3045)  loss_giou_aux_2: 0.2899 (0.3023)  loss_giou_aux_3: 0.2961 (0.3023)  loss_giou_aux_4: 0.2962 (0.3023)  loss_giou_dn_0: 0.3171 (0.3145)  loss_giou_dn_1: 0.2381 (0.2363)  loss_giou_dn_2: 0.2323 (0.2313)  loss_giou_dn_3: 0.2316 (0.2311)  loss_giou_dn_4: 0.2321 (0.2311)  loss_giou_dn_5: 0.2320 (0.2311)  loss_giou_dn_pre: 0.3177 (0.3145)  loss_giou_enc_0: 0.3953 (0.4201)  loss_giou_pre: 0.3071 (0.3157)  loss_vfl: 0.3670 (0.3448)  loss_vfl_aux_0: 0.3929 (0.4038)  loss_vfl_aux_1: 0.3829 (0.3630)  loss_vfl_aux_2: 0.3820 (0.3498)  loss_vfl_aux_3: 0.3652 (0.3449)  loss_vfl_aux_4: 0.3687 (0.3445)  loss_vfl_dn_0: 0.3949 (0.3907)  loss_vfl_dn_1: 0.3034 (0.3052)  loss_vfl_dn_2: 0.2916 (0.2974)  loss_vfl_dn_3: 0.2920 (0.2961)  loss_vfl_dn_4: 0.2911 (0.2960)  loss_vfl_dn_5: 0.2911 (0.2963)  loss_vfl_dn_pre: 0.3939 (0.3909)  loss_vfl_enc_0: 0.4531 (0.4617)  loss_vfl_pre: 0.3911 (0.4022)  time: 0.6073  data: 0.0083  max mem: 17742
Epoch: [1/120]  [1800/2360]  eta: 0:05:37  lr: 0.000009  loss: 25.4422 (23.8320)  loss_bbox: 0.0615 (0.0717)  loss_bbox_aux_0: 0.0628 (0.0798)  loss_bbox_aux_1: 0.0613 (0.0731)  loss_bbox_aux_2: 0.0613 (0.0718)  loss_bbox_aux_3: 0.0616 (0.0717)  loss_bbox_aux_4: 0.0615 (0.0717)  loss_bbox_dn_0: 0.0946 (0.0902)  loss_bbox_dn_1: 0.0674 (0.0620)  loss_bbox_dn_2: 0.0579 (0.0591)  loss_bbox_dn_3: 0.0587 (0.0590)  loss_bbox_dn_4: 0.0586 (0.0589)  loss_bbox_dn_5: 0.0586 (0.0589)  loss_bbox_dn_pre: 0.0979 (0.0938)  loss_bbox_enc_0: 0.0998 (0.1240)  loss_bbox_pre: 0.0619 (0.0797)  loss_ddf_aux_0: 0.0421 (0.0305)  loss_ddf_aux_1: 0.0063 (0.0043)  loss_ddf_aux_2: 0.0002 (0.0002)  loss_ddf_aux_3: 0.0000 (0.0000)  loss_ddf_aux_4: 0.0000 (0.0000)  loss_ddf_dn_0: 2.3569 (0.5452)  loss_ddf_dn_1: 0.2361 (0.1233)  loss_ddf_dn_2: 0.0075 (0.0068)  loss_ddf_dn_3: 0.0001 (0.0001)  loss_ddf_dn_4: 0.0000 (0.0000)  loss_ddf_dn_5: 0.0000 (0.0000)  loss_fgl: 1.0045 (1.0358)  loss_fgl_aux_0: 1.0389 (1.0678)  loss_fgl_aux_1: 1.0039 (1.0392)  loss_fgl_aux_2: 1.0041 (1.0358)  loss_fgl_aux_3: 1.0043 (1.0358)  loss_fgl_aux_4: 1.0044 (1.0358)  loss_fgl_dn_0: 1.1489 (1.1326)  loss_fgl_dn_1: 0.9948 (1.0028)  loss_fgl_dn_2: 0.9809 (0.9940)  loss_fgl_dn_3: 0.9807 (0.9940)  loss_fgl_dn_4: 0.9807 (0.9940)  loss_fgl_dn_5: 0.9807 (0.9940)  loss_giou: 0.2651 (0.3020)  loss_giou_aux_0: 0.2741 (0.3159)  loss_giou_aux_1: 0.2647 (0.3042)  loss_giou_aux_2: 0.2664 (0.3020)  loss_giou_aux_3: 0.2652 (0.3020)  loss_giou_aux_4: 0.2651 (0.3020)  loss_giou_dn_0: 0.3092 (0.3144)  loss_giou_dn_1: 0.2300 (0.2363)  loss_giou_dn_2: 0.2191 (0.2312)  loss_giou_dn_3: 0.2193 (0.2311)  loss_giou_dn_4: 0.2195 (0.2310)  loss_giou_dn_5: 0.2195 (0.2311)  loss_giou_dn_pre: 0.3090 (0.3144)  loss_giou_enc_0: 0.3828 (0.4193)  loss_giou_pre: 0.2749 (0.3153)  loss_vfl: 0.3124 (0.3442)  loss_vfl_aux_0: 0.3573 (0.4033)  loss_vfl_aux_1: 0.3368 (0.3626)  loss_vfl_aux_2: 0.3295 (0.3493)  loss_vfl_aux_3: 0.3265 (0.3443)  loss_vfl_aux_4: 0.3111 (0.3439)  loss_vfl_dn_0: 0.3995 (0.3908)  loss_vfl_dn_1: 0.3004 (0.3051)  loss_vfl_dn_2: 0.2904 (0.2973)  loss_vfl_dn_3: 0.2884 (0.2960)  loss_vfl_dn_4: 0.2882 (0.2959)  loss_vfl_dn_5: 0.2883 (0.2962)  loss_vfl_dn_pre: 0.3989 (0.3910)  loss_vfl_enc_0: 0.4233 (0.4608)  loss_vfl_pre: 0.3555 (0.4016)  time: 0.5937  data: 0.0084  max mem: 17742
Epoch: [1/120]  [1900/2360]  eta: 0:04:36  lr: 0.000009  loss: 23.5228 (23.8577)  loss_bbox: 0.0487 (0.0721)  loss_bbox_aux_0: 0.0698 (0.0802)  loss_bbox_aux_1: 0.0501 (0.0735)  loss_bbox_aux_2: 0.0487 (0.0721)  loss_bbox_aux_3: 0.0487 (0.0721)  loss_bbox_aux_4: 0.0487 (0.0721)  loss_bbox_dn_0: 0.0823 (0.0904)  loss_bbox_dn_1: 0.0494 (0.0622)  loss_bbox_dn_2: 0.0475 (0.0593)  loss_bbox_dn_3: 0.0473 (0.0591)  loss_bbox_dn_4: 0.0473 (0.0591)  loss_bbox_dn_5: 0.0473 (0.0591)  loss_bbox_dn_pre: 0.0818 (0.0939)  loss_bbox_enc_0: 0.1031 (0.1245)  loss_bbox_pre: 0.0700 (0.0801)  loss_ddf_aux_0: 0.0383 (0.0309)  loss_ddf_aux_1: 0.0060 (0.0044)  loss_ddf_aux_2: 0.0003 (0.0002)  loss_ddf_aux_3: 0.0000 (0.0000)  loss_ddf_aux_4: 0.0000 (0.0000)  loss_ddf_dn_0: 0.5472 (0.5609)  loss_ddf_dn_1: 0.1890 (0.1301)  loss_ddf_dn_2: 0.0139 (0.0072)  loss_ddf_dn_3: 0.0001 (0.0002)  loss_ddf_dn_4: 0.0000 (0.0000)  loss_ddf_dn_5: 0.0000 (0.0000)  loss_fgl: 1.0375 (1.0358)  loss_fgl_aux_0: 1.0729 (1.0679)  loss_fgl_aux_1: 1.0442 (1.0391)  loss_fgl_aux_2: 1.0382 (1.0358)  loss_fgl_aux_3: 1.0378 (1.0358)  loss_fgl_aux_4: 1.0377 (1.0358)  loss_fgl_dn_0: 1.1217 (1.1325)  loss_fgl_dn_1: 0.9869 (1.0029)  loss_fgl_dn_2: 0.9833 (0.9941)  loss_fgl_dn_3: 0.9825 (0.9941)  loss_fgl_dn_4: 0.9825 (0.9941)  loss_fgl_dn_5: 0.9825 (0.9941)  loss_giou: 0.2695 (0.3015)  loss_giou_aux_0: 0.2937 (0.3154)  loss_giou_aux_1: 0.2677 (0.3036)  loss_giou_aux_2: 0.2703 (0.3015)  loss_giou_aux_3: 0.2695 (0.3015)  loss_giou_aux_4: 0.2695 (0.3015)  loss_giou_dn_0: 0.2968 (0.3140)  loss_giou_dn_1: 0.2189 (0.2361)  loss_giou_dn_2: 0.2144 (0.2310)  loss_giou_dn_3: 0.2145 (0.2308)  loss_giou_dn_4: 0.2146 (0.2308)  loss_giou_dn_5: 0.2146 (0.2308)  loss_giou_dn_pre: 0.2948 (0.3141)  loss_giou_enc_0: 0.3994 (0.4187)  loss_giou_pre: 0.2927 (0.3148)  loss_vfl: 0.3097 (0.3443)  loss_vfl_aux_0: 0.3797 (0.4036)  loss_vfl_aux_1: 0.3312 (0.3630)  loss_vfl_aux_2: 0.3254 (0.3496)  loss_vfl_aux_3: 0.3205 (0.3446)  loss_vfl_aux_4: 0.3079 (0.3441)  loss_vfl_dn_0: 0.3878 (0.3907)  loss_vfl_dn_1: 0.3036 (0.3064)  loss_vfl_dn_2: 0.2924 (0.2978)  loss_vfl_dn_3: 0.2896 (0.2960)  loss_vfl_dn_4: 0.2898 (0.2959)  loss_vfl_dn_5: 0.2900 (0.2962)  loss_vfl_dn_pre: 0.3877 (0.3909)  loss_vfl_enc_0: 0.4465 (0.4609)  loss_vfl_pre: 0.3771 (0.4020)  time: 0.6044  data: 0.0087  max mem: 17742
Epoch: [1/120]  [2000/2360]  eta: 0:03:36  lr: 0.000009  loss: 23.5319 (23.8802)  loss_bbox: 0.0501 (0.0717)  loss_bbox_aux_0: 0.0623 (0.0800)  loss_bbox_aux_1: 0.0506 (0.0731)  loss_bbox_aux_2: 0.0501 (0.0717)  loss_bbox_aux_3: 0.0501 (0.0717)  loss_bbox_aux_4: 0.0501 (0.0717)  loss_bbox_dn_0: 0.0780 (0.0900)  loss_bbox_dn_1: 0.0462 (0.0619)  loss_bbox_dn_2: 0.0429 (0.0590)  loss_bbox_dn_3: 0.0427 (0.0588)  loss_bbox_dn_4: 0.0423 (0.0588)  loss_bbox_dn_5: 0.0423 (0.0588)  loss_bbox_dn_pre: 0.0824 (0.0935)  loss_bbox_enc_0: 0.0981 (0.1242)  loss_bbox_pre: 0.0606 (0.0799)  loss_ddf_aux_0: 0.0355 (0.0315)  loss_ddf_aux_1: 0.0061 (0.0046)  loss_ddf_aux_2: 0.0002 (0.0002)  loss_ddf_aux_3: 0.0000 (0.0000)  loss_ddf_aux_4: 0.0000 (0.0000)  loss_ddf_dn_0: 0.5725 (0.5762)  loss_ddf_dn_1: 0.2466 (0.1440)  loss_ddf_dn_2: 0.0276 (0.0080)  loss_ddf_dn_3: 0.0003 (0.0002)  loss_ddf_dn_4: 0.0000 (0.0000)  loss_ddf_dn_5: 0.0000 (0.0000)  loss_fgl: 1.0427 (1.0360)  loss_fgl_aux_0: 1.0771 (1.0683)  loss_fgl_aux_1: 1.0472 (1.0394)  loss_fgl_aux_2: 1.0424 (1.0360)  loss_fgl_aux_3: 1.0428 (1.0360)  loss_fgl_aux_4: 1.0427 (1.0360)  loss_fgl_dn_0: 1.1305 (1.1323)  loss_fgl_dn_1: 1.0047 (1.0033)  loss_fgl_dn_2: 0.9918 (0.9945)  loss_fgl_dn_3: 0.9906 (0.9945)  loss_fgl_dn_4: 0.9904 (0.9945)  loss_fgl_dn_5: 0.9904 (0.9946)  loss_giou: 0.2908 (0.3013)  loss_giou_aux_0: 0.3024 (0.3152)  loss_giou_aux_1: 0.2902 (0.3034)  loss_giou_aux_2: 0.2910 (0.3013)  loss_giou_aux_3: 0.2907 (0.3013)  loss_giou_aux_4: 0.2907 (0.3013)  loss_giou_dn_0: 0.2965 (0.3135)  loss_giou_dn_1: 0.2352 (0.2359)  loss_giou_dn_2: 0.2274 (0.2308)  loss_giou_dn_3: 0.2266 (0.2307)  loss_giou_dn_4: 0.2264 (0.2307)  loss_giou_dn_5: 0.2264 (0.2307)  loss_giou_dn_pre: 0.2936 (0.3135)  loss_giou_enc_0: 0.3900 (0.4182)  loss_giou_pre: 0.2998 (0.3146)  loss_vfl: 0.3203 (0.3440)  loss_vfl_aux_0: 0.3643 (0.4034)  loss_vfl_aux_1: 0.3268 (0.3626)  loss_vfl_aux_2: 0.3205 (0.3494)  loss_vfl_aux_3: 0.3188 (0.3444)  loss_vfl_aux_4: 0.3203 (0.3438)  loss_vfl_dn_0: 0.3805 (0.3905)  loss_vfl_dn_1: 0.3043 (0.3064)  loss_vfl_dn_2: 0.2938 (0.2978)  loss_vfl_dn_3: 0.2930 (0.2960)  loss_vfl_dn_4: 0.2933 (0.2958)  loss_vfl_dn_5: 0.2935 (0.2962)  loss_vfl_dn_pre: 0.3822 (0.3907)  loss_vfl_enc_0: 0.4305 (0.4604)  loss_vfl_pre: 0.3607 (0.4018)  time: 0.6355  data: 0.0088  max mem: 17742
Epoch: [1/120]  [2100/2360]  eta: 0:02:36  lr: 0.000009  loss: 24.4269 (23.9049)  loss_bbox: 0.0603 (0.0716)  loss_bbox_aux_0: 0.0713 (0.0799)  loss_bbox_aux_1: 0.0591 (0.0730)  loss_bbox_aux_2: 0.0603 (0.0716)  loss_bbox_aux_3: 0.0602 (0.0716)  loss_bbox_aux_4: 0.0603 (0.0716)  loss_bbox_dn_0: 0.0788 (0.0899)  loss_bbox_dn_1: 0.0520 (0.0620)  loss_bbox_dn_2: 0.0484 (0.0590)  loss_bbox_dn_3: 0.0476 (0.0588)  loss_bbox_dn_4: 0.0476 (0.0588)  loss_bbox_dn_5: 0.0476 (0.0588)  loss_bbox_dn_pre: 0.0851 (0.0935)  loss_bbox_enc_0: 0.1119 (0.1241)  loss_bbox_pre: 0.0688 (0.0798)  loss_ddf_aux_0: 0.0360 (0.0316)  loss_ddf_aux_1: 0.0071 (0.0047)  loss_ddf_aux_2: 0.0002 (0.0002)  loss_ddf_aux_3: 0.0000 (0.0000)  loss_ddf_aux_4: 0.0000 (0.0000)  loss_ddf_dn_0: 0.8583 (0.5778)  loss_ddf_dn_1: 0.5641 (0.1519)  loss_ddf_dn_2: 0.0407 (0.0092)  loss_ddf_dn_3: 0.0003 (0.0002)  loss_ddf_dn_4: 0.0000 (0.0000)  loss_ddf_dn_5: 0.0000 (0.0000)  loss_fgl: 1.0069 (1.0364)  loss_fgl_aux_0: 1.0403 (1.0686)  loss_fgl_aux_1: 1.0146 (1.0397)  loss_fgl_aux_2: 1.0077 (1.0364)  loss_fgl_aux_3: 1.0070 (1.0363)  loss_fgl_aux_4: 1.0069 (1.0363)  loss_fgl_dn_0: 1.1097 (1.1325)  loss_fgl_dn_1: 0.9939 (1.0040)  loss_fgl_dn_2: 0.9829 (0.9953)  loss_fgl_dn_3: 0.9829 (0.9953)  loss_fgl_dn_4: 0.9829 (0.9953)  loss_fgl_dn_5: 0.9830 (0.9953)  loss_giou: 0.2809 (0.3017)  loss_giou_aux_0: 0.2944 (0.3155)  loss_giou_aux_1: 0.2828 (0.3038)  loss_giou_aux_2: 0.2800 (0.3016)  loss_giou_aux_3: 0.2805 (0.3016)  loss_giou_aux_4: 0.2807 (0.3017)  loss_giou_dn_0: 0.3103 (0.3139)  loss_giou_dn_1: 0.2400 (0.2364)  loss_giou_dn_2: 0.2373 (0.2312)  loss_giou_dn_3: 0.2367 (0.2311)  loss_giou_dn_4: 0.2367 (0.2311)  loss_giou_dn_5: 0.2367 (0.2311)  loss_giou_dn_pre: 0.3100 (0.3139)  loss_giou_enc_0: 0.4088 (0.4183)  loss_giou_pre: 0.2959 (0.3149)  loss_vfl: 0.3203 (0.3442)  loss_vfl_aux_0: 0.3862 (0.4035)  loss_vfl_aux_1: 0.3365 (0.3628)  loss_vfl_aux_2: 0.3300 (0.3496)  loss_vfl_aux_3: 0.3225 (0.3445)  loss_vfl_aux_4: 0.3212 (0.3440)  loss_vfl_dn_0: 0.3848 (0.3908)  loss_vfl_dn_1: 0.3089 (0.3069)  loss_vfl_dn_2: 0.3005 (0.2981)  loss_vfl_dn_3: 0.2984 (0.2963)  loss_vfl_dn_4: 0.2979 (0.2961)  loss_vfl_dn_5: 0.2979 (0.2965)  loss_vfl_dn_pre: 0.3846 (0.3910)  loss_vfl_enc_0: 0.4264 (0.4597)  loss_vfl_pre: 0.3844 (0.4020)  time: 0.5985  data: 0.0087  max mem: 17742
Epoch: [1/120]  [2200/2360]  eta: 0:01:36  lr: 0.000009  loss: 25.5622 (23.9948)  loss_bbox: 0.0671 (0.0714)  loss_bbox_aux_0: 0.0787 (0.0797)  loss_bbox_aux_1: 0.0666 (0.0728)  loss_bbox_aux_2: 0.0671 (0.0714)  loss_bbox_aux_3: 0.0672 (0.0714)  loss_bbox_aux_4: 0.0671 (0.0714)  loss_bbox_dn_0: 0.0887 (0.0898)  loss_bbox_dn_1: 0.0621 (0.0620)  loss_bbox_dn_2: 0.0583 (0.0590)  loss_bbox_dn_3: 0.0566 (0.0588)  loss_bbox_dn_4: 0.0569 (0.0588)  loss_bbox_dn_5: 0.0569 (0.0588)  loss_bbox_dn_pre: 0.0924 (0.0934)  loss_bbox_enc_0: 0.1031 (0.1235)  loss_bbox_pre: 0.0779 (0.0796)  loss_ddf_aux_0: 0.0381 (0.0320)  loss_ddf_aux_1: 0.0059 (0.0049)  loss_ddf_aux_2: 0.0002 (0.0002)  loss_ddf_aux_3: 0.0000 (0.0000)  loss_ddf_aux_4: 0.0000 (0.0000)  loss_ddf_dn_0: 1.6921 (0.6203)  loss_ddf_dn_1: 0.2225 (0.1739)  loss_ddf_dn_2: 0.0250 (0.0106)  loss_ddf_dn_3: 0.0005 (0.0002)  loss_ddf_dn_4: 0.0000 (0.0000)  loss_ddf_dn_5: 0.0000 (0.0000)  loss_fgl: 1.0604 (1.0376)  loss_fgl_aux_0: 1.0914 (1.0697)  loss_fgl_aux_1: 1.0633 (1.0409)  loss_fgl_aux_2: 1.0596 (1.0376)  loss_fgl_aux_3: 1.0604 (1.0376)  loss_fgl_aux_4: 1.0604 (1.0376)  loss_fgl_dn_0: 1.1666 (1.1335)  loss_fgl_dn_1: 1.0512 (1.0055)  loss_fgl_dn_2: 1.0418 (0.9969)  loss_fgl_dn_3: 1.0419 (0.9969)  loss_fgl_dn_4: 1.0419 (0.9970)  loss_fgl_dn_5: 1.0419 (0.9970)  loss_giou: 0.3098 (0.3022)  loss_giou_aux_0: 0.3268 (0.3162)  loss_giou_aux_1: 0.3144 (0.3044)  loss_giou_aux_2: 0.3101 (0.3022)  loss_giou_aux_3: 0.3098 (0.3022)  loss_giou_aux_4: 0.3098 (0.3022)  loss_giou_dn_0: 0.3264 (0.3143)  loss_giou_dn_1: 0.2492 (0.2369)  loss_giou_dn_2: 0.2425 (0.2316)  loss_giou_dn_3: 0.2419 (0.2314)  loss_giou_dn_4: 0.2420 (0.2314)  loss_giou_dn_5: 0.2420 (0.2314)  loss_giou_dn_pre: 0.3203 (0.3142)  loss_giou_enc_0: 0.3975 (0.4186)  loss_giou_pre: 0.3239 (0.3155)  loss_vfl: 0.3424 (0.3445)  loss_vfl_aux_0: 0.3903 (0.4034)  loss_vfl_aux_1: 0.3625 (0.3630)  loss_vfl_aux_2: 0.3561 (0.3500)  loss_vfl_aux_3: 0.3449 (0.3448)  loss_vfl_aux_4: 0.3418 (0.3443)  loss_vfl_dn_0: 0.3926 (0.3909)  loss_vfl_dn_1: 0.3218 (0.3072)  loss_vfl_dn_2: 0.3147 (0.2984)  loss_vfl_dn_3: 0.3080 (0.2966)  loss_vfl_dn_4: 0.3086 (0.2964)  loss_vfl_dn_5: 0.3088 (0.2968)  loss_vfl_dn_pre: 0.3935 (0.3911)  loss_vfl_enc_0: 0.4277 (0.4592)  loss_vfl_pre: 0.3916 (0.4020)  time: 0.5795  data: 0.0088  max mem: 17742
Epoch: [1/120]  [2300/2360]  eta: 0:00:36  lr: 0.000009  loss: 23.8781 (24.0331)  loss_bbox: 0.0667 (0.0712)  loss_bbox_aux_0: 0.0728 (0.0795)  loss_bbox_aux_1: 0.0681 (0.0726)  loss_bbox_aux_2: 0.0667 (0.0713)  loss_bbox_aux_3: 0.0667 (0.0712)  loss_bbox_aux_4: 0.0667 (0.0712)  loss_bbox_dn_0: 0.0828 (0.0898)  loss_bbox_dn_1: 0.0625 (0.0621)  loss_bbox_dn_2: 0.0619 (0.0591)  loss_bbox_dn_3: 0.0620 (0.0589)  loss_bbox_dn_4: 0.0620 (0.0588)  loss_bbox_dn_5: 0.0620 (0.0588)  loss_bbox_dn_pre: 0.0902 (0.0934)  loss_bbox_enc_0: 0.1161 (0.1231)  loss_bbox_pre: 0.0719 (0.0794)  loss_ddf_aux_0: 0.0653 (0.0329)  loss_ddf_aux_1: 0.0152 (0.0052)  loss_ddf_aux_2: 0.0004 (0.0002)  loss_ddf_aux_3: 0.0000 (0.0000)  loss_ddf_aux_4: 0.0000 (0.0000)  loss_ddf_dn_0: 0.9598 (0.6399)  loss_ddf_dn_1: 0.3703 (0.1850)  loss_ddf_dn_2: 0.0436 (0.0116)  loss_ddf_dn_3: 0.0007 (0.0002)  loss_ddf_dn_4: 0.0000 (0.0000)  loss_ddf_dn_5: 0.0000 (0.0000)  loss_fgl: 1.0232 (1.0379)  loss_fgl_aux_0: 1.0558 (1.0699)  loss_fgl_aux_1: 1.0334 (1.0412)  loss_fgl_aux_2: 1.0228 (1.0379)  loss_fgl_aux_3: 1.0232 (1.0379)  loss_fgl_aux_4: 1.0232 (1.0379)  loss_fgl_dn_0: 1.1218 (1.1338)  loss_fgl_dn_1: 1.0108 (1.0064)  loss_fgl_dn_2: 1.0007 (0.9978)  loss_fgl_dn_3: 1.0007 (0.9978)  loss_fgl_dn_4: 1.0009 (0.9978)  loss_fgl_dn_5: 1.0009 (0.9978)  loss_giou: 0.2686 (0.3021)  loss_giou_aux_0: 0.2777 (0.3160)  loss_giou_aux_1: 0.2711 (0.3042)  loss_giou_aux_2: 0.2678 (0.3021)  loss_giou_aux_3: 0.2683 (0.3021)  loss_giou_aux_4: 0.2685 (0.3021)  loss_giou_dn_0: 0.2974 (0.3141)  loss_giou_dn_1: 0.2298 (0.2369)  loss_giou_dn_2: 0.2241 (0.2316)  loss_giou_dn_3: 0.2245 (0.2314)  loss_giou_dn_4: 0.2245 (0.2314)  loss_giou_dn_5: 0.2245 (0.2314)  loss_giou_dn_pre: 0.2961 (0.3140)  loss_giou_enc_0: 0.3733 (0.4186)  loss_giou_pre: 0.2765 (0.3154)  loss_vfl: 0.3238 (0.3444)  loss_vfl_aux_0: 0.3941 (0.4035)  loss_vfl_aux_1: 0.3418 (0.3632)  loss_vfl_aux_2: 0.3280 (0.3499)  loss_vfl_aux_3: 0.3238 (0.3448)  loss_vfl_aux_4: 0.3257 (0.3441)  loss_vfl_dn_0: 0.3793 (0.3912)  loss_vfl_dn_1: 0.3018 (0.3081)  loss_vfl_dn_2: 0.2934 (0.2988)  loss_vfl_dn_3: 0.2900 (0.2967)  loss_vfl_dn_4: 0.2888 (0.2965)  loss_vfl_dn_5: 0.2904 (0.2969)  loss_vfl_dn_pre: 0.3834 (0.3914)  loss_vfl_enc_0: 0.4596 (0.4589)  loss_vfl_pre: 0.3927 (0.4021)  time: 0.5807  data: 0.0086  max mem: 17742
Epoch: [1/120]  [2359/2360]  eta: 0:00:00  lr: 0.000009  loss: 25.5725 (24.0615)  loss_bbox: 0.0732 (0.0712)  loss_bbox_aux_0: 0.0767 (0.0795)  loss_bbox_aux_1: 0.0696 (0.0726)  loss_bbox_aux_2: 0.0726 (0.0712)  loss_bbox_aux_3: 0.0731 (0.0712)  loss_bbox_aux_4: 0.0732 (0.0712)  loss_bbox_dn_0: 0.0968 (0.0899)  loss_bbox_dn_1: 0.0722 (0.0622)  loss_bbox_dn_2: 0.0696 (0.0592)  loss_bbox_dn_3: 0.0691 (0.0589)  loss_bbox_dn_4: 0.0691 (0.0589)  loss_bbox_dn_5: 0.0691 (0.0589)  loss_bbox_dn_pre: 0.1016 (0.0935)  loss_bbox_enc_0: 0.1197 (0.1231)  loss_bbox_pre: 0.0811 (0.0794)  loss_ddf_aux_0: 0.0549 (0.0333)  loss_ddf_aux_1: 0.0145 (0.0054)  loss_ddf_aux_2: 0.0003 (0.0002)  loss_ddf_aux_3: -0.0000 (0.0000)  loss_ddf_aux_4: -0.0000 (0.0000)  loss_ddf_dn_0: 1.5115 (0.6571)  loss_ddf_dn_1: 0.8930 (0.2018)  loss_ddf_dn_2: 0.0399 (0.0123)  loss_ddf_dn_3: 0.0005 (0.0002)  loss_ddf_dn_4: 0.0000 (0.0000)  loss_ddf_dn_5: 0.0000 (0.0000)  loss_fgl: 1.0258 (1.0376)  loss_fgl_aux_0: 1.0612 (1.0697)  loss_fgl_aux_1: 1.0183 (1.0409)  loss_fgl_aux_2: 1.0275 (1.0376)  loss_fgl_aux_3: 1.0258 (1.0375)  loss_fgl_aux_4: 1.0258 (1.0376)  loss_fgl_dn_0: 1.1264 (1.1336)  loss_fgl_dn_1: 0.9957 (1.0063)  loss_fgl_dn_2: 0.9930 (0.9977)  loss_fgl_dn_3: 0.9932 (0.9977)  loss_fgl_dn_4: 0.9932 (0.9977)  loss_fgl_dn_5: 0.9932 (0.9977)  loss_giou: 0.2761 (0.3018)  loss_giou_aux_0: 0.2909 (0.3157)  loss_giou_aux_1: 0.2815 (0.3040)  loss_giou_aux_2: 0.2749 (0.3018)  loss_giou_aux_3: 0.2761 (0.3018)  loss_giou_aux_4: 0.2761 (0.3018)  loss_giou_dn_0: 0.2986 (0.3139)  loss_giou_dn_1: 0.2300 (0.2369)  loss_giou_dn_2: 0.2267 (0.2315)  loss_giou_dn_3: 0.2260 (0.2313)  loss_giou_dn_4: 0.2258 (0.2313)  loss_giou_dn_5: 0.2258 (0.2313)  loss_giou_dn_pre: 0.2991 (0.3138)  loss_giou_enc_0: 0.3882 (0.4184)  loss_giou_pre: 0.2932 (0.3151)  loss_vfl: 0.3231 (0.3441)  loss_vfl_aux_0: 0.3827 (0.4033)  loss_vfl_aux_1: 0.3332 (0.3629)  loss_vfl_aux_2: 0.3267 (0.3497)  loss_vfl_aux_3: 0.3241 (0.3445)  loss_vfl_aux_4: 0.3229 (0.3439)  loss_vfl_dn_0: 0.3883 (0.3912)  loss_vfl_dn_1: 0.3009 (0.3080)  loss_vfl_dn_2: 0.2913 (0.2987)  loss_vfl_dn_3: 0.2911 (0.2966)  loss_vfl_dn_4: 0.2902 (0.2964)  loss_vfl_dn_5: 0.2902 (0.2968)  loss_vfl_dn_pre: 0.3885 (0.3914)  loss_vfl_enc_0: 0.4567 (0.4588)  loss_vfl_pre: 0.3827 (0.4020)  time: 0.5734  data: 0.0080  max mem: 17742
Epoch: [1/120] Total time: 0:23:39 (0.6014 s / it)
Averaged stats: lr: 0.000009  loss: 25.5725 (24.0615)  loss_bbox: 0.0732 (0.0712)  loss_bbox_aux_0: 0.0767 (0.0795)  loss_bbox_aux_1: 0.0696 (0.0726)  loss_bbox_aux_2: 0.0726 (0.0712)  loss_bbox_aux_3: 0.0731 (0.0712)  loss_bbox_aux_4: 0.0732 (0.0712)  loss_bbox_dn_0: 0.0968 (0.0899)  loss_bbox_dn_1: 0.0722 (0.0622)  loss_bbox_dn_2: 0.0696 (0.0592)  loss_bbox_dn_3: 0.0691 (0.0589)  loss_bbox_dn_4: 0.0691 (0.0589)  loss_bbox_dn_5: 0.0691 (0.0589)  loss_bbox_dn_pre: 0.1016 (0.0935)  loss_bbox_enc_0: 0.1197 (0.1231)  loss_bbox_pre: 0.0811 (0.0794)  loss_ddf_aux_0: 0.0549 (0.0333)  loss_ddf_aux_1: 0.0145 (0.0054)  loss_ddf_aux_2: 0.0003 (0.0002)  loss_ddf_aux_3: -0.0000 (0.0000)  loss_ddf_aux_4: -0.0000 (0.0000)  loss_ddf_dn_0: 1.5115 (0.6571)  loss_ddf_dn_1: 0.8930 (0.2018)  loss_ddf_dn_2: 0.0399 (0.0123)  loss_ddf_dn_3: 0.0005 (0.0002)  loss_ddf_dn_4: 0.0000 (0.0000)  loss_ddf_dn_5: 0.0000 (0.0000)  loss_fgl: 1.0258 (1.0376)  loss_fgl_aux_0: 1.0612 (1.0697)  loss_fgl_aux_1: 1.0183 (1.0409)  loss_fgl_aux_2: 1.0275 (1.0376)  loss_fgl_aux_3: 1.0258 (1.0375)  loss_fgl_aux_4: 1.0258 (1.0376)  loss_fgl_dn_0: 1.1264 (1.1336)  loss_fgl_dn_1: 0.9957 (1.0063)  loss_fgl_dn_2: 0.9930 (0.9977)  loss_fgl_dn_3: 0.9932 (0.9977)  loss_fgl_dn_4: 0.9932 (0.9977)  loss_fgl_dn_5: 0.9932 (0.9977)  loss_giou: 0.2761 (0.3018)  loss_giou_aux_0: 0.2909 (0.3157)  loss_giou_aux_1: 0.2815 (0.3040)  loss_giou_aux_2: 0.2749 (0.3018)  loss_giou_aux_3: 0.2761 (0.3018)  loss_giou_aux_4: 0.2761 (0.3018)  loss_giou_dn_0: 0.2986 (0.3139)  loss_giou_dn_1: 0.2300 (0.2369)  loss_giou_dn_2: 0.2267 (0.2315)  loss_giou_dn_3: 0.2260 (0.2313)  loss_giou_dn_4: 0.2258 (0.2313)  loss_giou_dn_5: 0.2258 (0.2313)  loss_giou_dn_pre: 0.2991 (0.3138)  loss_giou_enc_0: 0.3882 (0.4184)  loss_giou_pre: 0.2932 (0.3151)  loss_vfl: 0.3231 (0.3441)  loss_vfl_aux_0: 0.3827 (0.4033)  loss_vfl_aux_1: 0.3332 (0.3629)  loss_vfl_aux_2: 0.3267 (0.3497)  loss_vfl_aux_3: 0.3241 (0.3445)  loss_vfl_aux_4: 0.3229 (0.3439)  loss_vfl_dn_0: 0.3883 (0.3912)  loss_vfl_dn_1: 0.3009 (0.3080)  loss_vfl_dn_2: 0.2913 (0.2987)  loss_vfl_dn_3: 0.2911 (0.2966)  loss_vfl_dn_4: 0.2902 (0.2964)  loss_vfl_dn_5: 0.2902 (0.2968)  loss_vfl_dn_pre: 0.3885 (0.3914)  loss_vfl_enc_0: 0.4567 (0.4588)  loss_vfl_pre: 0.3827 (0.4020)
Test:  [  0/109]  eta: 0:01:51    time: 1.0226  data: 0.8518  max mem: 17742
Test:  [ 10/109]  eta: 0:00:25    time: 0.2541  data: 0.0880  max mem: 17742
Test:  [ 20/109]  eta: 0:00:21    time: 0.1983  data: 0.0108  max mem: 17742
Test:  [ 30/109]  eta: 0:00:16    time: 0.1931  data: 0.0100  max mem: 17742
Test:  [ 40/109]  eta: 0:00:14    time: 0.1901  data: 0.0102  max mem: 17742
Test:  [ 50/109]  eta: 0:00:12    time: 0.2112  data: 0.0104  max mem: 17742
Test:  [ 60/109]  eta: 0:00:10    time: 0.1894  data: 0.0101  max mem: 17742
Test:  [ 70/109]  eta: 0:00:08    time: 0.1889  data: 0.0097  max mem: 17742
Test:  [ 80/109]  eta: 0:00:05    time: 0.1862  data: 0.0104  max mem: 17742
Test:  [ 90/109]  eta: 0:00:03    time: 0.1863  data: 0.0105  max mem: 17742
Test:  [100/109]  eta: 0:00:01    time: 0.1983  data: 0.0100  max mem: 17742
Test:  [108/109]  eta: 0:00:00    time: 0.1617  data: 0.0092  max mem: 17742
Test: Total time: 0:00:21 (0.1962 s / it)
Metrics: {'f1': 0.9426229508196721, 'precision': 0.9606205250596659, 'recall': 0.9252873563218391, 'iou': 0.734578096457362, 'TPs': 805, 'FPs': 33, 'FNs': 65}
Averaged stats: 
Accumulating evaluation results...
COCOeval_opt.accumulate() finished...
DONE (t=0.28s).
IoU metric: bbox
 Average Precision  (AP) @[ IoU=0.50:0.95 | area=   all | maxDets=100 ] = 0.614
 Average Precision  (AP) @[ IoU=0.50      | area=   all | maxDets=100 ] = 0.944
 Average Precision  (AP) @[ IoU=0.75      | area=   all | maxDets=100 ] = 0.681
 Average Precision  (AP) @[ IoU=0.50:0.95 | area= small | maxDets=100 ] = 0.531
 Average Precision  (AP) @[ IoU=0.50:0.95 | area=medium | maxDets=100 ] = 0.713
 Average Precision  (AP) @[ IoU=0.50:0.95 | area= large | maxDets=100 ] = 0.718
 Average Recall     (AR) @[ IoU=0.50:0.95 | area=   all | maxDets=  1 ] = 0.634
 Average Recall     (AR) @[ IoU=0.50:0.95 | area=   all | maxDets= 10 ] = 0.666
 Average Recall     (AR) @[ IoU=0.50:0.95 | area=   all | maxDets=100 ] = 0.694
 Average Recall     (AR) @[ IoU=0.50:0.95 | area= small | maxDets=100 ] = 0.606
 Average Recall     (AR) @[ IoU=0.50:0.95 | area=medium | maxDets=100 ] = 0.775
 Average Recall     (AR) @[ IoU=0.50:0.95 | area= large | maxDets=100 ] = 0.850
 Average Recall     (AR) @[ IoU=0.50      | area=   all | maxDets=100 ] = 0.972
 Average Recall     (AR) @[ IoU=0.75      | area=   all | maxDets=100 ] = 0.786
best_stat: {'epoch': 1, 'coco_eval_bbox': 0.6143858138329126}
Epoch: [2/120]  [   0/2360]  eta: 2:16:04  lr: 0.000009  loss: 25.1081 (25.1081)  loss_bbox: 0.0724 (0.0724)  loss_bbox_aux_0: 0.0793 (0.0793)  loss_bbox_aux_1: 0.0705 (0.0705)  loss_bbox_aux_2: 0.0724 (0.0724)  loss_bbox_aux_3: 0.0724 (0.0724)  loss_bbox_aux_4: 0.0724 (0.0724)  loss_bbox_dn_0: 0.0899 (0.0899)  loss_bbox_dn_1: 0.0678 (0.0678)  loss_bbox_dn_2: 0.0675 (0.0675)  loss_bbox_dn_3: 0.0684 (0.0684)  loss_bbox_dn_4: 0.0682 (0.0682)  loss_bbox_dn_5: 0.0682 (0.0682)  loss_bbox_dn_pre: 0.0976 (0.0976)  loss_bbox_enc_0: 0.1302 (0.1302)  loss_bbox_pre: 0.0783 (0.0783)  loss_ddf_aux_0: 0.0581 (0.0581)  loss_ddf_aux_1: 0.0149 (0.0149)  loss_ddf_aux_2: 0.0003 (0.0003)  loss_ddf_aux_3: 0.0001 (0.0001)  loss_ddf_aux_4: 0.0001 (0.0001)  loss_ddf_dn_0: 1.6568 (1.6568)  loss_ddf_dn_1: 0.8743 (0.8743)  loss_ddf_dn_2: 0.0274 (0.0274)  loss_ddf_dn_3: 0.0005 (0.0005)  loss_ddf_dn_4: 0.0000 (0.0000)  loss_ddf_dn_5: 0.0000 (0.0000)  loss_fgl: 1.0273 (1.0273)  loss_fgl_aux_0: 1.0669 (1.0669)  loss_fgl_aux_1: 1.0279 (1.0279)  loss_fgl_aux_2: 1.0270 (1.0270)  loss_fgl_aux_3: 1.0269 (1.0269)  loss_fgl_aux_4: 1.0272 (1.0272)  loss_fgl_dn_0: 1.1198 (1.1198)  loss_fgl_dn_1: 0.9989 (0.9989)  loss_fgl_dn_2: 0.9903 (0.9903)  loss_fgl_dn_3: 0.9909 (0.9909)  loss_fgl_dn_4: 0.9911 (0.9911)  loss_fgl_dn_5: 0.9911 (0.9911)  loss_giou: 0.2588 (0.2588)  loss_giou_aux_0: 0.2753 (0.2753)  loss_giou_aux_1: 0.2614 (0.2614)  loss_giou_aux_2: 0.2581 (0.2581)  loss_giou_aux_3: 0.2587 (0.2587)  loss_giou_aux_4: 0.2587 (0.2587)  loss_giou_dn_0: 0.3048 (0.3048)  loss_giou_dn_1: 0.2266 (0.2266)  loss_giou_dn_2: 0.2219 (0.2219)  loss_giou_dn_3: 0.2222 (0.2222)  loss_giou_dn_4: 0.2221 (0.2221)  loss_giou_dn_5: 0.2221 (0.2221)  loss_giou_dn_pre: 0.3054 (0.3054)  loss_giou_enc_0: 0.3700 (0.3700)  loss_giou_pre: 0.2728 (0.2728)  loss_vfl: 0.3439 (0.3439)  loss_vfl_aux_0: 0.3577 (0.3577)  loss_vfl_aux_1: 0.3521 (0.3521)  loss_vfl_aux_2: 0.3430 (0.3430)  loss_vfl_aux_3: 0.3442 (0.3442)  loss_vfl_aux_4: 0.3450 (0.3450)  loss_vfl_dn_0: 0.3859 (0.3859)  loss_vfl_dn_1: 0.3013 (0.3013)  loss_vfl_dn_2: 0.2964 (0.2964)  loss_vfl_dn_3: 0.2952 (0.2952)  loss_vfl_dn_4: 0.2950 (0.2950)  loss_vfl_dn_5: 0.2948 (0.2948)  loss_vfl_dn_pre: 0.3851 (0.3851)  loss_vfl_enc_0: 0.3810 (0.3810)  loss_vfl_pre: 0.3552 (0.3552)  time: 3.4595  data: 1.2883  max mem: 17742
Epoch: [2/120]  [ 100/2360]  eta: 0:23:52  lr: 0.000009  loss: 23.7184 (24.0012)  loss_bbox: 0.0501 (0.0614)  loss_bbox_aux_0: 0.0549 (0.0686)  loss_bbox_aux_1: 0.0506 (0.0627)  loss_bbox_aux_2: 0.0501 (0.0614)  loss_bbox_aux_3: 0.0501 (0.0614)  loss_bbox_aux_4: 0.0501 (0.0614)  loss_bbox_dn_0: 0.0731 (0.0830)  loss_bbox_dn_1: 0.0509 (0.0591)  loss_bbox_dn_2: 0.0488 (0.0558)  loss_bbox_dn_3: 0.0485 (0.0554)  loss_bbox_dn_4: 0.0484 (0.0551)  loss_bbox_dn_5: 0.0484 (0.0551)  loss_bbox_dn_pre: 0.0776 (0.0867)  loss_bbox_enc_0: 0.0798 (0.1129)  loss_bbox_pre: 0.0557 (0.0682)  loss_ddf_aux_0: 0.0616 (0.0627)  loss_ddf_aux_1: 0.0074 (0.0093)  loss_ddf_aux_2: 0.0002 (0.0002)  loss_ddf_aux_3: 0.0000 (0.0000)  loss_ddf_aux_4: 0.0000 (0.0000)  loss_ddf_dn_0: 0.8857 (0.9980)  loss_ddf_dn_1: 0.2428 (0.3031)  loss_ddf_dn_2: 0.0493 (0.0339)  loss_ddf_dn_3: 0.0020 (0.0011)  loss_ddf_dn_4: 0.0000 (0.0000)  loss_ddf_dn_5: 0.0000 (0.0000)  loss_fgl: 1.0356 (1.0225)  loss_fgl_aux_0: 1.0490 (1.0548)  loss_fgl_aux_1: 1.0384 (1.0261)  loss_fgl_aux_2: 1.0352 (1.0226)  loss_fgl_aux_3: 1.0355 (1.0225)  loss_fgl_aux_4: 1.0356 (1.0225)  loss_fgl_dn_0: 1.1269 (1.1315)  loss_fgl_dn_1: 1.0046 (1.0099)  loss_fgl_dn_2: 0.9981 (0.9990)  loss_fgl_dn_3: 0.9977 (0.9987)  loss_fgl_dn_4: 0.9976 (0.9987)  loss_fgl_dn_5: 0.9976 (0.9987)  loss_giou: 0.2821 (0.2825)  loss_giou_aux_0: 0.2840 (0.2952)  loss_giou_aux_1: 0.2850 (0.2847)  loss_giou_aux_2: 0.2824 (0.2824)  loss_giou_aux_3: 0.2819 (0.2825)  loss_giou_aux_4: 0.2820 (0.2825)  loss_giou_dn_0: 0.2975 (0.3000)  loss_giou_dn_1: 0.2297 (0.2287)  loss_giou_dn_2: 0.2243 (0.2227)  loss_giou_dn_3: 0.2238 (0.2224)  loss_giou_dn_4: 0.2237 (0.2222)  loss_giou_dn_5: 0.2237 (0.2222)  loss_giou_dn_pre: 0.2993 (0.2998)  loss_giou_enc_0: 0.3762 (0.3963)  loss_giou_pre: 0.2835 (0.2945)  loss_vfl: 0.3178 (0.3335)  loss_vfl_aux_0: 0.3730 (0.3908)  loss_vfl_aux_1: 0.3398 (0.3537)  loss_vfl_aux_2: 0.3229 (0.3433)  loss_vfl_aux_3: 0.3189 (0.3341)  loss_vfl_aux_4: 0.3182 (0.3334)  loss_vfl_dn_0: 0.3866 (0.3807)  loss_vfl_dn_1: 0.3063 (0.2991)  loss_vfl_dn_2: 0.2986 (0.2932)  loss_vfl_dn_3: 0.2927 (0.2898)  loss_vfl_dn_4: 0.2921 (0.2896)  loss_vfl_dn_5: 0.2930 (0.2899)  loss_vfl_dn_pre: 0.3905 (0.3828)  loss_vfl_enc_0: 0.4516 (0.4546)  loss_vfl_pre: 0.3714 (0.3903)  time: 0.5886  data: 0.0087  max mem: 17742
Epoch: [2/120]  [ 200/2360]  eta: 0:22:08  lr: 0.000009  loss: 23.8420 (23.8557)  loss_bbox: 0.0490 (0.0637)  loss_bbox_aux_0: 0.0551 (0.0719)  loss_bbox_aux_1: 0.0491 (0.0652)  loss_bbox_aux_2: 0.0490 (0.0639)  loss_bbox_aux_3: 0.0490 (0.0637)  loss_bbox_aux_4: 0.0490 (0.0637)  loss_bbox_dn_0: 0.0631 (0.0861)  loss_bbox_dn_1: 0.0417 (0.0602)  loss_bbox_dn_2: 0.0420 (0.0570)  loss_bbox_dn_3: 0.0411 (0.0566)  loss_bbox_dn_4: 0.0411 (0.0564)  loss_bbox_dn_5: 0.0411 (0.0564)  loss_bbox_dn_pre: 0.0664 (0.0903)  loss_bbox_enc_0: 0.0776 (0.1156)  loss_bbox_pre: 0.0551 (0.0716)  loss_ddf_aux_0: 0.0367 (0.0519)  loss_ddf_aux_1: 0.0071 (0.0080)  loss_ddf_aux_2: 0.0002 (0.0002)  loss_ddf_aux_3: 0.0000 (0.0000)  loss_ddf_aux_4: -0.0000 (0.0000)  loss_ddf_dn_0: 0.7062 (0.7707)  loss_ddf_dn_1: 0.2949 (0.2677)  loss_ddf_dn_2: 0.0390 (0.0393)  loss_ddf_dn_3: 0.0004 (0.0010)  loss_ddf_dn_4: 0.0000 (0.0000)  loss_ddf_dn_5: 0.0000 (0.0000)  loss_fgl: 1.0317 (1.0280)  loss_fgl_aux_0: 1.0660 (1.0602)  loss_fgl_aux_1: 1.0363 (1.0319)  loss_fgl_aux_2: 1.0292 (1.0280)  loss_fgl_aux_3: 1.0309 (1.0280)  loss_fgl_aux_4: 1.0313 (1.0280)  loss_fgl_dn_0: 1.1405 (1.1302)  loss_fgl_dn_1: 1.0028 (1.0041)  loss_fgl_dn_2: 0.9822 (0.9939)  loss_fgl_dn_3: 0.9824 (0.9938)  loss_fgl_dn_4: 0.9824 (0.9939)  loss_fgl_dn_5: 0.9825 (0.9939)  loss_giou: 0.2798 (0.2855)  loss_giou_aux_0: 0.3023 (0.2986)  loss_giou_aux_1: 0.2846 (0.2875)  loss_giou_aux_2: 0.2801 (0.2855)  loss_giou_aux_3: 0.2798 (0.2855)  loss_giou_aux_4: 0.2798 (0.2855)  loss_giou_dn_0: 0.3019 (0.3018)  loss_giou_dn_1: 0.2296 (0.2289)  loss_giou_dn_2: 0.2213 (0.2233)  loss_giou_dn_3: 0.2200 (0.2230)  loss_giou_dn_4: 0.2197 (0.2229)  loss_giou_dn_5: 0.2197 (0.2229)  loss_giou_dn_pre: 0.3019 (0.3020)  loss_giou_enc_0: 0.4282 (0.4070)  loss_giou_pre: 0.2998 (0.2978)  loss_vfl: 0.3223 (0.3348)  loss_vfl_aux_0: 0.4060 (0.3994)  loss_vfl_aux_1: 0.3363 (0.3557)  loss_vfl_aux_2: 0.3278 (0.3437)  loss_vfl_aux_3: 0.3273 (0.3354)  loss_vfl_aux_4: 0.3277 (0.3346)  loss_vfl_dn_0: 0.3862 (0.3843)  loss_vfl_dn_1: 0.3022 (0.3038)  loss_vfl_dn_2: 0.2890 (0.2936)  loss_vfl_dn_3: 0.2882 (0.2903)  loss_vfl_dn_4: 0.2873 (0.2901)  loss_vfl_dn_5: 0.2879 (0.2904)  loss_vfl_dn_pre: 0.3858 (0.3857)  loss_vfl_enc_0: 0.4389 (0.4617)  loss_vfl_pre: 0.4043 (0.3992)  time: 0.6045  data: 0.0084  max mem: 17742
Epoch: [2/120]  [ 300/2360]  eta: 0:20:52  lr: 0.000009  loss: 23.2328 (24.1849)  loss_bbox: 0.0523 (0.0634)  loss_bbox_aux_0: 0.0577 (0.0715)  loss_bbox_aux_1: 0.0527 (0.0649)  loss_bbox_aux_2: 0.0523 (0.0635)  loss_bbox_aux_3: 0.0523 (0.0634)  loss_bbox_aux_4: 0.0523 (0.0634)  loss_bbox_dn_0: 0.0763 (0.0854)  loss_bbox_dn_1: 0.0503 (0.0596)  loss_bbox_dn_2: 0.0488 (0.0565)  loss_bbox_dn_3: 0.0488 (0.0561)  loss_bbox_dn_4: 0.0486 (0.0559)  loss_bbox_dn_5: 0.0486 (0.0559)  loss_bbox_dn_pre: 0.0802 (0.0892)  loss_bbox_enc_0: 0.0983 (0.1149)  loss_bbox_pre: 0.0563 (0.0714)  loss_ddf_aux_0: 0.0553 (0.0542)  loss_ddf_aux_1: 0.0068 (0.0081)  loss_ddf_aux_2: 0.0002 (0.0002)  loss_ddf_aux_3: 0.0000 (0.0000)  loss_ddf_aux_4: 0.0000 (0.0000)  loss_ddf_dn_0: 0.7536 (0.9988)  loss_ddf_dn_1: 0.1726 (0.2910)  loss_ddf_dn_2: 0.0293 (0.0377)  loss_ddf_dn_3: 0.0007 (0.0009)  loss_ddf_dn_4: 0.0000 (0.0000)  loss_ddf_dn_5: 0.0000 (0.0000)  loss_fgl: 1.0377 (1.0333)  loss_fgl_aux_0: 1.0666 (1.0648)  loss_fgl_aux_1: 1.0423 (1.0371)  loss_fgl_aux_2: 1.0366 (1.0333)  loss_fgl_aux_3: 1.0375 (1.0333)  loss_fgl_aux_4: 1.0376 (1.0333)  loss_fgl_dn_0: 1.1358 (1.1319)  loss_fgl_dn_1: 0.9920 (1.0082)  loss_fgl_dn_2: 0.9839 (0.9992)  loss_fgl_dn_3: 0.9847 (0.9991)  loss_fgl_dn_4: 0.9846 (0.9991)  loss_fgl_dn_5: 0.9845 (0.9991)  loss_giou: 0.2765 (0.2883)  loss_giou_aux_0: 0.2829 (0.3017)  loss_giou_aux_1: 0.2814 (0.2904)  loss_giou_aux_2: 0.2785 (0.2883)  loss_giou_aux_3: 0.2763 (0.2883)  loss_giou_aux_4: 0.2764 (0.2883)  loss_giou_dn_0: 0.2899 (0.3014)  loss_giou_dn_1: 0.2171 (0.2291)  loss_giou_dn_2: 0.2072 (0.2235)  loss_giou_dn_3: 0.2078 (0.2232)  loss_giou_dn_4: 0.2077 (0.2231)  loss_giou_dn_5: 0.2076 (0.2231)  loss_giou_dn_pre: 0.2860 (0.3013)  loss_giou_enc_0: 0.3874 (0.4129)  loss_giou_pre: 0.2844 (0.3010)  loss_vfl: 0.3153 (0.3338)  loss_vfl_aux_0: 0.3814 (0.4000)  loss_vfl_aux_1: 0.3484 (0.3561)  loss_vfl_aux_2: 0.3426 (0.3421)  loss_vfl_aux_3: 0.3253 (0.3347)  loss_vfl_aux_4: 0.3147 (0.3336)  loss_vfl_dn_0: 0.3807 (0.3845)  loss_vfl_dn_1: 0.2992 (0.3037)  loss_vfl_dn_2: 0.2870 (0.2939)  loss_vfl_dn_3: 0.2862 (0.2910)  loss_vfl_dn_4: 0.2851 (0.2907)  loss_vfl_dn_5: 0.2854 (0.2911)  loss_vfl_dn_pre: 0.3805 (0.3856)  loss_vfl_enc_0: 0.4651 (0.4630)  loss_vfl_pre: 0.3799 (0.3995)  time: 0.6049  data: 0.0082  max mem: 17742
Epoch: [2/120]  [ 400/2360]  eta: 0:19:43  lr: 0.000009  loss: 23.9511 (24.3296)  loss_bbox: 0.0528 (0.0635)  loss_bbox_aux_0: 0.0530 (0.0719)  loss_bbox_aux_1: 0.0535 (0.0651)  loss_bbox_aux_2: 0.0530 (0.0636)  loss_bbox_aux_3: 0.0528 (0.0634)  loss_bbox_aux_4: 0.0528 (0.0634)  loss_bbox_dn_0: 0.0770 (0.0859)  loss_bbox_dn_1: 0.0514 (0.0598)  loss_bbox_dn_2: 0.0481 (0.0566)  loss_bbox_dn_3: 0.0479 (0.0562)  loss_bbox_dn_4: 0.0478 (0.0560)  loss_bbox_dn_5: 0.0479 (0.0560)  loss_bbox_dn_pre: 0.0787 (0.0895)  loss_bbox_enc_0: 0.0904 (0.1144)  loss_bbox_pre: 0.0529 (0.0718)  loss_ddf_aux_0: 0.0697 (0.0557)  loss_ddf_aux_1: 0.0119 (0.0085)  loss_ddf_aux_2: 0.0002 (0.0002)  loss_ddf_aux_3: 0.0000 (0.0000)  loss_ddf_aux_4: -0.0000 (0.0000)  loss_ddf_dn_0: 0.8460 (1.0157)  loss_ddf_dn_1: 0.2080 (0.3323)  loss_ddf_dn_2: 0.0215 (0.0396)  loss_ddf_dn_3: 0.0004 (0.0008)  loss_ddf_dn_4: 0.0000 (0.0000)  loss_ddf_dn_5: 0.0000 (0.0000)  loss_fgl: 1.0398 (1.0366)  loss_fgl_aux_0: 1.0695 (1.0680)  loss_fgl_aux_1: 1.0395 (1.0403)  loss_fgl_aux_2: 1.0392 (1.0366)  loss_fgl_aux_3: 1.0395 (1.0366)  loss_fgl_aux_4: 1.0397 (1.0366)  loss_fgl_dn_0: 1.1411 (1.1349)  loss_fgl_dn_1: 1.0170 (1.0107)  loss_fgl_dn_2: 1.0128 (1.0021)  loss_fgl_dn_3: 1.0131 (1.0021)  loss_fgl_dn_4: 1.0130 (1.0021)  loss_fgl_dn_5: 1.0129 (1.0021)  loss_giou: 0.2810 (0.2928)  loss_giou_aux_0: 0.3011 (0.3070)  loss_giou_aux_1: 0.2908 (0.2952)  loss_giou_aux_2: 0.2819 (0.2929)  loss_giou_aux_3: 0.2811 (0.2928)  loss_giou_aux_4: 0.2810 (0.2928)  loss_giou_dn_0: 0.3128 (0.3034)  loss_giou_dn_1: 0.2273 (0.2303)  loss_giou_dn_2: 0.2290 (0.2246)  loss_giou_dn_3: 0.2289 (0.2243)  loss_giou_dn_4: 0.2287 (0.2243)  loss_giou_dn_5: 0.2287 (0.2243)  loss_giou_dn_pre: 0.3136 (0.3031)  loss_giou_enc_0: 0.4073 (0.4178)  loss_giou_pre: 0.3047 (0.3062)  loss_vfl: 0.3168 (0.3338)  loss_vfl_aux_0: 0.3807 (0.3978)  loss_vfl_aux_1: 0.3424 (0.3558)  loss_vfl_aux_2: 0.3224 (0.3417)  loss_vfl_aux_3: 0.3178 (0.3353)  loss_vfl_aux_4: 0.3171 (0.3337)  loss_vfl_dn_0: 0.3871 (0.3851)  loss_vfl_dn_1: 0.3063 (0.3044)  loss_vfl_dn_2: 0.3019 (0.2945)  loss_vfl_dn_3: 0.2975 (0.2920)  loss_vfl_dn_4: 0.2964 (0.2917)  loss_vfl_dn_5: 0.2979 (0.2920)  loss_vfl_dn_pre: 0.3888 (0.3862)  loss_vfl_enc_0: 0.4367 (0.4577)  loss_vfl_pre: 0.3822 (0.3973)  time: 0.5771  data: 0.0087  max mem: 17742
Epoch: [2/120]  [ 500/2360]  eta: 0:18:46  lr: 0.000009  loss: 23.8739 (24.2007)  loss_bbox: 0.0622 (0.0634)  loss_bbox_aux_0: 0.0691 (0.0715)  loss_bbox_aux_1: 0.0640 (0.0649)  loss_bbox_aux_2: 0.0617 (0.0636)  loss_bbox_aux_3: 0.0621 (0.0634)  loss_bbox_aux_4: 0.0622 (0.0634)  loss_bbox_dn_0: 0.0799 (0.0855)  loss_bbox_dn_1: 0.0575 (0.0593)  loss_bbox_dn_2: 0.0538 (0.0562)  loss_bbox_dn_3: 0.0538 (0.0559)  loss_bbox_dn_4: 0.0539 (0.0557)  loss_bbox_dn_5: 0.0539 (0.0557)  loss_bbox_dn_pre: 0.0839 (0.0893)  loss_bbox_enc_0: 0.0981 (0.1128)  loss_bbox_pre: 0.0683 (0.0713)  loss_ddf_aux_0: 0.0327 (0.0523)  loss_ddf_aux_1: 0.0046 (0.0080)  loss_ddf_aux_2: 0.0002 (0.0002)  loss_ddf_aux_3: 0.0000 (0.0000)  loss_ddf_aux_4: 0.0000 (0.0000)  loss_ddf_dn_0: 0.6189 (0.9149)  loss_ddf_dn_1: 0.2498 (0.2986)  loss_ddf_dn_2: 0.0194 (0.0353)  loss_ddf_dn_3: 0.0002 (0.0007)  loss_ddf_dn_4: 0.0000 (0.0000)  loss_ddf_dn_5: 0.0000 (0.0000)  loss_fgl: 1.0464 (1.0361)  loss_fgl_aux_0: 1.0552 (1.0672)  loss_fgl_aux_1: 1.0426 (1.0397)  loss_fgl_aux_2: 1.0455 (1.0361)  loss_fgl_aux_3: 1.0463 (1.0361)  loss_fgl_aux_4: 1.0464 (1.0361)  loss_fgl_dn_0: 1.1169 (1.1347)  loss_fgl_dn_1: 0.9994 (1.0096)  loss_fgl_dn_2: 0.9963 (1.0012)  loss_fgl_dn_3: 0.9953 (1.0012)  loss_fgl_dn_4: 0.9952 (1.0012)  loss_fgl_dn_5: 0.9951 (1.0012)  loss_giou: 0.3021 (0.2982)  loss_giou_aux_0: 0.3127 (0.3123)  loss_giou_aux_1: 0.2985 (0.3004)  loss_giou_aux_2: 0.3013 (0.2982)  loss_giou_aux_3: 0.3020 (0.2982)  loss_giou_aux_4: 0.3021 (0.2982)  loss_giou_dn_0: 0.3061 (0.3052)  loss_giou_dn_1: 0.2320 (0.2312)  loss_giou_dn_2: 0.2288 (0.2257)  loss_giou_dn_3: 0.2281 (0.2254)  loss_giou_dn_4: 0.2276 (0.2253)  loss_giou_dn_5: 0.2276 (0.2253)  loss_giou_dn_pre: 0.3094 (0.3050)  loss_giou_enc_0: 0.4027 (0.4225)  loss_giou_pre: 0.3078 (0.3115)  loss_vfl: 0.3238 (0.3327)  loss_vfl_aux_0: 0.3689 (0.3940)  loss_vfl_aux_1: 0.3319 (0.3530)  loss_vfl_aux_2: 0.3258 (0.3397)  loss_vfl_aux_3: 0.3266 (0.3339)  loss_vfl_aux_4: 0.3263 (0.3326)  loss_vfl_dn_0: 0.3834 (0.3848)  loss_vfl_dn_1: 0.2993 (0.3037)  loss_vfl_dn_2: 0.2939 (0.2943)  loss_vfl_dn_3: 0.2924 (0.2919)  loss_vfl_dn_4: 0.2906 (0.2917)  loss_vfl_dn_5: 0.2909 (0.2920)  loss_vfl_dn_pre: 0.3840 (0.3859)  loss_vfl_enc_0: 0.4182 (0.4520)  loss_vfl_pre: 0.3792 (0.3934)  time: 0.6230  data: 0.0086  max mem: 17742
Epoch: [2/120]  [ 600/2360]  eta: 0:17:50  lr: 0.000009  loss: 26.2439 (24.2953)  loss_bbox: 0.0517 (0.0644)  loss_bbox_aux_0: 0.0628 (0.0724)  loss_bbox_aux_1: 0.0538 (0.0658)  loss_bbox_aux_2: 0.0520 (0.0644)  loss_bbox_aux_3: 0.0517 (0.0643)  loss_bbox_aux_4: 0.0517 (0.0644)  loss_bbox_dn_0: 0.0764 (0.0862)  loss_bbox_dn_1: 0.0514 (0.0597)  loss_bbox_dn_2: 0.0483 (0.0567)  loss_bbox_dn_3: 0.0479 (0.0563)  loss_bbox_dn_4: 0.0479 (0.0562)  loss_bbox_dn_5: 0.0479 (0.0562)  loss_bbox_dn_pre: 0.0883 (0.0901)  loss_bbox_enc_0: 0.1047 (0.1142)  loss_bbox_pre: 0.0618 (0.0721)  loss_ddf_aux_0: 0.0973 (0.0538)  loss_ddf_aux_1: 0.0118 (0.0082)  loss_ddf_aux_2: 0.0002 (0.0002)  loss_ddf_aux_3: 0.0000 (0.0000)  loss_ddf_aux_4: 0.0000 (0.0000)  loss_ddf_dn_0: 2.4340 (0.9858)  loss_ddf_dn_1: 0.3657 (0.3149)  loss_ddf_dn_2: 0.0284 (0.0336)  loss_ddf_dn_3: 0.0003 (0.0007)  loss_ddf_dn_4: 0.0000 (0.0000)  loss_ddf_dn_5: 0.0000 (0.0000)  loss_fgl: 1.0484 (1.0360)  loss_fgl_aux_0: 1.0792 (1.0670)  loss_fgl_aux_1: 1.0507 (1.0396)  loss_fgl_aux_2: 1.0483 (1.0360)  loss_fgl_aux_3: 1.0485 (1.0360)  loss_fgl_aux_4: 1.0484 (1.0360)  loss_fgl_dn_0: 1.1471 (1.1344)  loss_fgl_dn_1: 1.0339 (1.0092)  loss_fgl_dn_2: 1.0198 (1.0009)  loss_fgl_dn_3: 1.0205 (1.0009)  loss_fgl_dn_4: 1.0204 (1.0009)  loss_fgl_dn_5: 1.0203 (1.0009)  loss_giou: 0.2862 (0.2983)  loss_giou_aux_0: 0.3111 (0.3123)  loss_giou_aux_1: 0.2922 (0.3004)  loss_giou_aux_2: 0.2864 (0.2983)  loss_giou_aux_3: 0.2861 (0.2982)  loss_giou_aux_4: 0.2862 (0.2983)  loss_giou_dn_0: 0.3146 (0.3055)  loss_giou_dn_1: 0.2386 (0.2313)  loss_giou_dn_2: 0.2331 (0.2258)  loss_giou_dn_3: 0.2330 (0.2256)  loss_giou_dn_4: 0.2330 (0.2255)  loss_giou_dn_5: 0.2330 (0.2255)  loss_giou_dn_pre: 0.3146 (0.3055)  loss_giou_enc_0: 0.4041 (0.4223)  loss_giou_pre: 0.3074 (0.3115)  loss_vfl: 0.3301 (0.3328)  loss_vfl_aux_0: 0.3971 (0.3927)  loss_vfl_aux_1: 0.3529 (0.3531)  loss_vfl_aux_2: 0.3346 (0.3398)  loss_vfl_aux_3: 0.3374 (0.3338)  loss_vfl_aux_4: 0.3321 (0.3328)  loss_vfl_dn_0: 0.3914 (0.3851)  loss_vfl_dn_1: 0.3124 (0.3031)  loss_vfl_dn_2: 0.3036 (0.2940)  loss_vfl_dn_3: 0.3018 (0.2919)  loss_vfl_dn_4: 0.3011 (0.2917)  loss_vfl_dn_5: 0.3007 (0.2920)  loss_vfl_dn_pre: 0.3917 (0.3862)  loss_vfl_enc_0: 0.4613 (0.4510)  loss_vfl_pre: 0.3935 (0.3922)  time: 0.6488  data: 0.0081  max mem: 17742
Epoch: [2/120]  [ 700/2360]  eta: 0:17:14  lr: 0.000009  loss: 24.1887 (24.2558)  loss_bbox: 0.0503 (0.0647)  loss_bbox_aux_0: 0.0595 (0.0726)  loss_bbox_aux_1: 0.0518 (0.0661)  loss_bbox_aux_2: 0.0509 (0.0648)  loss_bbox_aux_3: 0.0502 (0.0647)  loss_bbox_aux_4: 0.0503 (0.0647)  loss_bbox_dn_0: 0.0718 (0.0865)  loss_bbox_dn_1: 0.0487 (0.0602)  loss_bbox_dn_2: 0.0458 (0.0572)  loss_bbox_dn_3: 0.0452 (0.0568)  loss_bbox_dn_4: 0.0455 (0.0567)  loss_bbox_dn_5: 0.0455 (0.0567)  loss_bbox_dn_pre: 0.0783 (0.0903)  loss_bbox_enc_0: 0.1039 (0.1137)  loss_bbox_pre: 0.0599 (0.0724)  loss_ddf_aux_0: 0.0441 (0.0543)  loss_ddf_aux_1: 0.0055 (0.0079)  loss_ddf_aux_2: 0.0002 (0.0002)  loss_ddf_aux_3: 0.0000 (0.0000)  loss_ddf_aux_4: 0.0000 (0.0000)  loss_ddf_dn_0: 0.3998 (0.9711)  loss_ddf_dn_1: 0.0546 (0.2866)  loss_ddf_dn_2: 0.0105 (0.0316)  loss_ddf_dn_3: 0.0006 (0.0007)  loss_ddf_dn_4: 0.0000 (0.0000)  loss_ddf_dn_5: 0.0000 (0.0000)  loss_fgl: 1.0817 (1.0365)  loss_fgl_aux_0: 1.1090 (1.0674)  loss_fgl_aux_1: 1.0809 (1.0399)  loss_fgl_aux_2: 1.0822 (1.0364)  loss_fgl_aux_3: 1.0821 (1.0364)  loss_fgl_aux_4: 1.0818 (1.0365)  loss_fgl_dn_0: 1.1637 (1.1357)  loss_fgl_dn_1: 1.0563 (1.0107)  loss_fgl_dn_2: 1.0452 (1.0024)  loss_fgl_dn_3: 1.0452 (1.0024)  loss_fgl_dn_4: 1.0442 (1.0024)  loss_fgl_dn_5: 1.0443 (1.0024)  loss_giou: 0.2927 (0.2980)  loss_giou_aux_0: 0.3034 (0.3121)  loss_giou_aux_1: 0.2941 (0.3002)  loss_giou_aux_2: 0.2925 (0.2981)  loss_giou_aux_3: 0.2928 (0.2980)  loss_giou_aux_4: 0.2927 (0.2980)  loss_giou_dn_0: 0.3067 (0.3054)  loss_giou_dn_1: 0.2388 (0.2314)  loss_giou_dn_2: 0.2318 (0.2259)  loss_giou_dn_3: 0.2309 (0.2257)  loss_giou_dn_4: 0.2311 (0.2256)  loss_giou_dn_5: 0.2311 (0.2256)  loss_giou_dn_pre: 0.3056 (0.3053)  loss_giou_enc_0: 0.4259 (0.4214)  loss_giou_pre: 0.3012 (0.3113)  loss_vfl: 0.3258 (0.3327)  loss_vfl_aux_0: 0.3857 (0.3909)  loss_vfl_aux_1: 0.3546 (0.3525)  loss_vfl_aux_2: 0.3326 (0.3394)  loss_vfl_aux_3: 0.3289 (0.3336)  loss_vfl_aux_4: 0.3306 (0.3326)  loss_vfl_dn_0: 0.3905 (0.3845)  loss_vfl_dn_1: 0.3142 (0.3031)  loss_vfl_dn_2: 0.3049 (0.2943)  loss_vfl_dn_3: 0.3031 (0.2921)  loss_vfl_dn_4: 0.3036 (0.2919)  loss_vfl_dn_5: 0.3036 (0.2922)  loss_vfl_dn_pre: 0.3936 (0.3857)  loss_vfl_enc_0: 0.4340 (0.4485)  loss_vfl_pre: 0.3871 (0.3903)  time: 0.7336  data: 0.0090  max mem: 17742
Epoch: [2/120]  [ 800/2360]  eta: 0:16:40  lr: 0.000009  loss: 23.4944 (24.1269)  loss_bbox: 0.0512 (0.0644)  loss_bbox_aux_0: 0.0609 (0.0724)  loss_bbox_aux_1: 0.0534 (0.0658)  loss_bbox_aux_2: 0.0507 (0.0645)  loss_bbox_aux_3: 0.0512 (0.0644)  loss_bbox_aux_4: 0.0512 (0.0644)  loss_bbox_dn_0: 0.0755 (0.0862)  loss_bbox_dn_1: 0.0489 (0.0599)  loss_bbox_dn_2: 0.0465 (0.0569)  loss_bbox_dn_3: 0.0464 (0.0566)  loss_bbox_dn_4: 0.0464 (0.0565)  loss_bbox_dn_5: 0.0464 (0.0565)  loss_bbox_dn_pre: 0.0772 (0.0900)  loss_bbox_enc_0: 0.0962 (0.1133)  loss_bbox_pre: 0.0590 (0.0721)  loss_ddf_aux_0: 0.0500 (0.0524)  loss_ddf_aux_1: 0.0045 (0.0075)  loss_ddf_aux_2: 0.0002 (0.0002)  loss_ddf_aux_3: 0.0000 (0.0000)  loss_ddf_aux_4: 0.0000 (0.0000)  loss_ddf_dn_0: 0.6884 (0.9091)  loss_ddf_dn_1: 0.2078 (0.2650)  loss_ddf_dn_2: 0.0335 (0.0302)  loss_ddf_dn_3: 0.0008 (0.0007)  loss_ddf_dn_4: 0.0000 (0.0000)  loss_ddf_dn_5: 0.0000 (0.0000)  loss_fgl: 1.0356 (1.0361)  loss_fgl_aux_0: 1.0737 (1.0672)  loss_fgl_aux_1: 1.0379 (1.0395)  loss_fgl_aux_2: 1.0353 (1.0360)  loss_fgl_aux_3: 1.0354 (1.0360)  loss_fgl_aux_4: 1.0355 (1.0360)  loss_fgl_dn_0: 1.1105 (1.1345)  loss_fgl_dn_1: 0.9835 (1.0081)  loss_fgl_dn_2: 0.9796 (0.9997)  loss_fgl_dn_3: 0.9799 (0.9998)  loss_fgl_dn_4: 0.9798 (0.9998)  loss_fgl_dn_5: 0.9797 (0.9998)  loss_giou: 0.2699 (0.2970)  loss_giou_aux_0: 0.2803 (0.3110)  loss_giou_aux_1: 0.2728 (0.2992)  loss_giou_aux_2: 0.2719 (0.2970)  loss_giou_aux_3: 0.2699 (0.2969)  loss_giou_aux_4: 0.2699 (0.2970)  loss_giou_dn_0: 0.2970 (0.3048)  loss_giou_dn_1: 0.2176 (0.2308)  loss_giou_dn_2: 0.2114 (0.2254)  loss_giou_dn_3: 0.2116 (0.2251)  loss_giou_dn_4: 0.2117 (0.2251)  loss_giou_dn_5: 0.2117 (0.2251)  loss_giou_dn_pre: 0.2990 (0.3048)  loss_giou_enc_0: 0.4104 (0.4208)  loss_giou_pre: 0.2780 (0.3103)  loss_vfl: 0.3420 (0.3322)  loss_vfl_aux_0: 0.4016 (0.3903)  loss_vfl_aux_1: 0.3352 (0.3517)  loss_vfl_aux_2: 0.3376 (0.3388)  loss_vfl_aux_3: 0.3317 (0.3329)  loss_vfl_aux_4: 0.3385 (0.3320)  loss_vfl_dn_0: 0.3884 (0.3842)  loss_vfl_dn_1: 0.2977 (0.3025)  loss_vfl_dn_2: 0.2890 (0.2936)  loss_vfl_dn_3: 0.2862 (0.2916)  loss_vfl_dn_4: 0.2861 (0.2914)  loss_vfl_dn_5: 0.2872 (0.2916)  loss_vfl_dn_pre: 0.3909 (0.3854)  loss_vfl_enc_0: 0.4452 (0.4477)  loss_vfl_pre: 0.3995 (0.3897)  time: 0.7531  data: 0.0086  max mem: 17742
Epoch: [2/120]  [ 900/2360]  eta: 0:15:56  lr: 0.000009  loss: 24.3662 (24.2299)  loss_bbox: 0.0509 (0.0645)  loss_bbox_aux_0: 0.0539 (0.0723)  loss_bbox_aux_1: 0.0513 (0.0658)  loss_bbox_aux_2: 0.0509 (0.0645)  loss_bbox_aux_3: 0.0509 (0.0645)  loss_bbox_aux_4: 0.0509 (0.0645)  loss_bbox_dn_0: 0.0677 (0.0858)  loss_bbox_dn_1: 0.0522 (0.0597)  loss_bbox_dn_2: 0.0468 (0.0568)  loss_bbox_dn_3: 0.0459 (0.0564)  loss_bbox_dn_4: 0.0457 (0.0563)  loss_bbox_dn_5: 0.0457 (0.0563)  loss_bbox_dn_pre: 0.0713 (0.0897)  loss_bbox_enc_0: 0.0819 (0.1128)  loss_bbox_pre: 0.0545 (0.0720)  loss_ddf_aux_0: 0.1033 (0.0561)  loss_ddf_aux_1: 0.0074 (0.0077)  loss_ddf_aux_2: 0.0002 (0.0002)  loss_ddf_aux_3: 0.0000 (0.0000)  loss_ddf_aux_4: -0.0000 (0.0000)  loss_ddf_dn_0: 1.1530 (0.9683)  loss_ddf_dn_1: 0.1834 (0.2782)  loss_ddf_dn_2: 0.0423 (0.0319)  loss_ddf_dn_3: 0.0017 (0.0007)  loss_ddf_dn_4: 0.0000 (0.0000)  loss_ddf_dn_5: 0.0000 (0.0000)  loss_fgl: 1.0199 (1.0377)  loss_fgl_aux_0: 1.0610 (1.0690)  loss_fgl_aux_1: 1.0220 (1.0411)  loss_fgl_aux_2: 1.0203 (1.0377)  loss_fgl_aux_3: 1.0200 (1.0377)  loss_fgl_aux_4: 1.0199 (1.0377)  loss_fgl_dn_0: 1.1293 (1.1346)  loss_fgl_dn_1: 0.9876 (1.0083)  loss_fgl_dn_2: 0.9710 (1.0001)  loss_fgl_dn_3: 0.9761 (1.0001)  loss_fgl_dn_4: 0.9773 (1.0002)  loss_fgl_dn_5: 0.9772 (1.0002)  loss_giou: 0.2748 (0.2976)  loss_giou_aux_0: 0.2850 (0.3117)  loss_giou_aux_1: 0.2734 (0.2997)  loss_giou_aux_2: 0.2743 (0.2977)  loss_giou_aux_3: 0.2749 (0.2976)  loss_giou_aux_4: 0.2748 (0.2976)  loss_giou_dn_0: 0.3047 (0.3050)  loss_giou_dn_1: 0.2236 (0.2310)  loss_giou_dn_2: 0.2183 (0.2256)  loss_giou_dn_3: 0.2174 (0.2254)  loss_giou_dn_4: 0.2174 (0.2253)  loss_giou_dn_5: 0.2174 (0.2253)  loss_giou_dn_pre: 0.3044 (0.3050)  loss_giou_enc_0: 0.4142 (0.4222)  loss_giou_pre: 0.2848 (0.3109)  loss_vfl: 0.3141 (0.3323)  loss_vfl_aux_0: 0.3979 (0.3920)  loss_vfl_aux_1: 0.3559 (0.3517)  loss_vfl_aux_2: 0.3283 (0.3387)  loss_vfl_aux_3: 0.3143 (0.3330)  loss_vfl_aux_4: 0.3173 (0.3321)  loss_vfl_dn_0: 0.3836 (0.3845)  loss_vfl_dn_1: 0.3024 (0.3026)  loss_vfl_dn_2: 0.2924 (0.2938)  loss_vfl_dn_3: 0.2880 (0.2918)  loss_vfl_dn_4: 0.2880 (0.2917)  loss_vfl_dn_5: 0.2875 (0.2919)  loss_vfl_dn_pre: 0.3869 (0.3858)  loss_vfl_enc_0: 0.4451 (0.4489)  loss_vfl_pre: 0.3979 (0.3916)  time: 0.7620  data: 0.0084  max mem: 17742
Epoch: [2/120]  [1000/2360]  eta: 0:15:06  lr: 0.000009  loss: 23.9574 (24.1883)  loss_bbox: 0.0455 (0.0640)  loss_bbox_aux_0: 0.0484 (0.0718)  loss_bbox_aux_1: 0.0454 (0.0653)  loss_bbox_aux_2: 0.0455 (0.0641)  loss_bbox_aux_3: 0.0454 (0.0640)  loss_bbox_aux_4: 0.0454 (0.0640)  loss_bbox_dn_0: 0.0710 (0.0854)  loss_bbox_dn_1: 0.0447 (0.0593)  loss_bbox_dn_2: 0.0425 (0.0565)  loss_bbox_dn_3: 0.0439 (0.0562)  loss_bbox_dn_4: 0.0439 (0.0561)  loss_bbox_dn_5: 0.0439 (0.0561)  loss_bbox_dn_pre: 0.0732 (0.0893)  loss_bbox_enc_0: 0.0809 (0.1118)  loss_bbox_pre: 0.0487 (0.0715)  loss_ddf_aux_0: 0.0621 (0.0574)  loss_ddf_aux_1: 0.0083 (0.0077)  loss_ddf_aux_2: 0.0001 (0.0002)  loss_ddf_aux_3: 0.0000 (0.0000)  loss_ddf_aux_4: 0.0000 (0.0000)  loss_ddf_dn_0: 0.6501 (0.9296)  loss_ddf_dn_1: 0.2058 (0.2639)  loss_ddf_dn_2: 0.0181 (0.0308)  loss_ddf_dn_3: 0.0002 (0.0007)  loss_ddf_dn_4: 0.0000 (0.0000)  loss_ddf_dn_5: 0.0000 (0.0000)  loss_fgl: 1.0506 (1.0383)  loss_fgl_aux_0: 1.0867 (1.0699)  loss_fgl_aux_1: 1.0596 (1.0416)  loss_fgl_aux_2: 1.0504 (1.0382)  loss_fgl_aux_3: 1.0510 (1.0383)  loss_fgl_aux_4: 1.0507 (1.0383)  loss_fgl_dn_0: 1.1322 (1.1346)  loss_fgl_dn_1: 1.0038 (1.0078)  loss_fgl_dn_2: 0.9964 (0.9996)  loss_fgl_dn_3: 0.9969 (0.9996)  loss_fgl_dn_4: 0.9971 (0.9996)  loss_fgl_dn_5: 0.9972 (0.9996)  loss_giou: 0.2937 (0.2986)  loss_giou_aux_0: 0.3101 (0.3129)  loss_giou_aux_1: 0.2933 (0.3007)  loss_giou_aux_2: 0.2928 (0.2986)  loss_giou_aux_3: 0.2937 (0.2986)  loss_giou_aux_4: 0.2937 (0.2986)  loss_giou_dn_0: 0.3025 (0.3057)  loss_giou_dn_1: 0.2295 (0.2313)  loss_giou_dn_2: 0.2278 (0.2260)  loss_giou_dn_3: 0.2279 (0.2257)  loss_giou_dn_4: 0.2280 (0.2257)  loss_giou_dn_5: 0.2280 (0.2257)  loss_giou_dn_pre: 0.3025 (0.3058)  loss_giou_enc_0: 0.4169 (0.4225)  loss_giou_pre: 0.3082 (0.3120)  loss_vfl: 0.3345 (0.3330)  loss_vfl_aux_0: 0.4014 (0.3927)  loss_vfl_aux_1: 0.3560 (0.3524)  loss_vfl_aux_2: 0.3543 (0.3392)  loss_vfl_aux_3: 0.3438 (0.3337)  loss_vfl_aux_4: 0.3407 (0.3328)  loss_vfl_dn_0: 0.3866 (0.3848)  loss_vfl_dn_1: 0.3001 (0.3026)  loss_vfl_dn_2: 0.2929 (0.2938)  loss_vfl_dn_3: 0.2919 (0.2919)  loss_vfl_dn_4: 0.2922 (0.2917)  loss_vfl_dn_5: 0.2926 (0.2920)  loss_vfl_dn_pre: 0.3880 (0.3860)  loss_vfl_enc_0: 0.4766 (0.4498)  loss_vfl_pre: 0.3998 (0.3921)  time: 0.7700  data: 0.0085  max mem: 17742
Epoch: [2/120]  [1100/2360]  eta: 0:14:14  lr: 0.000009  loss: 23.4822 (24.2081)  loss_bbox: 0.0504 (0.0638)  loss_bbox_aux_0: 0.0561 (0.0714)  loss_bbox_aux_1: 0.0512 (0.0650)  loss_bbox_aux_2: 0.0503 (0.0638)  loss_bbox_aux_3: 0.0504 (0.0638)  loss_bbox_aux_4: 0.0504 (0.0638)  loss_bbox_dn_0: 0.0725 (0.0852)  loss_bbox_dn_1: 0.0520 (0.0593)  loss_bbox_dn_2: 0.0504 (0.0564)  loss_bbox_dn_3: 0.0502 (0.0561)  loss_bbox_dn_4: 0.0508 (0.0560)  loss_bbox_dn_5: 0.0508 (0.0560)  loss_bbox_dn_pre: 0.0767 (0.0890)  loss_bbox_enc_0: 0.0971 (0.1109)  loss_bbox_pre: 0.0551 (0.0711)  loss_ddf_aux_0: 0.0425 (0.0590)  loss_ddf_aux_1: 0.0040 (0.0078)  loss_ddf_aux_2: 0.0001 (0.0002)  loss_ddf_aux_3: 0.0000 (0.0000)  loss_ddf_aux_4: 0.0000 (0.0000)  loss_ddf_dn_0: 0.8486 (0.9355)  loss_ddf_dn_1: 0.1286 (0.2645)  loss_ddf_dn_2: 0.0157 (0.0304)  loss_ddf_dn_3: 0.0006 (0.0007)  loss_ddf_dn_4: 0.0000 (0.0000)  loss_ddf_dn_5: 0.0000 (0.0000)  loss_fgl: 1.0581 (1.0395)  loss_fgl_aux_0: 1.0976 (1.0705)  loss_fgl_aux_1: 1.0574 (1.0428)  loss_fgl_aux_2: 1.0573 (1.0394)  loss_fgl_aux_3: 1.0577 (1.0395)  loss_fgl_aux_4: 1.0580 (1.0395)  loss_fgl_dn_0: 1.1283 (1.1345)  loss_fgl_dn_1: 1.0079 (1.0080)  loss_fgl_dn_2: 1.0003 (0.9999)  loss_fgl_dn_3: 0.9996 (0.9999)  loss_fgl_dn_4: 0.9990 (1.0000)  loss_fgl_dn_5: 0.9990 (1.0000)  loss_giou: 0.2788 (0.2988)  loss_giou_aux_0: 0.2842 (0.3130)  loss_giou_aux_1: 0.2834 (0.3009)  loss_giou_aux_2: 0.2788 (0.2988)  loss_giou_aux_3: 0.2787 (0.2988)  loss_giou_aux_4: 0.2787 (0.2988)  loss_giou_dn_0: 0.2900 (0.3055)  loss_giou_dn_1: 0.2201 (0.2314)  loss_giou_dn_2: 0.2172 (0.2261)  loss_giou_dn_3: 0.2170 (0.2258)  loss_giou_dn_4: 0.2170 (0.2257)  loss_giou_dn_5: 0.2170 (0.2257)  loss_giou_dn_pre: 0.2873 (0.3056)  loss_giou_enc_0: 0.4018 (0.4231)  loss_giou_pre: 0.2844 (0.3121)  loss_vfl: 0.3304 (0.3334)  loss_vfl_aux_0: 0.4150 (0.3943)  loss_vfl_aux_1: 0.3719 (0.3534)  loss_vfl_aux_2: 0.3477 (0.3399)  loss_vfl_aux_3: 0.3416 (0.3342)  loss_vfl_aux_4: 0.3340 (0.3333)  loss_vfl_dn_0: 0.3798 (0.3846)  loss_vfl_dn_1: 0.2976 (0.3024)  loss_vfl_dn_2: 0.2913 (0.2937)  loss_vfl_dn_3: 0.2901 (0.2919)  loss_vfl_dn_4: 0.2900 (0.2917)  loss_vfl_dn_5: 0.2904 (0.2920)  loss_vfl_dn_pre: 0.3806 (0.3858)  loss_vfl_enc_0: 0.4542 (0.4506)  loss_vfl_pre: 0.4141 (0.3938)  time: 0.7755  data: 0.0082  max mem: 17742
Epoch: [2/120]  [1200/2360]  eta: 0:13:15  lr: 0.000009  loss: 24.5066 (24.2169)  loss_bbox: 0.0651 (0.0637)  loss_bbox_aux_0: 0.0718 (0.0711)  loss_bbox_aux_1: 0.0647 (0.0649)  loss_bbox_aux_2: 0.0658 (0.0637)  loss_bbox_aux_3: 0.0652 (0.0637)  loss_bbox_aux_4: 0.0652 (0.0637)  loss_bbox_dn_0: 0.0939 (0.0850)  loss_bbox_dn_1: 0.0677 (0.0593)  loss_bbox_dn_2: 0.0629 (0.0564)  loss_bbox_dn_3: 0.0626 (0.0561)  loss_bbox_dn_4: 0.0625 (0.0560)  loss_bbox_dn_5: 0.0625 (0.0560)  loss_bbox_dn_pre: 0.0962 (0.0887)  loss_bbox_enc_0: 0.1012 (0.1101)  loss_bbox_pre: 0.0715 (0.0709)  loss_ddf_aux_0: 0.0502 (0.0579)  loss_ddf_aux_1: 0.0058 (0.0076)  loss_ddf_aux_2: 0.0001 (0.0002)  loss_ddf_aux_3: 0.0000 (0.0000)  loss_ddf_aux_4: 0.0000 (0.0000)  loss_ddf_dn_0: 0.7386 (0.9277)  loss_ddf_dn_1: 0.0954 (0.2545)  loss_ddf_dn_2: 0.0062 (0.0289)  loss_ddf_dn_3: 0.0002 (0.0006)  loss_ddf_dn_4: 0.0000 (0.0000)  loss_ddf_dn_5: 0.0000 (0.0000)  loss_fgl: 1.0378 (1.0411)  loss_fgl_aux_0: 1.0853 (1.0718)  loss_fgl_aux_1: 1.0375 (1.0443)  loss_fgl_aux_2: 1.0378 (1.0410)  loss_fgl_aux_3: 1.0378 (1.0411)  loss_fgl_aux_4: 1.0378 (1.0411)  loss_fgl_dn_0: 1.1475 (1.1350)  loss_fgl_dn_1: 1.0133 (1.0088)  loss_fgl_dn_2: 1.0021 (1.0007)  loss_fgl_dn_3: 1.0011 (1.0007)  loss_fgl_dn_4: 1.0011 (1.0008)  loss_fgl_dn_5: 1.0011 (1.0008)  loss_giou: 0.3057 (0.2999)  loss_giou_aux_0: 0.3245 (0.3142)  loss_giou_aux_1: 0.3087 (0.3021)  loss_giou_aux_2: 0.3048 (0.3000)  loss_giou_aux_3: 0.3057 (0.2999)  loss_giou_aux_4: 0.3057 (0.2999)  loss_giou_dn_0: 0.3298 (0.3058)  loss_giou_dn_1: 0.2502 (0.2320)  loss_giou_dn_2: 0.2392 (0.2266)  loss_giou_dn_3: 0.2377 (0.2263)  loss_giou_dn_4: 0.2372 (0.2262)  loss_giou_dn_5: 0.2373 (0.2262)  loss_giou_dn_pre: 0.3276 (0.3058)  loss_giou_enc_0: 0.4141 (0.4246)  loss_giou_pre: 0.3208 (0.3133)  loss_vfl: 0.3381 (0.3340)  loss_vfl_aux_0: 0.3961 (0.3951)  loss_vfl_aux_1: 0.3560 (0.3541)  loss_vfl_aux_2: 0.3494 (0.3407)  loss_vfl_aux_3: 0.3384 (0.3348)  loss_vfl_aux_4: 0.3394 (0.3339)  loss_vfl_dn_0: 0.3866 (0.3845)  loss_vfl_dn_1: 0.3131 (0.3026)  loss_vfl_dn_2: 0.3040 (0.2940)  loss_vfl_dn_3: 0.2989 (0.2922)  loss_vfl_dn_4: 0.2995 (0.2920)  loss_vfl_dn_5: 0.3001 (0.2922)  loss_vfl_dn_pre: 0.3872 (0.3857)  loss_vfl_enc_0: 0.4420 (0.4498)  loss_vfl_pre: 0.3911 (0.3945)  time: 0.7744  data: 0.0084  max mem: 17742
Epoch: [2/120]  [1300/2360]  eta: 0:12:13  lr: 0.000009  loss: 23.9274 (24.1685)  loss_bbox: 0.0416 (0.0632)  loss_bbox_aux_0: 0.0457 (0.0707)  loss_bbox_aux_1: 0.0461 (0.0644)  loss_bbox_aux_2: 0.0417 (0.0632)  loss_bbox_aux_3: 0.0416 (0.0632)  loss_bbox_aux_4: 0.0416 (0.0632)  loss_bbox_dn_0: 0.0675 (0.0848)  loss_bbox_dn_1: 0.0464 (0.0591)  loss_bbox_dn_2: 0.0458 (0.0562)  loss_bbox_dn_3: 0.0457 (0.0559)  loss_bbox_dn_4: 0.0458 (0.0558)  loss_bbox_dn_5: 0.0458 (0.0558)  loss_bbox_dn_pre: 0.0731 (0.0885)  loss_bbox_enc_0: 0.0798 (0.1099)  loss_bbox_pre: 0.0454 (0.0705)  loss_ddf_aux_0: 0.0454 (0.0572)  loss_ddf_aux_1: 0.0071 (0.0076)  loss_ddf_aux_2: 0.0002 (0.0002)  loss_ddf_aux_3: 0.0001 (0.0000)  loss_ddf_aux_4: 0.0000 (0.0000)  loss_ddf_dn_0: 0.7736 (0.9062)  loss_ddf_dn_1: 0.2568 (0.2487)  loss_ddf_dn_2: 0.0152 (0.0278)  loss_ddf_dn_3: 0.0003 (0.0006)  loss_ddf_dn_4: 0.0000 (0.0000)  loss_ddf_dn_5: 0.0000 (0.0000)  loss_fgl: 1.0660 (1.0415)  loss_fgl_aux_0: 1.0779 (1.0723)  loss_fgl_aux_1: 1.0693 (1.0447)  loss_fgl_aux_2: 1.0663 (1.0414)  loss_fgl_aux_3: 1.0659 (1.0414)  loss_fgl_aux_4: 1.0659 (1.0415)  loss_fgl_dn_0: 1.1118 (1.1340)  loss_fgl_dn_1: 0.9982 (1.0079)  loss_fgl_dn_2: 0.9987 (0.9997)  loss_fgl_dn_3: 0.9995 (0.9997)  loss_fgl_dn_4: 1.0001 (0.9998)  loss_fgl_dn_5: 1.0001 (0.9998)  loss_giou: 0.2839 (0.2989)  loss_giou_aux_0: 0.2920 (0.3132)  loss_giou_aux_1: 0.2839 (0.3011)  loss_giou_aux_2: 0.2833 (0.2989)  loss_giou_aux_3: 0.2839 (0.2989)  loss_giou_aux_4: 0.2840 (0.2989)  loss_giou_dn_0: 0.3015 (0.3049)  loss_giou_dn_1: 0.2292 (0.2314)  loss_giou_dn_2: 0.2234 (0.2260)  loss_giou_dn_3: 0.2232 (0.2258)  loss_giou_dn_4: 0.2232 (0.2257)  loss_giou_dn_5: 0.2232 (0.2257)  loss_giou_dn_pre: 0.3009 (0.3050)  loss_giou_enc_0: 0.4308 (0.4243)  loss_giou_pre: 0.2921 (0.3124)  loss_vfl: 0.3277 (0.3344)  loss_vfl_aux_0: 0.3984 (0.3958)  loss_vfl_aux_1: 0.3459 (0.3544)  loss_vfl_aux_2: 0.3340 (0.3409)  loss_vfl_aux_3: 0.3321 (0.3351)  loss_vfl_aux_4: 0.3292 (0.3342)  loss_vfl_dn_0: 0.3796 (0.3840)  loss_vfl_dn_1: 0.3003 (0.3023)  loss_vfl_dn_2: 0.2924 (0.2937)  loss_vfl_dn_3: 0.2911 (0.2919)  loss_vfl_dn_4: 0.2911 (0.2917)  loss_vfl_dn_5: 0.2906 (0.2920)  loss_vfl_dn_pre: 0.3806 (0.3853)  loss_vfl_enc_0: 0.4499 (0.4501)  loss_vfl_pre: 0.3979 (0.3953)  time: 0.7469  data: 0.0085  max mem: 17742
Epoch: [2/120]  [1400/2360]  eta: 0:11:09  lr: 0.000009  loss: 23.5974 (24.1478)  loss_bbox: 0.0495 (0.0630)  loss_bbox_aux_0: 0.0527 (0.0705)  loss_bbox_aux_1: 0.0502 (0.0642)  loss_bbox_aux_2: 0.0495 (0.0630)  loss_bbox_aux_3: 0.0495 (0.0630)  loss_bbox_aux_4: 0.0495 (0.0630)  loss_bbox_dn_0: 0.0698 (0.0847)  loss_bbox_dn_1: 0.0491 (0.0590)  loss_bbox_dn_2: 0.0475 (0.0561)  loss_bbox_dn_3: 0.0474 (0.0558)  loss_bbox_dn_4: 0.0474 (0.0557)  loss_bbox_dn_5: 0.0474 (0.0557)  loss_bbox_dn_pre: 0.0724 (0.0884)  loss_bbox_enc_0: 0.0857 (0.1096)  loss_bbox_pre: 0.0532 (0.0703)  loss_ddf_aux_0: 0.0454 (0.0576)  loss_ddf_aux_1: 0.0066 (0.0076)  loss_ddf_aux_2: 0.0002 (0.0002)  loss_ddf_aux_3: 0.0000 (0.0000)  loss_ddf_aux_4: 0.0000 (0.0000)  loss_ddf_dn_0: 0.6298 (0.8970)  loss_ddf_dn_1: 0.2518 (0.2442)  loss_ddf_dn_2: 0.0336 (0.0273)  loss_ddf_dn_3: 0.0006 (0.0006)  loss_ddf_dn_4: 0.0000 (0.0000)  loss_ddf_dn_5: 0.0000 (0.0000)  loss_fgl: 1.0571 (1.0419)  loss_fgl_aux_0: 1.0775 (1.0728)  loss_fgl_aux_1: 1.0638 (1.0452)  loss_fgl_aux_2: 1.0580 (1.0418)  loss_fgl_aux_3: 1.0578 (1.0419)  loss_fgl_aux_4: 1.0573 (1.0419)  loss_fgl_dn_0: 1.1351 (1.1345)  loss_fgl_dn_1: 1.0146 (1.0081)  loss_fgl_dn_2: 1.0001 (0.9998)  loss_fgl_dn_3: 1.0000 (0.9998)  loss_fgl_dn_4: 0.9999 (0.9998)  loss_fgl_dn_5: 0.9999 (0.9998)  loss_giou: 0.2710 (0.2979)  loss_giou_aux_0: 0.2832 (0.3122)  loss_giou_aux_1: 0.2742 (0.3001)  loss_giou_aux_2: 0.2719 (0.2979)  loss_giou_aux_3: 0.2710 (0.2979)  loss_giou_aux_4: 0.2710 (0.2979)  loss_giou_dn_0: 0.2902 (0.3047)  loss_giou_dn_1: 0.2266 (0.2312)  loss_giou_dn_2: 0.2179 (0.2258)  loss_giou_dn_3: 0.2181 (0.2255)  loss_giou_dn_4: 0.2181 (0.2255)  loss_giou_dn_5: 0.2181 (0.2255)  loss_giou_dn_pre: 0.2919 (0.3047)  loss_giou_enc_0: 0.3820 (0.4238)  loss_giou_pre: 0.2845 (0.3114)  loss_vfl: 0.3388 (0.3346)  loss_vfl_aux_0: 0.3958 (0.3960)  loss_vfl_aux_1: 0.3510 (0.3545)  loss_vfl_aux_2: 0.3293 (0.3410)  loss_vfl_aux_3: 0.3356 (0.3352)  loss_vfl_aux_4: 0.3346 (0.3344)  loss_vfl_dn_0: 0.3896 (0.3841)  loss_vfl_dn_1: 0.3117 (0.3025)  loss_vfl_dn_2: 0.2956 (0.2937)  loss_vfl_dn_3: 0.2946 (0.2919)  loss_vfl_dn_4: 0.2948 (0.2917)  loss_vfl_dn_5: 0.2951 (0.2919)  loss_vfl_dn_pre: 0.3917 (0.3854)  loss_vfl_enc_0: 0.4482 (0.4503)  loss_vfl_pre: 0.3939 (0.3955)  time: 0.7485  data: 0.0085  max mem: 17742
Epoch: [2/120]  [1500/2360]  eta: 0:10:02  lr: 0.000009  loss: 24.2093 (24.1974)  loss_bbox: 0.0604 (0.0628)  loss_bbox_aux_0: 0.0697 (0.0704)  loss_bbox_aux_1: 0.0577 (0.0641)  loss_bbox_aux_2: 0.0596 (0.0629)  loss_bbox_aux_3: 0.0604 (0.0628)  loss_bbox_aux_4: 0.0604 (0.0628)  loss_bbox_dn_0: 0.0859 (0.0846)  loss_bbox_dn_1: 0.0521 (0.0589)  loss_bbox_dn_2: 0.0490 (0.0560)  loss_bbox_dn_3: 0.0483 (0.0557)  loss_bbox_dn_4: 0.0482 (0.0556)  loss_bbox_dn_5: 0.0482 (0.0556)  loss_bbox_dn_pre: 0.0865 (0.0883)  loss_bbox_enc_0: 0.0898 (0.1093)  loss_bbox_pre: 0.0683 (0.0702)  loss_ddf_aux_0: 0.0831 (0.0580)  loss_ddf_aux_1: 0.0093 (0.0079)  loss_ddf_aux_2: 0.0001 (0.0002)  loss_ddf_aux_3: 0.0000 (0.0000)  loss_ddf_aux_4: 0.0000 (0.0000)  loss_ddf_dn_0: 1.0836 (0.9297)  loss_ddf_dn_1: 0.3434 (0.2741)  loss_ddf_dn_2: 0.0351 (0.0280)  loss_ddf_dn_3: 0.0004 (0.0006)  loss_ddf_dn_4: 0.0000 (0.0000)  loss_ddf_dn_5: 0.0000 (0.0000)  loss_fgl: 1.0062 (1.0416)  loss_fgl_aux_0: 1.0383 (1.0725)  loss_fgl_aux_1: 1.0105 (1.0449)  loss_fgl_aux_2: 1.0060 (1.0416)  loss_fgl_aux_3: 1.0061 (1.0416)  loss_fgl_aux_4: 1.0061 (1.0416)  loss_fgl_dn_0: 1.1174 (1.1341)  loss_fgl_dn_1: 0.9824 (1.0077)  loss_fgl_dn_2: 0.9707 (0.9995)  loss_fgl_dn_3: 0.9710 (0.9995)  loss_fgl_dn_4: 0.9710 (0.9995)  loss_fgl_dn_5: 0.9710 (0.9995)  loss_giou: 0.2677 (0.2969)  loss_giou_aux_0: 0.2834 (0.3111)  loss_giou_aux_1: 0.2622 (0.2991)  loss_giou_aux_2: 0.2676 (0.2970)  loss_giou_aux_3: 0.2677 (0.2969)  loss_giou_aux_4: 0.2677 (0.2969)  loss_giou_dn_0: 0.2974 (0.3044)  loss_giou_dn_1: 0.2244 (0.2309)  loss_giou_dn_2: 0.2197 (0.2255)  loss_giou_dn_3: 0.2211 (0.2252)  loss_giou_dn_4: 0.2211 (0.2252)  loss_giou_dn_5: 0.2211 (0.2252)  loss_giou_dn_pre: 0.2975 (0.3045)  loss_giou_enc_0: 0.3733 (0.4224)  loss_giou_pre: 0.2814 (0.3104)  loss_vfl: 0.3216 (0.3347)  loss_vfl_aux_0: 0.3901 (0.3967)  loss_vfl_aux_1: 0.3384 (0.3547)  loss_vfl_aux_2: 0.3228 (0.3412)  loss_vfl_aux_3: 0.3197 (0.3353)  loss_vfl_aux_4: 0.3206 (0.3344)  loss_vfl_dn_0: 0.3813 (0.3841)  loss_vfl_dn_1: 0.3000 (0.3022)  loss_vfl_dn_2: 0.2922 (0.2935)  loss_vfl_dn_3: 0.2904 (0.2916)  loss_vfl_dn_4: 0.2904 (0.2915)  loss_vfl_dn_5: 0.2906 (0.2917)  loss_vfl_dn_pre: 0.3825 (0.3854)  loss_vfl_enc_0: 0.4360 (0.4506)  loss_vfl_pre: 0.3892 (0.3962)  time: 0.7599  data: 0.0082  max mem: 17742
Epoch: [2/120]  [1600/2360]  eta: 0:08:54  lr: 0.000009  loss: 23.6079 (24.2264)  loss_bbox: 0.0611 (0.0630)  loss_bbox_aux_0: 0.0650 (0.0705)  loss_bbox_aux_1: 0.0603 (0.0642)  loss_bbox_aux_2: 0.0610 (0.0630)  loss_bbox_aux_3: 0.0611 (0.0630)  loss_bbox_aux_4: 0.0611 (0.0630)  loss_bbox_dn_0: 0.0786 (0.0844)  loss_bbox_dn_1: 0.0517 (0.0588)  loss_bbox_dn_2: 0.0468 (0.0559)  loss_bbox_dn_3: 0.0466 (0.0556)  loss_bbox_dn_4: 0.0463 (0.0555)  loss_bbox_dn_5: 0.0463 (0.0555)  loss_bbox_dn_pre: 0.0794 (0.0881)  loss_bbox_enc_0: 0.0834 (0.1092)  loss_bbox_pre: 0.0652 (0.0702)  loss_ddf_aux_0: 0.0521 (0.0587)  loss_ddf_aux_1: 0.0073 (0.0079)  loss_ddf_aux_2: 0.0001 (0.0002)  loss_ddf_aux_3: 0.0000 (0.0000)  loss_ddf_aux_4: 0.0000 (0.0000)  loss_ddf_dn_0: 1.0126 (0.9411)  loss_ddf_dn_1: 0.4681 (0.2879)  loss_ddf_dn_2: 0.0362 (0.0288)  loss_ddf_dn_3: 0.0005 (0.0006)  loss_ddf_dn_4: 0.0000 (0.0000)  loss_ddf_dn_5: 0.0000 (0.0000)  loss_fgl: 1.0283 (1.0414)  loss_fgl_aux_0: 1.0409 (1.0722)  loss_fgl_aux_1: 1.0288 (1.0446)  loss_fgl_aux_2: 1.0281 (1.0413)  loss_fgl_aux_3: 1.0285 (1.0414)  loss_fgl_aux_4: 1.0284 (1.0414)  loss_fgl_dn_0: 1.1237 (1.1338)  loss_fgl_dn_1: 0.9823 (1.0080)  loss_fgl_dn_2: 0.9739 (0.9997)  loss_fgl_dn_3: 0.9744 (0.9997)  loss_fgl_dn_4: 0.9743 (0.9998)  loss_fgl_dn_5: 0.9742 (0.9998)  loss_giou: 0.2829 (0.2976)  loss_giou_aux_0: 0.2928 (0.3116)  loss_giou_aux_1: 0.2846 (0.2997)  loss_giou_aux_2: 0.2819 (0.2976)  loss_giou_aux_3: 0.2829 (0.2976)  loss_giou_aux_4: 0.2829 (0.2976)  loss_giou_dn_0: 0.2990 (0.3044)  loss_giou_dn_1: 0.2211 (0.2311)  loss_giou_dn_2: 0.2157 (0.2256)  loss_giou_dn_3: 0.2163 (0.2254)  loss_giou_dn_4: 0.2162 (0.2253)  loss_giou_dn_5: 0.2162 (0.2253)  loss_giou_dn_pre: 0.2996 (0.3045)  loss_giou_enc_0: 0.3805 (0.4222)  loss_giou_pre: 0.2963 (0.3109)  loss_vfl: 0.3126 (0.3344)  loss_vfl_aux_0: 0.3562 (0.3962)  loss_vfl_aux_1: 0.3167 (0.3544)  loss_vfl_aux_2: 0.3124 (0.3410)  loss_vfl_aux_3: 0.3127 (0.3351)  loss_vfl_aux_4: 0.3123 (0.3341)  loss_vfl_dn_0: 0.3785 (0.3840)  loss_vfl_dn_1: 0.2963 (0.3025)  loss_vfl_dn_2: 0.2870 (0.2935)  loss_vfl_dn_3: 0.2850 (0.2917)  loss_vfl_dn_4: 0.2849 (0.2915)  loss_vfl_dn_5: 0.2849 (0.2917)  loss_vfl_dn_pre: 0.3791 (0.3853)  loss_vfl_enc_0: 0.4111 (0.4503)  loss_vfl_pre: 0.3551 (0.3959)  time: 0.7328  data: 0.0084  max mem: 17742
Epoch: [2/120]  [1700/2360]  eta: 0:07:46  lr: 0.000009  loss: 24.1406 (24.2636)  loss_bbox: 0.0509 (0.0632)  loss_bbox_aux_0: 0.0580 (0.0709)  loss_bbox_aux_1: 0.0511 (0.0645)  loss_bbox_aux_2: 0.0508 (0.0633)  loss_bbox_aux_3: 0.0509 (0.0632)  loss_bbox_aux_4: 0.0509 (0.0632)  loss_bbox_dn_0: 0.0703 (0.0848)  loss_bbox_dn_1: 0.0485 (0.0592)  loss_bbox_dn_2: 0.0447 (0.0562)  loss_bbox_dn_3: 0.0466 (0.0559)  loss_bbox_dn_4: 0.0438 (0.0558)  loss_bbox_dn_5: 0.0438 (0.0558)  loss_bbox_dn_pre: 0.0742 (0.0885)  loss_bbox_enc_0: 0.0882 (0.1097)  loss_bbox_pre: 0.0555 (0.0707)  loss_ddf_aux_0: 0.0988 (0.0603)  loss_ddf_aux_1: 0.0088 (0.0080)  loss_ddf_aux_2: 0.0002 (0.0002)  loss_ddf_aux_3: 0.0000 (0.0000)  loss_ddf_aux_4: 0.0000 (0.0000)  loss_ddf_dn_0: 1.0331 (0.9626)  loss_ddf_dn_1: 0.3161 (0.2991)  loss_ddf_dn_2: 0.0539 (0.0302)  loss_ddf_dn_3: 0.0009 (0.0006)  loss_ddf_dn_4: 0.0000 (0.0000)  loss_ddf_dn_5: 0.0000 (0.0000)  loss_fgl: 1.0396 (1.0414)  loss_fgl_aux_0: 1.0823 (1.0724)  loss_fgl_aux_1: 1.0478 (1.0447)  loss_fgl_aux_2: 1.0391 (1.0414)  loss_fgl_aux_3: 1.0392 (1.0414)  loss_fgl_aux_4: 1.0394 (1.0414)  loss_fgl_dn_0: 1.1344 (1.1338)  loss_fgl_dn_1: 1.0194 (1.0084)  loss_fgl_dn_2: 1.0036 (1.0001)  loss_fgl_dn_3: 1.0034 (1.0001)  loss_fgl_dn_4: 1.0036 (1.0001)  loss_fgl_dn_5: 1.0037 (1.0002)  loss_giou: 0.2788 (0.2967)  loss_giou_aux_0: 0.2941 (0.3108)  loss_giou_aux_1: 0.2774 (0.2988)  loss_giou_aux_2: 0.2792 (0.2967)  loss_giou_aux_3: 0.2789 (0.2967)  loss_giou_aux_4: 0.2789 (0.2967)  loss_giou_dn_0: 0.2882 (0.3044)  loss_giou_dn_1: 0.2220 (0.2311)  loss_giou_dn_2: 0.2157 (0.2256)  loss_giou_dn_3: 0.2149 (0.2253)  loss_giou_dn_4: 0.2148 (0.2252)  loss_giou_dn_5: 0.2148 (0.2252)  loss_giou_dn_pre: 0.2878 (0.3044)  loss_giou_enc_0: 0.3932 (0.4209)  loss_giou_pre: 0.2918 (0.3101)  loss_vfl: 0.3239 (0.3348)  loss_vfl_aux_0: 0.3852 (0.3965)  loss_vfl_aux_1: 0.3515 (0.3546)  loss_vfl_aux_2: 0.3336 (0.3413)  loss_vfl_aux_3: 0.3299 (0.3355)  loss_vfl_aux_4: 0.3243 (0.3345)  loss_vfl_dn_0: 0.3809 (0.3839)  loss_vfl_dn_1: 0.2996 (0.3024)  loss_vfl_dn_2: 0.2896 (0.2935)  loss_vfl_dn_3: 0.2882 (0.2917)  loss_vfl_dn_4: 0.2875 (0.2915)  loss_vfl_dn_5: 0.2883 (0.2918)  loss_vfl_dn_pre: 0.3803 (0.3852)  loss_vfl_enc_0: 0.4211 (0.4502)  loss_vfl_pre: 0.3861 (0.3961)  time: 0.7525  data: 0.0079  max mem: 17742
Epoch: [2/120]  [1800/2360]  eta: 0:06:37  lr: 0.000009  loss: 23.1675 (24.2314)  loss_bbox: 0.0533 (0.0632)  loss_bbox_aux_0: 0.0533 (0.0708)  loss_bbox_aux_1: 0.0545 (0.0644)  loss_bbox_aux_2: 0.0535 (0.0632)  loss_bbox_aux_3: 0.0534 (0.0632)  loss_bbox_aux_4: 0.0533 (0.0632)  loss_bbox_dn_0: 0.0768 (0.0845)  loss_bbox_dn_1: 0.0518 (0.0590)  loss_bbox_dn_2: 0.0462 (0.0560)  loss_bbox_dn_3: 0.0458 (0.0557)  loss_bbox_dn_4: 0.0455 (0.0556)  loss_bbox_dn_5: 0.0455 (0.0556)  loss_bbox_dn_pre: 0.0776 (0.0882)  loss_bbox_enc_0: 0.0815 (0.1093)  loss_bbox_pre: 0.0534 (0.0705)  loss_ddf_aux_0: 0.0296 (0.0596)  loss_ddf_aux_1: 0.0035 (0.0079)  loss_ddf_aux_2: 0.0002 (0.0002)  loss_ddf_aux_3: 0.0000 (0.0000)  loss_ddf_aux_4: 0.0000 (0.0000)  loss_ddf_dn_0: 0.3811 (0.9406)  loss_ddf_dn_1: 0.0680 (0.2890)  loss_ddf_dn_2: 0.0191 (0.0299)  loss_ddf_dn_3: 0.0004 (0.0006)  loss_ddf_dn_4: 0.0000 (0.0000)  loss_ddf_dn_5: 0.0000 (0.0000)  loss_fgl: 1.0408 (1.0415)  loss_fgl_aux_0: 1.0724 (1.0724)  loss_fgl_aux_1: 1.0424 (1.0448)  loss_fgl_aux_2: 1.0396 (1.0414)  loss_fgl_aux_3: 1.0410 (1.0414)  loss_fgl_aux_4: 1.0409 (1.0414)  loss_fgl_dn_0: 1.1254 (1.1341)  loss_fgl_dn_1: 0.9963 (1.0090)  loss_fgl_dn_2: 0.9818 (1.0006)  loss_fgl_dn_3: 0.9829 (1.0005)  loss_fgl_dn_4: 0.9829 (1.0006)  loss_fgl_dn_5: 0.9830 (1.0006)  loss_giou: 0.2648 (0.2968)  loss_giou_aux_0: 0.2879 (0.3108)  loss_giou_aux_1: 0.2739 (0.2989)  loss_giou_aux_2: 0.2648 (0.2969)  loss_giou_aux_3: 0.2648 (0.2968)  loss_giou_aux_4: 0.2648 (0.2968)  loss_giou_dn_0: 0.2994 (0.3043)  loss_giou_dn_1: 0.2282 (0.2311)  loss_giou_dn_2: 0.2167 (0.2256)  loss_giou_dn_3: 0.2161 (0.2253)  loss_giou_dn_4: 0.2161 (0.2253)  loss_giou_dn_5: 0.2161 (0.2253)  loss_giou_dn_pre: 0.2978 (0.3044)  loss_giou_enc_0: 0.3968 (0.4208)  loss_giou_pre: 0.2879 (0.3101)  loss_vfl: 0.3388 (0.3348)  loss_vfl_aux_0: 0.4093 (0.3970)  loss_vfl_aux_1: 0.3652 (0.3544)  loss_vfl_aux_2: 0.3489 (0.3410)  loss_vfl_aux_3: 0.3362 (0.3354)  loss_vfl_aux_4: 0.3337 (0.3344)  loss_vfl_dn_0: 0.3806 (0.3837)  loss_vfl_dn_1: 0.3037 (0.3024)  loss_vfl_dn_2: 0.2931 (0.2935)  loss_vfl_dn_3: 0.2920 (0.2917)  loss_vfl_dn_4: 0.2914 (0.2916)  loss_vfl_dn_5: 0.2913 (0.2918)  loss_vfl_dn_pre: 0.3828 (0.3851)  loss_vfl_enc_0: 0.4346 (0.4500)  loss_vfl_pre: 0.4093 (0.3967)  time: 0.7598  data: 0.0083  max mem: 17742
Epoch: [2/120]  [1900/2360]  eta: 0:05:27  lr: 0.000009  loss: 23.1717 (24.1752)  loss_bbox: 0.0558 (0.0631)  loss_bbox_aux_0: 0.0604 (0.0707)  loss_bbox_aux_1: 0.0573 (0.0644)  loss_bbox_aux_2: 0.0559 (0.0632)  loss_bbox_aux_3: 0.0558 (0.0631)  loss_bbox_aux_4: 0.0558 (0.0631)  loss_bbox_dn_0: 0.0773 (0.0845)  loss_bbox_dn_1: 0.0570 (0.0590)  loss_bbox_dn_2: 0.0524 (0.0561)  loss_bbox_dn_3: 0.0525 (0.0558)  loss_bbox_dn_4: 0.0525 (0.0556)  loss_bbox_dn_5: 0.0525 (0.0557)  loss_bbox_dn_pre: 0.0848 (0.0882)  loss_bbox_enc_0: 0.0918 (0.1091)  loss_bbox_pre: 0.0620 (0.0705)  loss_ddf_aux_0: 0.0302 (0.0581)  loss_ddf_aux_1: 0.0043 (0.0077)  loss_ddf_aux_2: 0.0002 (0.0002)  loss_ddf_aux_3: 0.0000 (0.0000)  loss_ddf_aux_4: 0.0000 (0.0000)  loss_ddf_dn_0: 0.4432 (0.9149)  loss_ddf_dn_1: 0.1616 (0.2802)  loss_ddf_dn_2: 0.0473 (0.0300)  loss_ddf_dn_3: 0.0006 (0.0006)  loss_ddf_dn_4: 0.0000 (0.0000)  loss_ddf_dn_5: 0.0000 (0.0000)  loss_fgl: 1.0333 (1.0413)  loss_fgl_aux_0: 1.0594 (1.0722)  loss_fgl_aux_1: 1.0412 (1.0446)  loss_fgl_aux_2: 1.0333 (1.0412)  loss_fgl_aux_3: 1.0334 (1.0412)  loss_fgl_aux_4: 1.0333 (1.0413)  loss_fgl_dn_0: 1.1158 (1.1335)  loss_fgl_dn_1: 0.9782 (1.0083)  loss_fgl_dn_2: 0.9671 (0.9998)  loss_fgl_dn_3: 0.9669 (0.9997)  loss_fgl_dn_4: 0.9669 (0.9998)  loss_fgl_dn_5: 0.9669 (0.9998)  loss_giou: 0.2562 (0.2960)  loss_giou_aux_0: 0.2708 (0.3099)  loss_giou_aux_1: 0.2604 (0.2981)  loss_giou_aux_2: 0.2574 (0.2961)  loss_giou_aux_3: 0.2563 (0.2960)  loss_giou_aux_4: 0.2562 (0.2960)  loss_giou_dn_0: 0.2930 (0.3037)  loss_giou_dn_1: 0.2177 (0.2307)  loss_giou_dn_2: 0.2161 (0.2252)  loss_giou_dn_3: 0.2160 (0.2249)  loss_giou_dn_4: 0.2159 (0.2248)  loss_giou_dn_5: 0.2159 (0.2249)  loss_giou_dn_pre: 0.2916 (0.3038)  loss_giou_enc_0: 0.3915 (0.4197)  loss_giou_pre: 0.2702 (0.3091)  loss_vfl: 0.3201 (0.3346)  loss_vfl_aux_0: 0.3747 (0.3966)  loss_vfl_aux_1: 0.3380 (0.3539)  loss_vfl_aux_2: 0.3263 (0.3407)  loss_vfl_aux_3: 0.3190 (0.3352)  loss_vfl_aux_4: 0.3210 (0.3342)  loss_vfl_dn_0: 0.3849 (0.3837)  loss_vfl_dn_1: 0.3004 (0.3023)  loss_vfl_dn_2: 0.2903 (0.2934)  loss_vfl_dn_3: 0.2874 (0.2916)  loss_vfl_dn_4: 0.2869 (0.2914)  loss_vfl_dn_5: 0.2873 (0.2916)  loss_vfl_dn_pre: 0.3864 (0.3850)  loss_vfl_enc_0: 0.4317 (0.4495)  loss_vfl_pre: 0.3753 (0.3962)  time: 0.7502  data: 0.0080  max mem: 17742
Epoch: [2/120]  [2000/2360]  eta: 0:04:15  lr: 0.000009  loss: 23.6398 (24.2679)  loss_bbox: 0.0525 (0.0630)  loss_bbox_aux_0: 0.0602 (0.0704)  loss_bbox_aux_1: 0.0541 (0.0642)  loss_bbox_aux_2: 0.0526 (0.0630)  loss_bbox_aux_3: 0.0527 (0.0630)  loss_bbox_aux_4: 0.0525 (0.0630)  loss_bbox_dn_0: 0.0800 (0.0843)  loss_bbox_dn_1: 0.0552 (0.0590)  loss_bbox_dn_2: 0.0502 (0.0560)  loss_bbox_dn_3: 0.0505 (0.0557)  loss_bbox_dn_4: 0.0505 (0.0556)  loss_bbox_dn_5: 0.0505 (0.0556)  loss_bbox_dn_pre: 0.0853 (0.0880)  loss_bbox_enc_0: 0.0863 (0.1086)  loss_bbox_pre: 0.0613 (0.0702)  loss_ddf_aux_0: 0.0392 (0.0598)  loss_ddf_aux_1: 0.0051 (0.0079)  loss_ddf_aux_2: 0.0003 (0.0002)  loss_ddf_aux_3: 0.0000 (0.0000)  loss_ddf_aux_4: 0.0000 (0.0000)  loss_ddf_dn_0: 0.5435 (0.9947)  loss_ddf_dn_1: 0.2193 (0.2905)  loss_ddf_dn_2: 0.0826 (0.0317)  loss_ddf_dn_3: 0.0028 (0.0008)  loss_ddf_dn_4: 0.0000 (0.0000)  loss_ddf_dn_5: 0.0000 (0.0000)  loss_fgl: 1.0455 (1.0412)  loss_fgl_aux_0: 1.0821 (1.0720)  loss_fgl_aux_1: 1.0488 (1.0445)  loss_fgl_aux_2: 1.0463 (1.0411)  loss_fgl_aux_3: 1.0456 (1.0411)  loss_fgl_aux_4: 1.0456 (1.0411)  loss_fgl_dn_0: 1.1344 (1.1334)  loss_fgl_dn_1: 1.0111 (1.0087)  loss_fgl_dn_2: 1.0028 (1.0004)  loss_fgl_dn_3: 1.0020 (1.0004)  loss_fgl_dn_4: 1.0016 (1.0004)  loss_fgl_dn_5: 1.0015 (1.0004)  loss_giou: 0.2731 (0.2959)  loss_giou_aux_0: 0.3064 (0.3098)  loss_giou_aux_1: 0.2807 (0.2980)  loss_giou_aux_2: 0.2722 (0.2960)  loss_giou_aux_3: 0.2732 (0.2959)  loss_giou_aux_4: 0.2732 (0.2959)  loss_giou_dn_0: 0.3049 (0.3038)  loss_giou_dn_1: 0.2391 (0.2309)  loss_giou_dn_2: 0.2258 (0.2254)  loss_giou_dn_3: 0.2264 (0.2251)  loss_giou_dn_4: 0.2264 (0.2250)  loss_giou_dn_5: 0.2265 (0.2250)  loss_giou_dn_pre: 0.3047 (0.3038)  loss_giou_enc_0: 0.3966 (0.4191)  loss_giou_pre: 0.3056 (0.3091)  loss_vfl: 0.3127 (0.3343)  loss_vfl_aux_0: 0.3667 (0.3959)  loss_vfl_aux_1: 0.3317 (0.3537)  loss_vfl_aux_2: 0.3217 (0.3403)  loss_vfl_aux_3: 0.3178 (0.3349)  loss_vfl_aux_4: 0.3103 (0.3339)  loss_vfl_dn_0: 0.4098 (0.3842)  loss_vfl_dn_1: 0.3910 (0.3036)  loss_vfl_dn_2: 0.3093 (0.2938)  loss_vfl_dn_3: 0.2978 (0.2918)  loss_vfl_dn_4: 0.2959 (0.2915)  loss_vfl_dn_5: 0.2959 (0.2917)  loss_vfl_dn_pre: 0.4097 (0.3855)  loss_vfl_enc_0: 0.4163 (0.4485)  loss_vfl_pre: 0.3658 (0.3955)  time: 0.6451  data: 0.0087  max mem: 17742
Epoch: [2/120]  [2100/2360]  eta: 0:03:03  lr: 0.000009  loss: 25.4561 (24.3202)  loss_bbox: 0.0552 (0.0631)  loss_bbox_aux_0: 0.0588 (0.0706)  loss_bbox_aux_1: 0.0556 (0.0644)  loss_bbox_aux_2: 0.0544 (0.0632)  loss_bbox_aux_3: 0.0553 (0.0631)  loss_bbox_aux_4: 0.0552 (0.0631)  loss_bbox_dn_0: 0.0772 (0.0843)  loss_bbox_dn_1: 0.0518 (0.0591)  loss_bbox_dn_2: 0.0501 (0.0561)  loss_bbox_dn_3: 0.0503 (0.0558)  loss_bbox_dn_4: 0.0502 (0.0557)  loss_bbox_dn_5: 0.0502 (0.0557)  loss_bbox_dn_pre: 0.0810 (0.0880)  loss_bbox_enc_0: 0.0929 (0.1087)  loss_bbox_pre: 0.0627 (0.0703)  loss_ddf_aux_0: 0.1718 (0.0623)  loss_ddf_aux_1: 0.0233 (0.0087)  loss_ddf_aux_2: 0.0007 (0.0002)  loss_ddf_aux_3: 0.0000 (0.0000)  loss_ddf_aux_4: 0.0000 (0.0000)  loss_ddf_dn_0: 1.6210 (1.0181)  loss_ddf_dn_1: 0.4058 (0.3089)  loss_ddf_dn_2: 0.0241 (0.0336)  loss_ddf_dn_3: 0.0003 (0.0008)  loss_ddf_dn_4: 0.0000 (0.0000)  loss_ddf_dn_5: 0.0000 (0.0000)  loss_fgl: 1.0384 (1.0407)  loss_fgl_aux_0: 1.0701 (1.0714)  loss_fgl_aux_1: 1.0372 (1.0440)  loss_fgl_aux_2: 1.0381 (1.0407)  loss_fgl_aux_3: 1.0388 (1.0407)  loss_fgl_aux_4: 1.0386 (1.0407)  loss_fgl_dn_0: 1.1282 (1.1330)  loss_fgl_dn_1: 1.0316 (1.0089)  loss_fgl_dn_2: 1.0262 (1.0007)  loss_fgl_dn_3: 1.0266 (1.0007)  loss_fgl_dn_4: 1.0265 (1.0007)  loss_fgl_dn_5: 1.0263 (1.0007)  loss_giou: 0.3075 (0.2964)  loss_giou_aux_0: 0.3228 (0.3102)  loss_giou_aux_1: 0.3112 (0.2985)  loss_giou_aux_2: 0.3090 (0.2965)  loss_giou_aux_3: 0.3076 (0.2964)  loss_giou_aux_4: 0.3076 (0.2964)  loss_giou_dn_0: 0.3185 (0.3039)  loss_giou_dn_1: 0.2450 (0.2313)  loss_giou_dn_2: 0.2369 (0.2257)  loss_giou_dn_3: 0.2359 (0.2254)  loss_giou_dn_4: 0.2357 (0.2254)  loss_giou_dn_5: 0.2357 (0.2254)  loss_giou_dn_pre: 0.3216 (0.3039)  loss_giou_enc_0: 0.4100 (0.4191)  loss_giou_pre: 0.3199 (0.3095)  loss_vfl: 0.3239 (0.3344)  loss_vfl_aux_0: 0.3948 (0.3952)  loss_vfl_aux_1: 0.3513 (0.3535)  loss_vfl_aux_2: 0.3313 (0.3402)  loss_vfl_aux_3: 0.3242 (0.3349)  loss_vfl_aux_4: 0.3178 (0.3339)  loss_vfl_dn_0: 0.3876 (0.3844)  loss_vfl_dn_1: 0.3094 (0.3041)  loss_vfl_dn_2: 0.3035 (0.2941)  loss_vfl_dn_3: 0.2983 (0.2919)  loss_vfl_dn_4: 0.2988 (0.2917)  loss_vfl_dn_5: 0.2979 (0.2919)  loss_vfl_dn_pre: 0.3885 (0.3857)  loss_vfl_enc_0: 0.4158 (0.4481)  loss_vfl_pre: 0.3939 (0.3949)  time: 0.6149  data: 0.0087  max mem: 17742
Epoch: [2/120]  [2200/2360]  eta: 0:01:52  lr: 0.000009  loss: 26.8173 (24.4239)  loss_bbox: 0.0552 (0.0631)  loss_bbox_aux_0: 0.0532 (0.0705)  loss_bbox_aux_1: 0.0543 (0.0644)  loss_bbox_aux_2: 0.0552 (0.0632)  loss_bbox_aux_3: 0.0553 (0.0631)  loss_bbox_aux_4: 0.0552 (0.0631)  loss_bbox_dn_0: 0.0726 (0.0844)  loss_bbox_dn_1: 0.0509 (0.0592)  loss_bbox_dn_2: 0.0474 (0.0563)  loss_bbox_dn_3: 0.0469 (0.0559)  loss_bbox_dn_4: 0.0468 (0.0558)  loss_bbox_dn_5: 0.0468 (0.0558)  loss_bbox_dn_pre: 0.0730 (0.0880)  loss_bbox_enc_0: 0.0900 (0.1087)  loss_bbox_pre: 0.0535 (0.0703)  loss_ddf_aux_0: 0.3520 (0.0695)  loss_ddf_aux_1: 0.0398 (0.0107)  loss_ddf_aux_2: 0.0005 (0.0002)  loss_ddf_aux_3: 0.0000 (0.0000)  loss_ddf_aux_4: 0.0000 (0.0000)  loss_ddf_dn_0: 2.9808 (1.0832)  loss_ddf_dn_1: 0.1958 (0.3223)  loss_ddf_dn_2: 0.0216 (0.0339)  loss_ddf_dn_3: 0.0003 (0.0007)  loss_ddf_dn_4: 0.0000 (0.0000)  loss_ddf_dn_5: 0.0000 (0.0000)  loss_fgl: 1.0321 (1.0410)  loss_fgl_aux_0: 1.0647 (1.0716)  loss_fgl_aux_1: 1.0390 (1.0443)  loss_fgl_aux_2: 1.0318 (1.0410)  loss_fgl_aux_3: 1.0317 (1.0410)  loss_fgl_aux_4: 1.0319 (1.0410)  loss_fgl_dn_0: 1.1508 (1.1339)  loss_fgl_dn_1: 1.0437 (1.0101)  loss_fgl_dn_2: 1.0363 (1.0019)  loss_fgl_dn_3: 1.0359 (1.0019)  loss_fgl_dn_4: 1.0358 (1.0020)  loss_fgl_dn_5: 1.0357 (1.0020)  loss_giou: 0.2979 (0.2967)  loss_giou_aux_0: 0.3065 (0.3104)  loss_giou_aux_1: 0.2987 (0.2987)  loss_giou_aux_2: 0.2974 (0.2967)  loss_giou_aux_3: 0.2980 (0.2967)  loss_giou_aux_4: 0.2979 (0.2967)  loss_giou_dn_0: 0.3168 (0.3041)  loss_giou_dn_1: 0.2354 (0.2317)  loss_giou_dn_2: 0.2307 (0.2261)  loss_giou_dn_3: 0.2302 (0.2258)  loss_giou_dn_4: 0.2300 (0.2257)  loss_giou_dn_5: 0.2300 (0.2257)  loss_giou_dn_pre: 0.3137 (0.3042)  loss_giou_enc_0: 0.4123 (0.4190)  loss_giou_pre: 0.3077 (0.3097)  loss_vfl: 0.3532 (0.3347)  loss_vfl_aux_0: 0.4028 (0.3952)  loss_vfl_aux_1: 0.3460 (0.3535)  loss_vfl_aux_2: 0.3548 (0.3406)  loss_vfl_aux_3: 0.3483 (0.3353)  loss_vfl_aux_4: 0.3520 (0.3343)  loss_vfl_dn_0: 0.3807 (0.3845)  loss_vfl_dn_1: 0.3053 (0.3043)  loss_vfl_dn_2: 0.2995 (0.2944)  loss_vfl_dn_3: 0.2979 (0.2922)  loss_vfl_dn_4: 0.2952 (0.2919)  loss_vfl_dn_5: 0.2960 (0.2922)  loss_vfl_dn_pre: 0.3822 (0.3857)  loss_vfl_enc_0: 0.4425 (0.4480)  loss_vfl_pre: 0.4048 (0.3949)  time: 0.6135  data: 0.0080  max mem: 17742
Epoch: [2/120]  [2300/2360]  eta: 0:00:41  lr: 0.000009  loss: 23.7769 (24.3840)  loss_bbox: 0.0578 (0.0631)  loss_bbox_aux_0: 0.0587 (0.0706)  loss_bbox_aux_1: 0.0589 (0.0644)  loss_bbox_aux_2: 0.0577 (0.0632)  loss_bbox_aux_3: 0.0579 (0.0631)  loss_bbox_aux_4: 0.0578 (0.0631)  loss_bbox_dn_0: 0.0785 (0.0844)  loss_bbox_dn_1: 0.0580 (0.0592)  loss_bbox_dn_2: 0.0546 (0.0563)  loss_bbox_dn_3: 0.0548 (0.0560)  loss_bbox_dn_4: 0.0549 (0.0559)  loss_bbox_dn_5: 0.0549 (0.0559)  loss_bbox_dn_pre: 0.0813 (0.0880)  loss_bbox_enc_0: 0.0804 (0.1090)  loss_bbox_pre: 0.0586 (0.0704)  loss_ddf_aux_0: 0.0515 (0.0698)  loss_ddf_aux_1: 0.0138 (0.0108)  loss_ddf_aux_2: 0.0003 (0.0002)  loss_ddf_aux_3: 0.0000 (0.0000)  loss_ddf_aux_4: 0.0000 (0.0000)  loss_ddf_dn_0: 0.4425 (1.0603)  loss_ddf_dn_1: 0.1126 (0.3129)  loss_ddf_dn_2: 0.0181 (0.0332)  loss_ddf_dn_3: 0.0005 (0.0007)  loss_ddf_dn_4: 0.0000 (0.0000)  loss_ddf_dn_5: 0.0000 (0.0000)  loss_fgl: 1.0577 (1.0408)  loss_fgl_aux_0: 1.0861 (1.0717)  loss_fgl_aux_1: 1.0617 (1.0442)  loss_fgl_aux_2: 1.0581 (1.0408)  loss_fgl_aux_3: 1.0581 (1.0408)  loss_fgl_aux_4: 1.0579 (1.0408)  loss_fgl_dn_0: 1.1488 (1.1344)  loss_fgl_dn_1: 1.0346 (1.0106)  loss_fgl_dn_2: 1.0204 (1.0023)  loss_fgl_dn_3: 1.0199 (1.0022)  loss_fgl_dn_4: 1.0201 (1.0023)  loss_fgl_dn_5: 1.0203 (1.0023)  loss_giou: 0.2806 (0.2959)  loss_giou_aux_0: 0.2902 (0.3095)  loss_giou_aux_1: 0.2800 (0.2979)  loss_giou_aux_2: 0.2808 (0.2959)  loss_giou_aux_3: 0.2806 (0.2959)  loss_giou_aux_4: 0.2806 (0.2959)  loss_giou_dn_0: 0.2968 (0.3037)  loss_giou_dn_1: 0.2327 (0.2315)  loss_giou_dn_2: 0.2228 (0.2259)  loss_giou_dn_3: 0.2226 (0.2256)  loss_giou_dn_4: 0.2225 (0.2256)  loss_giou_dn_5: 0.2226 (0.2256)  loss_giou_dn_pre: 0.2994 (0.3037)  loss_giou_enc_0: 0.3832 (0.4178)  loss_giou_pre: 0.2864 (0.3088)  loss_vfl: 0.3296 (0.3345)  loss_vfl_aux_0: 0.3975 (0.3955)  loss_vfl_aux_1: 0.3730 (0.3536)  loss_vfl_aux_2: 0.3346 (0.3405)  loss_vfl_aux_3: 0.3336 (0.3352)  loss_vfl_aux_4: 0.3324 (0.3340)  loss_vfl_dn_0: 0.3887 (0.3842)  loss_vfl_dn_1: 0.3137 (0.3042)  loss_vfl_dn_2: 0.3068 (0.2944)  loss_vfl_dn_3: 0.3027 (0.2921)  loss_vfl_dn_4: 0.3018 (0.2918)  loss_vfl_dn_5: 0.3019 (0.2921)  loss_vfl_dn_pre: 0.3900 (0.3855)  loss_vfl_enc_0: 0.4533 (0.4484)  loss_vfl_pre: 0.4018 (0.3952)  time: 0.6136  data: 0.0083  max mem: 17742
Epoch: [2/120]  [2359/2360]  eta: 0:00:00  lr: 0.000009  loss: 23.9002 (24.3565)  loss_bbox: 0.0569 (0.0632)  loss_bbox_aux_0: 0.0700 (0.0707)  loss_bbox_aux_1: 0.0589 (0.0644)  loss_bbox_aux_2: 0.0569 (0.0632)  loss_bbox_aux_3: 0.0568 (0.0632)  loss_bbox_aux_4: 0.0568 (0.0632)  loss_bbox_dn_0: 0.0838 (0.0844)  loss_bbox_dn_1: 0.0573 (0.0592)  loss_bbox_dn_2: 0.0528 (0.0563)  loss_bbox_dn_3: 0.0525 (0.0559)  loss_bbox_dn_4: 0.0524 (0.0558)  loss_bbox_dn_5: 0.0525 (0.0558)  loss_bbox_dn_pre: 0.0919 (0.0881)  loss_bbox_enc_0: 0.1197 (0.1093)  loss_bbox_pre: 0.0710 (0.0705)  loss_ddf_aux_0: 0.0434 (0.0692)  loss_ddf_aux_1: 0.0092 (0.0108)  loss_ddf_aux_2: 0.0002 (0.0002)  loss_ddf_aux_3: 0.0000 (0.0000)  loss_ddf_aux_4: 0.0000 (0.0000)  loss_ddf_dn_0: 0.5924 (1.0468)  loss_ddf_dn_1: 0.2562 (0.3098)  loss_ddf_dn_2: 0.0319 (0.0330)  loss_ddf_dn_3: 0.0005 (0.0007)  loss_ddf_dn_4: 0.0000 (0.0000)  loss_ddf_dn_5: 0.0000 (0.0000)  loss_fgl: 1.0119 (1.0402)  loss_fgl_aux_0: 1.0634 (1.0712)  loss_fgl_aux_1: 1.0219 (1.0436)  loss_fgl_aux_2: 1.0120 (1.0402)  loss_fgl_aux_3: 1.0121 (1.0402)  loss_fgl_aux_4: 1.0122 (1.0402)  loss_fgl_dn_0: 1.1338 (1.1341)  loss_fgl_dn_1: 1.0144 (1.0101)  loss_fgl_dn_2: 1.0055 (1.0017)  loss_fgl_dn_3: 1.0058 (1.0017)  loss_fgl_dn_4: 1.0058 (1.0017)  loss_fgl_dn_5: 1.0058 (1.0017)  loss_giou: 0.2769 (0.2956)  loss_giou_aux_0: 0.3031 (0.3093)  loss_giou_aux_1: 0.2770 (0.2976)  loss_giou_aux_2: 0.2757 (0.2956)  loss_giou_aux_3: 0.2768 (0.2956)  loss_giou_aux_4: 0.2769 (0.2956)  loss_giou_dn_0: 0.3115 (0.3036)  loss_giou_dn_1: 0.2316 (0.2314)  loss_giou_dn_2: 0.2251 (0.2258)  loss_giou_dn_3: 0.2252 (0.2255)  loss_giou_dn_4: 0.2252 (0.2255)  loss_giou_dn_5: 0.2252 (0.2255)  loss_giou_dn_pre: 0.3116 (0.3036)  loss_giou_enc_0: 0.4033 (0.4172)  loss_giou_pre: 0.3018 (0.3086)  loss_vfl: 0.3203 (0.3344)  loss_vfl_aux_0: 0.4002 (0.3954)  loss_vfl_aux_1: 0.3477 (0.3535)  loss_vfl_aux_2: 0.3324 (0.3404)  loss_vfl_aux_3: 0.3308 (0.3351)  loss_vfl_aux_4: 0.3212 (0.3340)  loss_vfl_dn_0: 0.3854 (0.3841)  loss_vfl_dn_1: 0.3079 (0.3041)  loss_vfl_dn_2: 0.2970 (0.2942)  loss_vfl_dn_3: 0.2946 (0.2920)  loss_vfl_dn_4: 0.2939 (0.2917)  loss_vfl_dn_5: 0.2937 (0.2920)  loss_vfl_dn_pre: 0.3851 (0.3853)  loss_vfl_enc_0: 0.4660 (0.4485)  loss_vfl_pre: 0.3996 (0.3951)  time: 0.6111  data: 0.0081  max mem: 17742
Epoch: [2/120] Total time: 0:27:25 (0.6973 s / it)
Averaged stats: lr: 0.000009  loss: 23.9002 (24.3565)  loss_bbox: 0.0569 (0.0632)  loss_bbox_aux_0: 0.0700 (0.0707)  loss_bbox_aux_1: 0.0589 (0.0644)  loss_bbox_aux_2: 0.0569 (0.0632)  loss_bbox_aux_3: 0.0568 (0.0632)  loss_bbox_aux_4: 0.0568 (0.0632)  loss_bbox_dn_0: 0.0838 (0.0844)  loss_bbox_dn_1: 0.0573 (0.0592)  loss_bbox_dn_2: 0.0528 (0.0563)  loss_bbox_dn_3: 0.0525 (0.0559)  loss_bbox_dn_4: 0.0524 (0.0558)  loss_bbox_dn_5: 0.0525 (0.0558)  loss_bbox_dn_pre: 0.0919 (0.0881)  loss_bbox_enc_0: 0.1197 (0.1093)  loss_bbox_pre: 0.0710 (0.0705)  loss_ddf_aux_0: 0.0434 (0.0692)  loss_ddf_aux_1: 0.0092 (0.0108)  loss_ddf_aux_2: 0.0002 (0.0002)  loss_ddf_aux_3: 0.0000 (0.0000)  loss_ddf_aux_4: 0.0000 (0.0000)  loss_ddf_dn_0: 0.5924 (1.0468)  loss_ddf_dn_1: 0.2562 (0.3098)  loss_ddf_dn_2: 0.0319 (0.0330)  loss_ddf_dn_3: 0.0005 (0.0007)  loss_ddf_dn_4: 0.0000 (0.0000)  loss_ddf_dn_5: 0.0000 (0.0000)  loss_fgl: 1.0119 (1.0402)  loss_fgl_aux_0: 1.0634 (1.0712)  loss_fgl_aux_1: 1.0219 (1.0436)  loss_fgl_aux_2: 1.0120 (1.0402)  loss_fgl_aux_3: 1.0121 (1.0402)  loss_fgl_aux_4: 1.0122 (1.0402)  loss_fgl_dn_0: 1.1338 (1.1341)  loss_fgl_dn_1: 1.0144 (1.0101)  loss_fgl_dn_2: 1.0055 (1.0017)  loss_fgl_dn_3: 1.0058 (1.0017)  loss_fgl_dn_4: 1.0058 (1.0017)  loss_fgl_dn_5: 1.0058 (1.0017)  loss_giou: 0.2769 (0.2956)  loss_giou_aux_0: 0.3031 (0.3093)  loss_giou_aux_1: 0.2770 (0.2976)  loss_giou_aux_2: 0.2757 (0.2956)  loss_giou_aux_3: 0.2768 (0.2956)  loss_giou_aux_4: 0.2769 (0.2956)  loss_giou_dn_0: 0.3115 (0.3036)  loss_giou_dn_1: 0.2316 (0.2314)  loss_giou_dn_2: 0.2251 (0.2258)  loss_giou_dn_3: 0.2252 (0.2255)  loss_giou_dn_4: 0.2252 (0.2255)  loss_giou_dn_5: 0.2252 (0.2255)  loss_giou_dn_pre: 0.3116 (0.3036)  loss_giou_enc_0: 0.4033 (0.4172)  loss_giou_pre: 0.3018 (0.3086)  loss_vfl: 0.3203 (0.3344)  loss_vfl_aux_0: 0.4002 (0.3954)  loss_vfl_aux_1: 0.3477 (0.3535)  loss_vfl_aux_2: 0.3324 (0.3404)  loss_vfl_aux_3: 0.3308 (0.3351)  loss_vfl_aux_4: 0.3212 (0.3340)  loss_vfl_dn_0: 0.3854 (0.3841)  loss_vfl_dn_1: 0.3079 (0.3041)  loss_vfl_dn_2: 0.2970 (0.2942)  loss_vfl_dn_3: 0.2946 (0.2920)  loss_vfl_dn_4: 0.2939 (0.2917)  loss_vfl_dn_5: 0.2937 (0.2920)  loss_vfl_dn_pre: 0.3851 (0.3853)  loss_vfl_enc_0: 0.4660 (0.4485)  loss_vfl_pre: 0.3996 (0.3951)
Test:  [  0/109]  eta: 0:01:48    time: 0.9995  data: 0.8366  max mem: 17742
Test:  [ 10/109]  eta: 0:00:29    time: 0.2960  data: 0.0874  max mem: 17742
Test:  [ 20/109]  eta: 0:00:21    time: 0.2010  data: 0.0115  max mem: 17742
Test:  [ 30/109]  eta: 0:00:18    time: 0.1957  data: 0.0106  max mem: 17742
Test:  [ 40/109]  eta: 0:00:15    time: 0.2198  data: 0.0115  max mem: 17742
Test:  [ 50/109]  eta: 0:00:13    time: 0.2053  data: 0.0122  max mem: 17742
Test:  [ 60/109]  eta: 0:00:11    time: 0.2157  data: 0.0124  max mem: 17742
Test:  [ 70/109]  eta: 0:00:08    time: 0.2139  data: 0.0118  max mem: 17742
Test:  [ 80/109]  eta: 0:00:06    time: 0.2005  data: 0.0104  max mem: 17742
Test:  [ 90/109]  eta: 0:00:04    time: 0.2145  data: 0.0103  max mem: 17742
Test:  [100/109]  eta: 0:00:01    time: 0.1792  data: 0.0098  max mem: 17742
Test:  [108/109]  eta: 0:00:00    time: 0.1659  data: 0.0085  max mem: 17742
Test: Total time: 0:00:22 (0.2071 s / it)
Metrics: {'f1': 0.9476744186046513, 'precision': 0.9588235294117647, 'recall': 0.9367816091954023, 'iou': 0.7446219265790276, 'TPs': 815, 'FPs': 35, 'FNs': 55}
Averaged stats: 
Accumulating evaluation results...
COCOeval_opt.accumulate() finished...
DONE (t=0.27s).
IoU metric: bbox
 Average Precision  (AP) @[ IoU=0.50:0.95 | area=   all | maxDets=100 ] = 0.628
 Average Precision  (AP) @[ IoU=0.50      | area=   all | maxDets=100 ] = 0.949
 Average Precision  (AP) @[ IoU=0.75      | area=   all | maxDets=100 ] = 0.705
 Average Precision  (AP) @[ IoU=0.50:0.95 | area= small | maxDets=100 ] = 0.550
 Average Precision  (AP) @[ IoU=0.50:0.95 | area=medium | maxDets=100 ] = 0.724
 Average Precision  (AP) @[ IoU=0.50:0.95 | area= large | maxDets=100 ] = 0.716
 Average Recall     (AR) @[ IoU=0.50:0.95 | area=   all | maxDets=  1 ] = 0.647
 Average Recall     (AR) @[ IoU=0.50:0.95 | area=   all | maxDets= 10 ] = 0.679
 Average Recall     (AR) @[ IoU=0.50:0.95 | area=   all | maxDets=100 ] = 0.739
 Average Recall     (AR) @[ IoU=0.50:0.95 | area= small | maxDets=100 ] = 0.657
 Average Recall     (AR) @[ IoU=0.50:0.95 | area=medium | maxDets=100 ] = 0.812
 Average Recall     (AR) @[ IoU=0.50:0.95 | area= large | maxDets=100 ] = 0.887
 Average Recall     (AR) @[ IoU=0.50      | area=   all | maxDets=100 ] = 0.977
 Average Recall     (AR) @[ IoU=0.75      | area=   all | maxDets=100 ] = 0.838
best_stat: {'epoch': 2, 'coco_eval_bbox': 0.627719082296856}
Epoch: [3/120]  [   0/2360]  eta: 2:25:46  lr: 0.000009  loss: 23.8038 (23.8038)  loss_bbox: 0.0641 (0.0641)  loss_bbox_aux_0: 0.0836 (0.0836)  loss_bbox_aux_1: 0.0651 (0.0651)  loss_bbox_aux_2: 0.0641 (0.0641)  loss_bbox_aux_3: 0.0641 (0.0641)  loss_bbox_aux_4: 0.0641 (0.0641)  loss_bbox_dn_0: 0.0741 (0.0741)  loss_bbox_dn_1: 0.0491 (0.0491)  loss_bbox_dn_2: 0.0461 (0.0461)  loss_bbox_dn_3: 0.0461 (0.0461)  loss_bbox_dn_4: 0.0461 (0.0461)  loss_bbox_dn_5: 0.0461 (0.0461)  loss_bbox_dn_pre: 0.0738 (0.0738)  loss_bbox_enc_0: 0.1243 (0.1243)  loss_bbox_pre: 0.0825 (0.0825)  loss_ddf_aux_0: 0.0548 (0.0548)  loss_ddf_aux_1: 0.0106 (0.0106)  loss_ddf_aux_2: 0.0003 (0.0003)  loss_ddf_aux_3: 0.0001 (0.0001)  loss_ddf_aux_4: 0.0000 (0.0000)  loss_ddf_dn_0: 0.8721 (0.8721)  loss_ddf_dn_1: 0.3926 (0.3926)  loss_ddf_dn_2: 0.0357 (0.0357)  loss_ddf_dn_3: 0.0006 (0.0006)  loss_ddf_dn_4: 0.0000 (0.0000)  loss_ddf_dn_5: 0.0000 (0.0000)  loss_fgl: 0.9381 (0.9381)  loss_fgl_aux_0: 1.0356 (1.0356)  loss_fgl_aux_1: 0.9465 (0.9465)  loss_fgl_aux_2: 0.9394 (0.9394)  loss_fgl_aux_3: 0.9382 (0.9382)  loss_fgl_aux_4: 0.9381 (0.9381)  loss_fgl_dn_0: 1.1016 (1.1016)  loss_fgl_dn_1: 0.9625 (0.9625)  loss_fgl_dn_2: 0.9468 (0.9468)  loss_fgl_dn_3: 0.9468 (0.9468)  loss_fgl_dn_4: 0.9468 (0.9468)  loss_fgl_dn_5: 0.9467 (0.9467)  loss_giou: 0.3313 (0.3313)  loss_giou_aux_0: 0.3739 (0.3739)  loss_giou_aux_1: 0.3417 (0.3417)  loss_giou_aux_2: 0.3335 (0.3335)  loss_giou_aux_3: 0.3311 (0.3311)  loss_giou_aux_4: 0.3312 (0.3312)  loss_giou_dn_0: 0.3271 (0.3271)  loss_giou_dn_1: 0.2475 (0.2475)  loss_giou_dn_2: 0.2319 (0.2319)  loss_giou_dn_3: 0.2315 (0.2315)  loss_giou_dn_4: 0.2316 (0.2316)  loss_giou_dn_5: 0.2317 (0.2317)  loss_giou_dn_pre: 0.3263 (0.3263)  loss_giou_enc_0: 0.4738 (0.4738)  loss_giou_pre: 0.3736 (0.3736)  loss_vfl: 0.3337 (0.3337)  loss_vfl_aux_0: 0.4121 (0.4121)  loss_vfl_aux_1: 0.3718 (0.3718)  loss_vfl_aux_2: 0.3293 (0.3293)  loss_vfl_aux_3: 0.3212 (0.3212)  loss_vfl_aux_4: 0.3249 (0.3249)  loss_vfl_dn_0: 0.3712 (0.3712)  loss_vfl_dn_1: 0.2889 (0.2889)  loss_vfl_dn_2: 0.2774 (0.2774)  loss_vfl_dn_3: 0.2769 (0.2769)  loss_vfl_dn_4: 0.2771 (0.2771)  loss_vfl_dn_5: 0.2786 (0.2786)  loss_vfl_dn_pre: 0.3709 (0.3709)  loss_vfl_enc_0: 0.4936 (0.4936)  loss_vfl_pre: 0.4111 (0.4111)  time: 3.7062  data: 1.3905  max mem: 17742
Epoch: [3/120]  [ 100/2360]  eta: 0:24:18  lr: 0.000009  loss: 24.1325 (24.7689)  loss_bbox: 0.0570 (0.0675)  loss_bbox_aux_0: 0.0756 (0.0756)  loss_bbox_aux_1: 0.0601 (0.0692)  loss_bbox_aux_2: 0.0569 (0.0673)  loss_bbox_aux_3: 0.0570 (0.0675)  loss_bbox_aux_4: 0.0570 (0.0675)  loss_bbox_dn_0: 0.0827 (0.0845)  loss_bbox_dn_1: 0.0610 (0.0603)  loss_bbox_dn_2: 0.0559 (0.0576)  loss_bbox_dn_3: 0.0558 (0.0572)  loss_bbox_dn_4: 0.0561 (0.0571)  loss_bbox_dn_5: 0.0561 (0.0571)  loss_bbox_dn_pre: 0.0954 (0.0874)  loss_bbox_enc_0: 0.1047 (0.1142)  loss_bbox_pre: 0.0735 (0.0751)  loss_ddf_aux_0: 0.0943 (0.0841)  loss_ddf_aux_1: 0.0460 (0.0386)  loss_ddf_aux_2: 0.0006 (0.0006)  loss_ddf_aux_3: 0.0000 (0.0000)  loss_ddf_aux_4: -0.0000 (0.0000)  loss_ddf_dn_0: 0.5983 (1.1127)  loss_ddf_dn_1: 0.3248 (0.5186)  loss_ddf_dn_2: 0.0690 (0.0776)  loss_ddf_dn_3: 0.0016 (0.0019)  loss_ddf_dn_4: 0.0000 (0.0000)  loss_ddf_dn_5: 0.0000 (0.0000)  loss_fgl: 1.0313 (1.0409)  loss_fgl_aux_0: 1.0714 (1.0737)  loss_fgl_aux_1: 1.0358 (1.0447)  loss_fgl_aux_2: 1.0318 (1.0408)  loss_fgl_aux_3: 1.0308 (1.0408)  loss_fgl_aux_4: 1.0311 (1.0409)  loss_fgl_dn_0: 1.1221 (1.1368)  loss_fgl_dn_1: 0.9969 (1.0158)  loss_fgl_dn_2: 0.9908 (1.0091)  loss_fgl_dn_3: 0.9926 (1.0094)  loss_fgl_dn_4: 0.9936 (1.0095)  loss_fgl_dn_5: 0.9937 (1.0095)  loss_giou: 0.2784 (0.2925)  loss_giou_aux_0: 0.2983 (0.3057)  loss_giou_aux_1: 0.2844 (0.2948)  loss_giou_aux_2: 0.2785 (0.2928)  loss_giou_aux_3: 0.2784 (0.2925)  loss_giou_aux_4: 0.2784 (0.2925)  loss_giou_dn_0: 0.2969 (0.3032)  loss_giou_dn_1: 0.2251 (0.2341)  loss_giou_dn_2: 0.2178 (0.2289)  loss_giou_dn_3: 0.2172 (0.2285)  loss_giou_dn_4: 0.2169 (0.2284)  loss_giou_dn_5: 0.2169 (0.2284)  loss_giou_dn_pre: 0.2966 (0.3026)  loss_giou_enc_0: 0.3816 (0.3998)  loss_giou_pre: 0.2972 (0.3048)  loss_vfl: 0.3196 (0.3344)  loss_vfl_aux_0: 0.3834 (0.3860)  loss_vfl_aux_1: 0.3400 (0.3502)  loss_vfl_aux_2: 0.3352 (0.3370)  loss_vfl_aux_3: 0.3260 (0.3345)  loss_vfl_aux_4: 0.3231 (0.3339)  loss_vfl_dn_0: 0.3885 (0.3848)  loss_vfl_dn_1: 0.3093 (0.3097)  loss_vfl_dn_2: 0.2922 (0.2986)  loss_vfl_dn_3: 0.2896 (0.2955)  loss_vfl_dn_4: 0.2899 (0.2950)  loss_vfl_dn_5: 0.2899 (0.2952)  loss_vfl_dn_pre: 0.3904 (0.3868)  loss_vfl_enc_0: 0.4234 (0.4400)  loss_vfl_pre: 0.3953 (0.3871)  time: 0.6119  data: 0.0084  max mem: 17742
Epoch: [3/120]  [ 200/2360]  eta: 0:22:32  lr: 0.000009  loss: 25.1313 (25.1315)  loss_bbox: 0.0554 (0.0664)  loss_bbox_aux_0: 0.0682 (0.0748)  loss_bbox_aux_1: 0.0579 (0.0685)  loss_bbox_aux_2: 0.0555 (0.0665)  loss_bbox_aux_3: 0.0553 (0.0664)  loss_bbox_aux_4: 0.0553 (0.0664)  loss_bbox_dn_0: 0.0840 (0.0829)  loss_bbox_dn_1: 0.0531 (0.0594)  loss_bbox_dn_2: 0.0515 (0.0568)  loss_bbox_dn_3: 0.0490 (0.0563)  loss_bbox_dn_4: 0.0492 (0.0561)  loss_bbox_dn_5: 0.0492 (0.0561)  loss_bbox_dn_pre: 0.0893 (0.0863)  loss_bbox_enc_0: 0.1076 (0.1131)  loss_bbox_pre: 0.0688 (0.0746)  loss_ddf_aux_0: 0.2715 (0.1388)  loss_ddf_aux_1: 0.0783 (0.0570)  loss_ddf_aux_2: 0.0007 (0.0008)  loss_ddf_aux_3: 0.0000 (0.0000)  loss_ddf_aux_4: 0.0000 (0.0000)  loss_ddf_dn_0: 1.7158 (1.3400)  loss_ddf_dn_1: 0.4595 (0.6169)  loss_ddf_dn_2: 0.0925 (0.0719)  loss_ddf_dn_3: 0.0031 (0.0017)  loss_ddf_dn_4: 0.0000 (0.0000)  loss_ddf_dn_5: 0.0000 (0.0000)  loss_fgl: 1.0389 (1.0417)  loss_fgl_aux_0: 1.0631 (1.0709)  loss_fgl_aux_1: 1.0420 (1.0448)  loss_fgl_aux_2: 1.0392 (1.0417)  loss_fgl_aux_3: 1.0386 (1.0417)  loss_fgl_aux_4: 1.0388 (1.0417)  loss_fgl_dn_0: 1.1308 (1.1332)  loss_fgl_dn_1: 1.0119 (1.0164)  loss_fgl_dn_2: 1.0012 (1.0102)  loss_fgl_dn_3: 1.0018 (1.0106)  loss_fgl_dn_4: 1.0020 (1.0106)  loss_fgl_dn_5: 1.0020 (1.0106)  loss_giou: 0.2740 (0.2899)  loss_giou_aux_0: 0.2918 (0.3029)  loss_giou_aux_1: 0.2723 (0.2921)  loss_giou_aux_2: 0.2673 (0.2899)  loss_giou_aux_3: 0.2740 (0.2899)  loss_giou_aux_4: 0.2740 (0.2899)  loss_giou_dn_0: 0.2959 (0.3018)  loss_giou_dn_1: 0.2297 (0.2332)  loss_giou_dn_2: 0.2257 (0.2280)  loss_giou_dn_3: 0.2255 (0.2276)  loss_giou_dn_4: 0.2254 (0.2275)  loss_giou_dn_5: 0.2253 (0.2275)  loss_giou_dn_pre: 0.2967 (0.3016)  loss_giou_enc_0: 0.4007 (0.3981)  loss_giou_pre: 0.2855 (0.3021)  loss_vfl: 0.3125 (0.3360)  loss_vfl_aux_0: 0.3891 (0.3909)  loss_vfl_aux_1: 0.3610 (0.3538)  loss_vfl_aux_2: 0.3306 (0.3400)  loss_vfl_aux_3: 0.3140 (0.3360)  loss_vfl_aux_4: 0.3134 (0.3357)  loss_vfl_dn_0: 0.3788 (0.3836)  loss_vfl_dn_1: 0.2996 (0.3063)  loss_vfl_dn_2: 0.2949 (0.2969)  loss_vfl_dn_3: 0.2952 (0.2946)  loss_vfl_dn_4: 0.2962 (0.2941)  loss_vfl_dn_5: 0.2978 (0.2942)  loss_vfl_dn_pre: 0.3820 (0.3851)  loss_vfl_enc_0: 0.4347 (0.4388)  loss_vfl_pre: 0.3857 (0.3916)  time: 0.6218  data: 0.0084  max mem: 17742
Epoch: [3/120]  [ 300/2360]  eta: 0:22:13  lr: 0.000009  loss: 23.5037 (25.0792)  loss_bbox: 0.0477 (0.0647)  loss_bbox_aux_0: 0.0635 (0.0723)  loss_bbox_aux_1: 0.0495 (0.0664)  loss_bbox_aux_2: 0.0474 (0.0647)  loss_bbox_aux_3: 0.0477 (0.0647)  loss_bbox_aux_4: 0.0477 (0.0647)  loss_bbox_dn_0: 0.0700 (0.0816)  loss_bbox_dn_1: 0.0527 (0.0585)  loss_bbox_dn_2: 0.0501 (0.0559)  loss_bbox_dn_3: 0.0469 (0.0554)  loss_bbox_dn_4: 0.0472 (0.0552)  loss_bbox_dn_5: 0.0473 (0.0552)  loss_bbox_dn_pre: 0.0689 (0.0844)  loss_bbox_enc_0: 0.0909 (0.1082)  loss_bbox_pre: 0.0625 (0.0720)  loss_ddf_aux_0: 0.0677 (0.1466)  loss_ddf_aux_1: 0.0118 (0.0526)  loss_ddf_aux_2: 0.0004 (0.0007)  loss_ddf_aux_3: 0.0000 (0.0000)  loss_ddf_aux_4: 0.0000 (0.0000)  loss_ddf_dn_0: 0.4590 (1.3671)  loss_ddf_dn_1: 0.0743 (0.5110)  loss_ddf_dn_2: 0.0226 (0.0641)  loss_ddf_dn_3: 0.0026 (0.0024)  loss_ddf_dn_4: 0.0000 (0.0000)  loss_ddf_dn_5: 0.0000 (0.0000)  loss_fgl: 1.0290 (1.0419)  loss_fgl_aux_0: 1.0614 (1.0709)  loss_fgl_aux_1: 1.0315 (1.0449)  loss_fgl_aux_2: 1.0290 (1.0419)  loss_fgl_aux_3: 1.0292 (1.0419)  loss_fgl_aux_4: 1.0291 (1.0419)  loss_fgl_dn_0: 1.1342 (1.1362)  loss_fgl_dn_1: 1.0093 (1.0222)  loss_fgl_dn_2: 0.9941 (1.0166)  loss_fgl_dn_3: 0.9952 (1.0172)  loss_fgl_dn_4: 0.9950 (1.0173)  loss_fgl_dn_5: 0.9950 (1.0173)  loss_giou: 0.2813 (0.2924)  loss_giou_aux_0: 0.2985 (0.3054)  loss_giou_aux_1: 0.2829 (0.2944)  loss_giou_aux_2: 0.2809 (0.2924)  loss_giou_aux_3: 0.2813 (0.2924)  loss_giou_aux_4: 0.2813 (0.2924)  loss_giou_dn_0: 0.2978 (0.3034)  loss_giou_dn_1: 0.2328 (0.2347)  loss_giou_dn_2: 0.2253 (0.2291)  loss_giou_dn_3: 0.2235 (0.2286)  loss_giou_dn_4: 0.2234 (0.2285)  loss_giou_dn_5: 0.2234 (0.2285)  loss_giou_dn_pre: 0.2977 (0.3025)  loss_giou_enc_0: 0.4067 (0.3995)  loss_giou_pre: 0.2974 (0.3046)  loss_vfl: 0.3231 (0.3339)  loss_vfl_aux_0: 0.3709 (0.3918)  loss_vfl_aux_1: 0.3318 (0.3570)  loss_vfl_aux_2: 0.3221 (0.3404)  loss_vfl_aux_3: 0.3260 (0.3347)  loss_vfl_aux_4: 0.3185 (0.3336)  loss_vfl_dn_0: 0.3818 (0.3821)  loss_vfl_dn_1: 0.3064 (0.3051)  loss_vfl_dn_2: 0.3002 (0.2974)  loss_vfl_dn_3: 0.2955 (0.2945)  loss_vfl_dn_4: 0.2959 (0.2941)  loss_vfl_dn_5: 0.2961 (0.2943)  loss_vfl_dn_pre: 0.3831 (0.3840)  loss_vfl_enc_0: 0.4167 (0.4367)  loss_vfl_pre: 0.3703 (0.3920)  time: 0.7559  data: 0.0087  max mem: 17742
Epoch: [3/120]  [ 400/2360]  eta: 0:22:09  lr: 0.000009  loss: 22.4555 (24.5351)  loss_bbox: 0.0560 (0.0636)  loss_bbox_aux_0: 0.0636 (0.0714)  loss_bbox_aux_1: 0.0586 (0.0655)  loss_bbox_aux_2: 0.0559 (0.0637)  loss_bbox_aux_3: 0.0560 (0.0636)  loss_bbox_aux_4: 0.0560 (0.0636)  loss_bbox_dn_0: 0.0780 (0.0813)  loss_bbox_dn_1: 0.0506 (0.0579)  loss_bbox_dn_2: 0.0477 (0.0552)  loss_bbox_dn_3: 0.0476 (0.0546)  loss_bbox_dn_4: 0.0476 (0.0544)  loss_bbox_dn_5: 0.0476 (0.0544)  loss_bbox_dn_pre: 0.0802 (0.0839)  loss_bbox_enc_0: 0.1009 (0.1075)  loss_bbox_pre: 0.0654 (0.0708)  loss_ddf_aux_0: 0.0566 (0.1258)  loss_ddf_aux_1: 0.0098 (0.0425)  loss_ddf_aux_2: 0.0003 (0.0007)  loss_ddf_aux_3: 0.0000 (0.0000)  loss_ddf_aux_4: 0.0000 (0.0000)  loss_ddf_dn_0: 0.3015 (1.1147)  loss_ddf_dn_1: 0.0487 (0.3980)  loss_ddf_dn_2: 0.0088 (0.0514)  loss_ddf_dn_3: 0.0008 (0.0022)  loss_ddf_dn_4: 0.0000 (0.0000)  loss_ddf_dn_5: 0.0000 (0.0000)  loss_fgl: 1.0091 (1.0395)  loss_fgl_aux_0: 1.0493 (1.0686)  loss_fgl_aux_1: 1.0159 (1.0424)  loss_fgl_aux_2: 1.0084 (1.0394)  loss_fgl_aux_3: 1.0089 (1.0394)  loss_fgl_aux_4: 1.0089 (1.0394)  loss_fgl_dn_0: 1.1134 (1.1334)  loss_fgl_dn_1: 0.9843 (1.0163)  loss_fgl_dn_2: 0.9745 (1.0100)  loss_fgl_dn_3: 0.9743 (1.0107)  loss_fgl_dn_4: 0.9742 (1.0107)  loss_fgl_dn_5: 0.9741 (1.0108)  loss_giou: 0.2735 (0.2882)  loss_giou_aux_0: 0.2784 (0.3013)  loss_giou_aux_1: 0.2735 (0.2904)  loss_giou_aux_2: 0.2743 (0.2883)  loss_giou_aux_3: 0.2735 (0.2883)  loss_giou_aux_4: 0.2735 (0.2883)  loss_giou_dn_0: 0.2829 (0.3005)  loss_giou_dn_1: 0.2226 (0.2317)  loss_giou_dn_2: 0.2140 (0.2262)  loss_giou_dn_3: 0.2133 (0.2257)  loss_giou_dn_4: 0.2135 (0.2256)  loss_giou_dn_5: 0.2135 (0.2256)  loss_giou_dn_pre: 0.2815 (0.2996)  loss_giou_enc_0: 0.3630 (0.3953)  loss_giou_pre: 0.2796 (0.3004)  loss_vfl: 0.3378 (0.3333)  loss_vfl_aux_0: 0.3842 (0.3896)  loss_vfl_aux_1: 0.3599 (0.3563)  loss_vfl_aux_2: 0.3328 (0.3398)  loss_vfl_aux_3: 0.3364 (0.3341)  loss_vfl_aux_4: 0.3383 (0.3330)  loss_vfl_dn_0: 0.3752 (0.3806)  loss_vfl_dn_1: 0.2931 (0.3032)  loss_vfl_dn_2: 0.2832 (0.2956)  loss_vfl_dn_3: 0.2809 (0.2928)  loss_vfl_dn_4: 0.2809 (0.2924)  loss_vfl_dn_5: 0.2809 (0.2926)  loss_vfl_dn_pre: 0.3765 (0.3826)  loss_vfl_enc_0: 0.4373 (0.4366)  loss_vfl_pre: 0.3835 (0.3898)  time: 0.7958  data: 0.0082  max mem: 17742
Epoch: [3/120]  [ 500/2360]  eta: 0:21:48  lr: 0.000009  loss: 23.0920 (24.2282)  loss_bbox: 0.0629 (0.0652)  loss_bbox_aux_0: 0.0674 (0.0729)  loss_bbox_aux_1: 0.0640 (0.0670)  loss_bbox_aux_2: 0.0632 (0.0653)  loss_bbox_aux_3: 0.0626 (0.0652)  loss_bbox_aux_4: 0.0629 (0.0652)  loss_bbox_dn_0: 0.0813 (0.0832)  loss_bbox_dn_1: 0.0633 (0.0589)  loss_bbox_dn_2: 0.0581 (0.0561)  loss_bbox_dn_3: 0.0564 (0.0556)  loss_bbox_dn_4: 0.0556 (0.0555)  loss_bbox_dn_5: 0.0556 (0.0555)  loss_bbox_dn_pre: 0.0833 (0.0857)  loss_bbox_enc_0: 0.0963 (0.1100)  loss_bbox_pre: 0.0667 (0.0724)  loss_ddf_aux_0: 0.0380 (0.1100)  loss_ddf_aux_1: 0.0071 (0.0357)  loss_ddf_aux_2: 0.0003 (0.0006)  loss_ddf_aux_3: 0.0000 (0.0000)  loss_ddf_aux_4: 0.0000 (0.0000)  loss_ddf_dn_0: 0.3258 (0.9527)  loss_ddf_dn_1: 0.0805 (0.3308)  loss_ddf_dn_2: 0.0213 (0.0440)  loss_ddf_dn_3: 0.0010 (0.0019)  loss_ddf_dn_4: 0.0000 (0.0000)  loss_ddf_dn_5: 0.0000 (0.0000)  loss_fgl: 1.0284 (1.0376)  loss_fgl_aux_0: 1.0593 (1.0671)  loss_fgl_aux_1: 1.0306 (1.0408)  loss_fgl_aux_2: 1.0275 (1.0376)  loss_fgl_aux_3: 1.0277 (1.0376)  loss_fgl_aux_4: 1.0280 (1.0376)  loss_fgl_dn_0: 1.1071 (1.1307)  loss_fgl_dn_1: 0.9738 (1.0117)  loss_fgl_dn_2: 0.9695 (1.0047)  loss_fgl_dn_3: 0.9698 (1.0053)  loss_fgl_dn_4: 0.9699 (1.0053)  loss_fgl_dn_5: 0.9700 (1.0053)  loss_giou: 0.2728 (0.2872)  loss_giou_aux_0: 0.2900 (0.3004)  loss_giou_aux_1: 0.2739 (0.2894)  loss_giou_aux_2: 0.2739 (0.2873)  loss_giou_aux_3: 0.2729 (0.2872)  loss_giou_aux_4: 0.2728 (0.2872)  loss_giou_dn_0: 0.2950 (0.2994)  loss_giou_dn_1: 0.2181 (0.2304)  loss_giou_dn_2: 0.2129 (0.2250)  loss_giou_dn_3: 0.2125 (0.2245)  loss_giou_dn_4: 0.2125 (0.2244)  loss_giou_dn_5: 0.2125 (0.2244)  loss_giou_dn_pre: 0.2933 (0.2988)  loss_giou_enc_0: 0.3772 (0.3947)  loss_giou_pre: 0.2892 (0.2995)  loss_vfl: 0.3160 (0.3320)  loss_vfl_aux_0: 0.3779 (0.3886)  loss_vfl_aux_1: 0.3343 (0.3544)  loss_vfl_aux_2: 0.3254 (0.3386)  loss_vfl_aux_3: 0.3159 (0.3326)  loss_vfl_aux_4: 0.3192 (0.3316)  loss_vfl_dn_0: 0.3847 (0.3807)  loss_vfl_dn_1: 0.2942 (0.3022)  loss_vfl_dn_2: 0.2817 (0.2945)  loss_vfl_dn_3: 0.2799 (0.2917)  loss_vfl_dn_4: 0.2804 (0.2914)  loss_vfl_dn_5: 0.2799 (0.2915)  loss_vfl_dn_pre: 0.3855 (0.3826)  loss_vfl_enc_0: 0.4193 (0.4365)  loss_vfl_pre: 0.3738 (0.3887)  time: 0.8120  data: 0.0088  max mem: 17742
Epoch: [3/120]  [ 600/2360]  eta: 0:21:09  lr: 0.000009  loss: 23.5535 (24.0954)  loss_bbox: 0.0542 (0.0650)  loss_bbox_aux_0: 0.0608 (0.0725)  loss_bbox_aux_1: 0.0549 (0.0666)  loss_bbox_aux_2: 0.0536 (0.0652)  loss_bbox_aux_3: 0.0542 (0.0650)  loss_bbox_aux_4: 0.0542 (0.0650)  loss_bbox_dn_0: 0.0777 (0.0833)  loss_bbox_dn_1: 0.0490 (0.0587)  loss_bbox_dn_2: 0.0505 (0.0560)  loss_bbox_dn_3: 0.0498 (0.0554)  loss_bbox_dn_4: 0.0494 (0.0553)  loss_bbox_dn_5: 0.0493 (0.0553)  loss_bbox_dn_pre: 0.0803 (0.0860)  loss_bbox_enc_0: 0.1020 (0.1103)  loss_bbox_pre: 0.0594 (0.0721)  loss_ddf_aux_0: 0.0576 (0.0990)  loss_ddf_aux_1: 0.0176 (0.0316)  loss_ddf_aux_2: 0.0004 (0.0006)  loss_ddf_aux_3: 0.0000 (0.0000)  loss_ddf_aux_4: 0.0000 (0.0000)  loss_ddf_dn_0: 0.4992 (0.8704)  loss_ddf_dn_1: 0.1248 (0.2961)  loss_ddf_dn_2: 0.0329 (0.0433)  loss_ddf_dn_3: 0.0005 (0.0018)  loss_ddf_dn_4: 0.0000 (0.0000)  loss_ddf_dn_5: 0.0000 (0.0000)  loss_fgl: 1.0364 (1.0366)  loss_fgl_aux_0: 1.0603 (1.0668)  loss_fgl_aux_1: 1.0375 (1.0398)  loss_fgl_aux_2: 1.0385 (1.0366)  loss_fgl_aux_3: 1.0363 (1.0366)  loss_fgl_aux_4: 1.0361 (1.0366)  loss_fgl_dn_0: 1.1348 (1.1314)  loss_fgl_dn_1: 1.0199 (1.0104)  loss_fgl_dn_2: 1.0134 (1.0031)  loss_fgl_dn_3: 1.0132 (1.0035)  loss_fgl_dn_4: 1.0131 (1.0036)  loss_fgl_dn_5: 1.0132 (1.0036)  loss_giou: 0.2794 (0.2887)  loss_giou_aux_0: 0.2816 (0.3018)  loss_giou_aux_1: 0.2808 (0.2908)  loss_giou_aux_2: 0.2797 (0.2888)  loss_giou_aux_3: 0.2792 (0.2887)  loss_giou_aux_4: 0.2794 (0.2887)  loss_giou_dn_0: 0.2996 (0.3009)  loss_giou_dn_1: 0.2224 (0.2308)  loss_giou_dn_2: 0.2186 (0.2254)  loss_giou_dn_3: 0.2179 (0.2249)  loss_giou_dn_4: 0.2179 (0.2248)  loss_giou_dn_5: 0.2179 (0.2248)  loss_giou_dn_pre: 0.2975 (0.3005)  loss_giou_enc_0: 0.3902 (0.3961)  loss_giou_pre: 0.2851 (0.3009)  loss_vfl: 0.3178 (0.3320)  loss_vfl_aux_0: 0.3598 (0.3869)  loss_vfl_aux_1: 0.3367 (0.3530)  loss_vfl_aux_2: 0.3319 (0.3385)  loss_vfl_aux_3: 0.3226 (0.3327)  loss_vfl_aux_4: 0.3186 (0.3315)  loss_vfl_dn_0: 0.3835 (0.3823)  loss_vfl_dn_1: 0.2990 (0.3023)  loss_vfl_dn_2: 0.2931 (0.2945)  loss_vfl_dn_3: 0.2924 (0.2919)  loss_vfl_dn_4: 0.2925 (0.2917)  loss_vfl_dn_5: 0.2932 (0.2919)  loss_vfl_dn_pre: 0.3842 (0.3840)  loss_vfl_enc_0: 0.4333 (0.4355)  loss_vfl_pre: 0.3587 (0.3869)  time: 0.8358  data: 0.0081  max mem: 17742
Epoch: [3/120]  [ 700/2360]  eta: 0:20:19  lr: 0.000009  loss: 22.3980 (23.9343)  loss_bbox: 0.0477 (0.0647)  loss_bbox_aux_0: 0.0509 (0.0722)  loss_bbox_aux_1: 0.0459 (0.0663)  loss_bbox_aux_2: 0.0477 (0.0649)  loss_bbox_aux_3: 0.0478 (0.0647)  loss_bbox_aux_4: 0.0478 (0.0647)  loss_bbox_dn_0: 0.0640 (0.0828)  loss_bbox_dn_1: 0.0419 (0.0583)  loss_bbox_dn_2: 0.0410 (0.0556)  loss_bbox_dn_3: 0.0412 (0.0551)  loss_bbox_dn_4: 0.0412 (0.0550)  loss_bbox_dn_5: 0.0412 (0.0550)  loss_bbox_dn_pre: 0.0662 (0.0855)  loss_bbox_enc_0: 0.0847 (0.1100)  loss_bbox_pre: 0.0504 (0.0718)  loss_ddf_aux_0: 0.0390 (0.0914)  loss_ddf_aux_1: 0.0088 (0.0286)  loss_ddf_aux_2: 0.0002 (0.0005)  loss_ddf_aux_3: 0.0000 (0.0000)  loss_ddf_aux_4: 0.0000 (0.0000)  loss_ddf_dn_0: 0.3528 (0.8059)  loss_ddf_dn_1: 0.0856 (0.2702)  loss_ddf_dn_2: 0.0289 (0.0457)  loss_ddf_dn_3: 0.0004 (0.0016)  loss_ddf_dn_4: 0.0000 (0.0000)  loss_ddf_dn_5: 0.0000 (0.0000)  loss_fgl: 0.9979 (1.0349)  loss_fgl_aux_0: 1.0305 (1.0650)  loss_fgl_aux_1: 1.0054 (1.0380)  loss_fgl_aux_2: 0.9973 (1.0348)  loss_fgl_aux_3: 0.9975 (1.0348)  loss_fgl_aux_4: 0.9977 (1.0349)  loss_fgl_dn_0: 1.1300 (1.1317)  loss_fgl_dn_1: 0.9818 (1.0087)  loss_fgl_dn_2: 0.9728 (1.0012)  loss_fgl_dn_3: 0.9733 (1.0016)  loss_fgl_dn_4: 0.9733 (1.0017)  loss_fgl_dn_5: 0.9733 (1.0017)  loss_giou: 0.2653 (0.2871)  loss_giou_aux_0: 0.2818 (0.3002)  loss_giou_aux_1: 0.2693 (0.2892)  loss_giou_aux_2: 0.2657 (0.2871)  loss_giou_aux_3: 0.2656 (0.2871)  loss_giou_aux_4: 0.2654 (0.2871)  loss_giou_dn_0: 0.2983 (0.2999)  loss_giou_dn_1: 0.2202 (0.2296)  loss_giou_dn_2: 0.2142 (0.2242)  loss_giou_dn_3: 0.2140 (0.2238)  loss_giou_dn_4: 0.2139 (0.2237)  loss_giou_dn_5: 0.2139 (0.2237)  loss_giou_dn_pre: 0.2965 (0.2995)  loss_giou_enc_0: 0.3650 (0.3941)  loss_giou_pre: 0.2798 (0.2993)  loss_vfl: 0.3135 (0.3309)  loss_vfl_aux_0: 0.3657 (0.3854)  loss_vfl_aux_1: 0.3332 (0.3520)  loss_vfl_aux_2: 0.3267 (0.3375)  loss_vfl_aux_3: 0.3169 (0.3315)  loss_vfl_aux_4: 0.3105 (0.3305)  loss_vfl_dn_0: 0.3728 (0.3814)  loss_vfl_dn_1: 0.2878 (0.3012)  loss_vfl_dn_2: 0.2826 (0.2935)  loss_vfl_dn_3: 0.2811 (0.2911)  loss_vfl_dn_4: 0.2801 (0.2908)  loss_vfl_dn_5: 0.2804 (0.2910)  loss_vfl_dn_pre: 0.3737 (0.3829)  loss_vfl_enc_0: 0.4148 (0.4343)  loss_vfl_pre: 0.3647 (0.3853)  time: 0.8420  data: 0.0077  max mem: 17742
Epoch: [3/120]  [ 800/2360]  eta: 0:19:17  lr: 0.000009  loss: 23.8825 (23.9512)  loss_bbox: 0.0606 (0.0657)  loss_bbox_aux_0: 0.0694 (0.0734)  loss_bbox_aux_1: 0.0611 (0.0672)  loss_bbox_aux_2: 0.0599 (0.0658)  loss_bbox_aux_3: 0.0606 (0.0657)  loss_bbox_aux_4: 0.0606 (0.0657)  loss_bbox_dn_0: 0.0890 (0.0840)  loss_bbox_dn_1: 0.0642 (0.0593)  loss_bbox_dn_2: 0.0588 (0.0566)  loss_bbox_dn_3: 0.0587 (0.0561)  loss_bbox_dn_4: 0.0582 (0.0560)  loss_bbox_dn_5: 0.0582 (0.0560)  loss_bbox_dn_pre: 0.0922 (0.0868)  loss_bbox_enc_0: 0.0980 (0.1116)  loss_bbox_pre: 0.0692 (0.0732)  loss_ddf_aux_0: 0.0666 (0.0872)  loss_ddf_aux_1: 0.0146 (0.0266)  loss_ddf_aux_2: 0.0003 (0.0005)  loss_ddf_aux_3: 0.0000 (0.0000)  loss_ddf_aux_4: 0.0000 (0.0000)  loss_ddf_dn_0: 0.8817 (0.8241)  loss_ddf_dn_1: 0.2056 (0.2627)  loss_ddf_dn_2: 0.0415 (0.0453)  loss_ddf_dn_3: 0.0014 (0.0015)  loss_ddf_dn_4: 0.0000 (0.0000)  loss_ddf_dn_5: 0.0000 (0.0000)  loss_fgl: 1.0106 (1.0341)  loss_fgl_aux_0: 1.0451 (1.0641)  loss_fgl_aux_1: 1.0226 (1.0371)  loss_fgl_aux_2: 1.0115 (1.0340)  loss_fgl_aux_3: 1.0113 (1.0340)  loss_fgl_aux_4: 1.0110 (1.0340)  loss_fgl_dn_0: 1.1390 (1.1325)  loss_fgl_dn_1: 1.0316 (1.0089)  loss_fgl_dn_2: 1.0238 (1.0015)  loss_fgl_dn_3: 1.0239 (1.0020)  loss_fgl_dn_4: 1.0236 (1.0020)  loss_fgl_dn_5: 1.0236 (1.0020)  loss_giou: 0.2635 (0.2875)  loss_giou_aux_0: 0.2855 (0.3005)  loss_giou_aux_1: 0.2688 (0.2895)  loss_giou_aux_2: 0.2647 (0.2875)  loss_giou_aux_3: 0.2636 (0.2875)  loss_giou_aux_4: 0.2635 (0.2875)  loss_giou_dn_0: 0.2915 (0.3001)  loss_giou_dn_1: 0.2150 (0.2296)  loss_giou_dn_2: 0.2111 (0.2242)  loss_giou_dn_3: 0.2108 (0.2238)  loss_giou_dn_4: 0.2109 (0.2238)  loss_giou_dn_5: 0.2109 (0.2238)  loss_giou_dn_pre: 0.2875 (0.2998)  loss_giou_enc_0: 0.3577 (0.3934)  loss_giou_pre: 0.2824 (0.2996)  loss_vfl: 0.3114 (0.3310)  loss_vfl_aux_0: 0.3681 (0.3847)  loss_vfl_aux_1: 0.3306 (0.3517)  loss_vfl_aux_2: 0.3277 (0.3377)  loss_vfl_aux_3: 0.3194 (0.3314)  loss_vfl_aux_4: 0.3142 (0.3306)  loss_vfl_dn_0: 0.3756 (0.3811)  loss_vfl_dn_1: 0.2955 (0.3008)  loss_vfl_dn_2: 0.2913 (0.2933)  loss_vfl_dn_3: 0.2879 (0.2910)  loss_vfl_dn_4: 0.2887 (0.2907)  loss_vfl_dn_5: 0.2895 (0.2909)  loss_vfl_dn_pre: 0.3778 (0.3825)  loss_vfl_enc_0: 0.3984 (0.4338)  loss_vfl_pre: 0.3662 (0.3845)  time: 0.8164  data: 0.0084  max mem: 17742
Epoch: [3/120]  [ 900/2360]  eta: 0:18:13  lr: 0.000009  loss: 22.7297 (23.8564)  loss_bbox: 0.0600 (0.0660)  loss_bbox_aux_0: 0.0621 (0.0735)  loss_bbox_aux_1: 0.0599 (0.0675)  loss_bbox_aux_2: 0.0601 (0.0661)  loss_bbox_aux_3: 0.0600 (0.0660)  loss_bbox_aux_4: 0.0600 (0.0660)  loss_bbox_dn_0: 0.0811 (0.0842)  loss_bbox_dn_1: 0.0514 (0.0594)  loss_bbox_dn_2: 0.0479 (0.0567)  loss_bbox_dn_3: 0.0478 (0.0563)  loss_bbox_dn_4: 0.0481 (0.0562)  loss_bbox_dn_5: 0.0481 (0.0562)  loss_bbox_dn_pre: 0.0903 (0.0870)  loss_bbox_enc_0: 0.1056 (0.1116)  loss_bbox_pre: 0.0613 (0.0732)  loss_ddf_aux_0: 0.0334 (0.0817)  loss_ddf_aux_1: 0.0062 (0.0244)  loss_ddf_aux_2: 0.0001 (0.0005)  loss_ddf_aux_3: 0.0000 (0.0000)  loss_ddf_aux_4: -0.0000 (0.0000)  loss_ddf_dn_0: 0.3888 (0.7849)  loss_ddf_dn_1: 0.0337 (0.2408)  loss_ddf_dn_2: 0.0077 (0.0421)  loss_ddf_dn_3: 0.0006 (0.0014)  loss_ddf_dn_4: 0.0000 (0.0000)  loss_ddf_dn_5: 0.0000 (0.0000)  loss_fgl: 1.0206 (1.0327)  loss_fgl_aux_0: 1.0568 (1.0628)  loss_fgl_aux_1: 1.0235 (1.0358)  loss_fgl_aux_2: 1.0204 (1.0327)  loss_fgl_aux_3: 1.0209 (1.0327)  loss_fgl_aux_4: 1.0208 (1.0327)  loss_fgl_dn_0: 1.1241 (1.1325)  loss_fgl_dn_1: 0.9847 (1.0084)  loss_fgl_dn_2: 0.9785 (1.0009)  loss_fgl_dn_3: 0.9747 (1.0013)  loss_fgl_dn_4: 0.9740 (1.0013)  loss_fgl_dn_5: 0.9739 (1.0013)  loss_giou: 0.2626 (0.2867)  loss_giou_aux_0: 0.2703 (0.2995)  loss_giou_aux_1: 0.2596 (0.2886)  loss_giou_aux_2: 0.2612 (0.2867)  loss_giou_aux_3: 0.2626 (0.2867)  loss_giou_aux_4: 0.2626 (0.2867)  loss_giou_dn_0: 0.2775 (0.2995)  loss_giou_dn_1: 0.2142 (0.2291)  loss_giou_dn_2: 0.2090 (0.2238)  loss_giou_dn_3: 0.2088 (0.2234)  loss_giou_dn_4: 0.2088 (0.2233)  loss_giou_dn_5: 0.2088 (0.2233)  loss_giou_dn_pre: 0.2779 (0.2992)  loss_giou_enc_0: 0.3583 (0.3916)  loss_giou_pre: 0.2624 (0.2986)  loss_vfl: 0.3214 (0.3312)  loss_vfl_aux_0: 0.3820 (0.3845)  loss_vfl_aux_1: 0.3449 (0.3516)  loss_vfl_aux_2: 0.3282 (0.3382)  loss_vfl_aux_3: 0.3283 (0.3316)  loss_vfl_aux_4: 0.3215 (0.3308)  loss_vfl_dn_0: 0.3758 (0.3806)  loss_vfl_dn_1: 0.2966 (0.3003)  loss_vfl_dn_2: 0.2901 (0.2930)  loss_vfl_dn_3: 0.2889 (0.2907)  loss_vfl_dn_4: 0.2877 (0.2904)  loss_vfl_dn_5: 0.2868 (0.2906)  loss_vfl_dn_pre: 0.3774 (0.3821)  loss_vfl_enc_0: 0.4196 (0.4332)  loss_vfl_pre: 0.3796 (0.3842)  time: 0.8130  data: 0.0085  max mem: 17742
Epoch: [3/120]  [1000/2360]  eta: 0:17:08  lr: 0.000009  loss: 22.9872 (23.7889)  loss_bbox: 0.0559 (0.0666)  loss_bbox_aux_0: 0.0646 (0.0740)  loss_bbox_aux_1: 0.0588 (0.0680)  loss_bbox_aux_2: 0.0558 (0.0666)  loss_bbox_aux_3: 0.0560 (0.0665)  loss_bbox_aux_4: 0.0560 (0.0666)  loss_bbox_dn_0: 0.0759 (0.0843)  loss_bbox_dn_1: 0.0546 (0.0596)  loss_bbox_dn_2: 0.0501 (0.0569)  loss_bbox_dn_3: 0.0499 (0.0564)  loss_bbox_dn_4: 0.0499 (0.0563)  loss_bbox_dn_5: 0.0499 (0.0563)  loss_bbox_dn_pre: 0.0804 (0.0872)  loss_bbox_enc_0: 0.1019 (0.1123)  loss_bbox_pre: 0.0633 (0.0738)  loss_ddf_aux_0: 0.0493 (0.0771)  loss_ddf_aux_1: 0.0067 (0.0226)  loss_ddf_aux_2: 0.0003 (0.0005)  loss_ddf_aux_3: 0.0001 (0.0000)  loss_ddf_aux_4: 0.0000 (0.0000)  loss_ddf_dn_0: 0.4844 (0.7472)  loss_ddf_dn_1: 0.0900 (0.2226)  loss_ddf_dn_2: 0.0300 (0.0396)  loss_ddf_dn_3: 0.0014 (0.0014)  loss_ddf_dn_4: 0.0000 (0.0000)  loss_ddf_dn_5: 0.0000 (0.0000)  loss_fgl: 1.0241 (1.0317)  loss_fgl_aux_0: 1.0426 (1.0621)  loss_fgl_aux_1: 1.0271 (1.0349)  loss_fgl_aux_2: 1.0247 (1.0317)  loss_fgl_aux_3: 1.0245 (1.0317)  loss_fgl_aux_4: 1.0243 (1.0317)  loss_fgl_dn_0: 1.1164 (1.1315)  loss_fgl_dn_1: 0.9906 (1.0069)  loss_fgl_dn_2: 0.9809 (0.9992)  loss_fgl_dn_3: 0.9808 (0.9996)  loss_fgl_dn_4: 0.9808 (0.9995)  loss_fgl_dn_5: 0.9808 (0.9996)  loss_giou: 0.2693 (0.2872)  loss_giou_aux_0: 0.2859 (0.3000)  loss_giou_aux_1: 0.2740 (0.2892)  loss_giou_aux_2: 0.2692 (0.2873)  loss_giou_aux_3: 0.2696 (0.2872)  loss_giou_aux_4: 0.2694 (0.2872)  loss_giou_dn_0: 0.2966 (0.2993)  loss_giou_dn_1: 0.2332 (0.2288)  loss_giou_dn_2: 0.2305 (0.2235)  loss_giou_dn_3: 0.2306 (0.2232)  loss_giou_dn_4: 0.2306 (0.2231)  loss_giou_dn_5: 0.2307 (0.2231)  loss_giou_dn_pre: 0.2963 (0.2991)  loss_giou_enc_0: 0.3823 (0.3932)  loss_giou_pre: 0.2841 (0.2992)  loss_vfl: 0.3361 (0.3319)  loss_vfl_aux_0: 0.3789 (0.3846)  loss_vfl_aux_1: 0.3490 (0.3521)  loss_vfl_aux_2: 0.3464 (0.3388)  loss_vfl_aux_3: 0.3378 (0.3324)  loss_vfl_aux_4: 0.3353 (0.3315)  loss_vfl_dn_0: 0.3788 (0.3806)  loss_vfl_dn_1: 0.2961 (0.3001)  loss_vfl_dn_2: 0.2890 (0.2926)  loss_vfl_dn_3: 0.2908 (0.2905)  loss_vfl_dn_4: 0.2907 (0.2902)  loss_vfl_dn_5: 0.2907 (0.2904)  loss_vfl_dn_pre: 0.3808 (0.3821)  loss_vfl_enc_0: 0.4466 (0.4336)  loss_vfl_pre: 0.3800 (0.3843)  time: 0.8186  data: 0.0086  max mem: 17742
Epoch: [3/120]  [1100/2360]  eta: 0:15:59  lr: 0.000009  loss: 24.7730 (23.8959)  loss_bbox: 0.0557 (0.0663)  loss_bbox_aux_0: 0.0623 (0.0736)  loss_bbox_aux_1: 0.0571 (0.0677)  loss_bbox_aux_2: 0.0562 (0.0664)  loss_bbox_aux_3: 0.0558 (0.0663)  loss_bbox_aux_4: 0.0557 (0.0663)  loss_bbox_dn_0: 0.0753 (0.0842)  loss_bbox_dn_1: 0.0557 (0.0594)  loss_bbox_dn_2: 0.0504 (0.0568)  loss_bbox_dn_3: 0.0503 (0.0563)  loss_bbox_dn_4: 0.0503 (0.0562)  loss_bbox_dn_5: 0.0503 (0.0562)  loss_bbox_dn_pre: 0.0790 (0.0871)  loss_bbox_enc_0: 0.0855 (0.1118)  loss_bbox_pre: 0.0627 (0.0733)  loss_ddf_aux_0: 0.1649 (0.0854)  loss_ddf_aux_1: 0.0394 (0.0256)  loss_ddf_aux_2: 0.0011 (0.0005)  loss_ddf_aux_3: 0.0000 (0.0000)  loss_ddf_aux_4: -0.0000 (0.0000)  loss_ddf_dn_0: 1.5483 (0.8280)  loss_ddf_dn_1: 0.4714 (0.2518)  loss_ddf_dn_2: 0.1173 (0.0433)  loss_ddf_dn_3: 0.0036 (0.0015)  loss_ddf_dn_4: 0.0000 (0.0000)  loss_ddf_dn_5: 0.0000 (0.0000)  loss_fgl: 1.0387 (1.0314)  loss_fgl_aux_0: 1.0522 (1.0619)  loss_fgl_aux_1: 1.0408 (1.0345)  loss_fgl_aux_2: 1.0380 (1.0313)  loss_fgl_aux_3: 1.0388 (1.0313)  loss_fgl_aux_4: 1.0387 (1.0314)  loss_fgl_dn_0: 1.1265 (1.1316)  loss_fgl_dn_1: 1.0206 (1.0069)  loss_fgl_dn_2: 1.0175 (0.9996)  loss_fgl_dn_3: 1.0175 (0.9999)  loss_fgl_dn_4: 1.0173 (0.9999)  loss_fgl_dn_5: 1.0172 (1.0000)  loss_giou: 0.2578 (0.2862)  loss_giou_aux_0: 0.2811 (0.2990)  loss_giou_aux_1: 0.2641 (0.2881)  loss_giou_aux_2: 0.2589 (0.2862)  loss_giou_aux_3: 0.2578 (0.2862)  loss_giou_aux_4: 0.2578 (0.2861)  loss_giou_dn_0: 0.2876 (0.2992)  loss_giou_dn_1: 0.2283 (0.2286)  loss_giou_dn_2: 0.2211 (0.2233)  loss_giou_dn_3: 0.2199 (0.2230)  loss_giou_dn_4: 0.2199 (0.2229)  loss_giou_dn_5: 0.2199 (0.2229)  loss_giou_dn_pre: 0.2872 (0.2990)  loss_giou_enc_0: 0.3690 (0.3922)  loss_giou_pre: 0.2783 (0.2981)  loss_vfl: 0.2970 (0.3315)  loss_vfl_aux_0: 0.3653 (0.3841)  loss_vfl_aux_1: 0.3212 (0.3512)  loss_vfl_aux_2: 0.3040 (0.3380)  loss_vfl_aux_3: 0.2967 (0.3318)  loss_vfl_aux_4: 0.2965 (0.3310)  loss_vfl_dn_0: 0.3731 (0.3810)  loss_vfl_dn_1: 0.3034 (0.3000)  loss_vfl_dn_2: 0.2910 (0.2925)  loss_vfl_dn_3: 0.2897 (0.2904)  loss_vfl_dn_4: 0.2890 (0.2901)  loss_vfl_dn_5: 0.2894 (0.2903)  loss_vfl_dn_pre: 0.3743 (0.3824)  loss_vfl_enc_0: 0.4128 (0.4332)  loss_vfl_pre: 0.3641 (0.3839)  time: 0.8057  data: 0.0084  max mem: 17742
Epoch: [3/120]  [1200/2360]  eta: 0:14:45  lr: 0.000009  loss: 24.4472 (23.9850)  loss_bbox: 0.0454 (0.0663)  loss_bbox_aux_0: 0.0563 (0.0735)  loss_bbox_aux_1: 0.0488 (0.0677)  loss_bbox_aux_2: 0.0455 (0.0664)  loss_bbox_aux_3: 0.0453 (0.0663)  loss_bbox_aux_4: 0.0454 (0.0663)  loss_bbox_dn_0: 0.0824 (0.0843)  loss_bbox_dn_1: 0.0533 (0.0596)  loss_bbox_dn_2: 0.0493 (0.0569)  loss_bbox_dn_3: 0.0487 (0.0565)  loss_bbox_dn_4: 0.0477 (0.0564)  loss_bbox_dn_5: 0.0477 (0.0564)  loss_bbox_dn_pre: 0.0846 (0.0872)  loss_bbox_enc_0: 0.1042 (0.1114)  loss_bbox_pre: 0.0556 (0.0732)  loss_ddf_aux_0: 0.0953 (0.0878)  loss_ddf_aux_1: 0.0291 (0.0281)  loss_ddf_aux_2: 0.0007 (0.0006)  loss_ddf_aux_3: 0.0000 (0.0000)  loss_ddf_aux_4: 0.0000 (0.0000)  loss_ddf_dn_0: 0.9698 (0.8547)  loss_ddf_dn_1: 0.5660 (0.2879)  loss_ddf_dn_2: 0.3645 (0.0608)  loss_ddf_dn_3: 0.0071 (0.0018)  loss_ddf_dn_4: 0.0001 (0.0000)  loss_ddf_dn_5: 0.0000 (0.0000)  loss_fgl: 1.0142 (1.0315)  loss_fgl_aux_0: 1.0502 (1.0618)  loss_fgl_aux_1: 1.0135 (1.0346)  loss_fgl_aux_2: 1.0128 (1.0315)  loss_fgl_aux_3: 1.0142 (1.0315)  loss_fgl_aux_4: 1.0143 (1.0315)  loss_fgl_dn_0: 1.1023 (1.1315)  loss_fgl_dn_1: 0.9767 (1.0074)  loss_fgl_dn_2: 0.9702 (1.0004)  loss_fgl_dn_3: 0.9703 (1.0008)  loss_fgl_dn_4: 0.9700 (1.0008)  loss_fgl_dn_5: 0.9697 (1.0008)  loss_giou: 0.2718 (0.2865)  loss_giou_aux_0: 0.2728 (0.2990)  loss_giou_aux_1: 0.2731 (0.2884)  loss_giou_aux_2: 0.2719 (0.2865)  loss_giou_aux_3: 0.2722 (0.2865)  loss_giou_aux_4: 0.2719 (0.2865)  loss_giou_dn_0: 0.2883 (0.2991)  loss_giou_dn_1: 0.2212 (0.2287)  loss_giou_dn_2: 0.2206 (0.2236)  loss_giou_dn_3: 0.2206 (0.2232)  loss_giou_dn_4: 0.2207 (0.2231)  loss_giou_dn_5: 0.2207 (0.2231)  loss_giou_dn_pre: 0.2896 (0.2989)  loss_giou_enc_0: 0.3713 (0.3921)  loss_giou_pre: 0.2737 (0.2982)  loss_vfl: 0.3184 (0.3311)  loss_vfl_aux_0: 0.3572 (0.3831)  loss_vfl_aux_1: 0.3228 (0.3503)  loss_vfl_aux_2: 0.3202 (0.3374)  loss_vfl_aux_3: 0.3204 (0.3315)  loss_vfl_aux_4: 0.3175 (0.3307)  loss_vfl_dn_0: 0.3755 (0.3810)  loss_vfl_dn_1: 0.2913 (0.3006)  loss_vfl_dn_2: 0.2873 (0.2928)  loss_vfl_dn_3: 0.2812 (0.2906)  loss_vfl_dn_4: 0.2800 (0.2902)  loss_vfl_dn_5: 0.2797 (0.2905)  loss_vfl_dn_pre: 0.3807 (0.3824)  loss_vfl_enc_0: 0.4108 (0.4324)  loss_vfl_pre: 0.3569 (0.3829)  time: 0.6374  data: 0.0086  max mem: 17742
Epoch: [3/120]  [1300/2360]  eta: 0:13:17  lr: 0.000009  loss: 24.3297 (24.0820)  loss_bbox: 0.0640 (0.0661)  loss_bbox_aux_0: 0.0636 (0.0732)  loss_bbox_aux_1: 0.0640 (0.0675)  loss_bbox_aux_2: 0.0637 (0.0662)  loss_bbox_aux_3: 0.0640 (0.0661)  loss_bbox_aux_4: 0.0640 (0.0661)  loss_bbox_dn_0: 0.0862 (0.0846)  loss_bbox_dn_1: 0.0615 (0.0598)  loss_bbox_dn_2: 0.0586 (0.0572)  loss_bbox_dn_3: 0.0584 (0.0567)  loss_bbox_dn_4: 0.0580 (0.0566)  loss_bbox_dn_5: 0.0580 (0.0566)  loss_bbox_dn_pre: 0.0862 (0.0875)  loss_bbox_enc_0: 0.0897 (0.1112)  loss_bbox_pre: 0.0649 (0.0729)  loss_ddf_aux_0: 0.0940 (0.0896)  loss_ddf_aux_1: 0.0129 (0.0303)  loss_ddf_aux_2: 0.0001 (0.0006)  loss_ddf_aux_3: 0.0000 (0.0000)  loss_ddf_aux_4: 0.0000 (0.0000)  loss_ddf_dn_0: 0.9276 (0.9037)  loss_ddf_dn_1: 0.0558 (0.3165)  loss_ddf_dn_2: 0.0054 (0.0622)  loss_ddf_dn_3: 0.0014 (0.0019)  loss_ddf_dn_4: 0.0000 (0.0000)  loss_ddf_dn_5: 0.0000 (0.0000)  loss_fgl: 1.0403 (1.0326)  loss_fgl_aux_0: 1.0715 (1.0624)  loss_fgl_aux_1: 1.0451 (1.0356)  loss_fgl_aux_2: 1.0388 (1.0325)  loss_fgl_aux_3: 1.0395 (1.0326)  loss_fgl_aux_4: 1.0399 (1.0326)  loss_fgl_dn_0: 1.1629 (1.1333)  loss_fgl_dn_1: 1.0304 (1.0100)  loss_fgl_dn_2: 1.0350 (1.0034)  loss_fgl_dn_3: 1.0348 (1.0038)  loss_fgl_dn_4: 1.0343 (1.0037)  loss_fgl_dn_5: 1.0345 (1.0037)  loss_giou: 0.2668 (0.2858)  loss_giou_aux_0: 0.2712 (0.2983)  loss_giou_aux_1: 0.2647 (0.2877)  loss_giou_aux_2: 0.2667 (0.2859)  loss_giou_aux_3: 0.2667 (0.2858)  loss_giou_aux_4: 0.2668 (0.2858)  loss_giou_dn_0: 0.2873 (0.2992)  loss_giou_dn_1: 0.2266 (0.2288)  loss_giou_dn_2: 0.2202 (0.2236)  loss_giou_dn_3: 0.2199 (0.2233)  loss_giou_dn_4: 0.2202 (0.2232)  loss_giou_dn_5: 0.2202 (0.2232)  loss_giou_dn_pre: 0.2869 (0.2989)  loss_giou_enc_0: 0.3779 (0.3914)  loss_giou_pre: 0.2699 (0.2975)  loss_vfl: 0.3235 (0.3309)  loss_vfl_aux_0: 0.3949 (0.3823)  loss_vfl_aux_1: 0.3518 (0.3499)  loss_vfl_aux_2: 0.3258 (0.3368)  loss_vfl_aux_3: 0.3180 (0.3311)  loss_vfl_aux_4: 0.3245 (0.3305)  loss_vfl_dn_0: 0.3807 (0.3810)  loss_vfl_dn_1: 0.3024 (0.3006)  loss_vfl_dn_2: 0.2974 (0.2929)  loss_vfl_dn_3: 0.2940 (0.2906)  loss_vfl_dn_4: 0.2935 (0.2903)  loss_vfl_dn_5: 0.2935 (0.2905)  loss_vfl_dn_pre: 0.3835 (0.3828)  loss_vfl_enc_0: 0.4335 (0.4317)  loss_vfl_pre: 0.3939 (0.3821)  time: 0.6522  data: 0.0085  max mem: 17742
Epoch: [3/120]  [1400/2360]  eta: 0:11:55  lr: 0.000009  loss: 25.5496 (24.0898)  loss_bbox: 0.0486 (0.0660)  loss_bbox_aux_0: 0.0525 (0.0731)  loss_bbox_aux_1: 0.0520 (0.0673)  loss_bbox_aux_2: 0.0494 (0.0660)  loss_bbox_aux_3: 0.0486 (0.0660)  loss_bbox_aux_4: 0.0486 (0.0660)  loss_bbox_dn_0: 0.0750 (0.0847)  loss_bbox_dn_1: 0.0521 (0.0598)  loss_bbox_dn_2: 0.0442 (0.0571)  loss_bbox_dn_3: 0.0438 (0.0567)  loss_bbox_dn_4: 0.0436 (0.0566)  loss_bbox_dn_5: 0.0436 (0.0566)  loss_bbox_dn_pre: 0.0873 (0.0876)  loss_bbox_enc_0: 0.0966 (0.1114)  loss_bbox_pre: 0.0533 (0.0728)  loss_ddf_aux_0: 0.1032 (0.0874)  loss_ddf_aux_1: 0.0236 (0.0289)  loss_ddf_aux_2: 0.0024 (0.0006)  loss_ddf_aux_3: 0.0000 (0.0000)  loss_ddf_aux_4: 0.0000 (0.0000)  loss_ddf_dn_0: 2.3964 (0.9247)  loss_ddf_dn_1: 0.6023 (0.3162)  loss_ddf_dn_2: 0.2877 (0.0690)  loss_ddf_dn_3: 0.0058 (0.0023)  loss_ddf_dn_4: 0.0000 (0.0000)  loss_ddf_dn_5: 0.0000 (0.0000)  loss_fgl: 1.0201 (1.0314)  loss_fgl_aux_0: 1.0486 (1.0614)  loss_fgl_aux_1: 1.0204 (1.0344)  loss_fgl_aux_2: 1.0183 (1.0314)  loss_fgl_aux_3: 1.0192 (1.0314)  loss_fgl_aux_4: 1.0195 (1.0314)  loss_fgl_dn_0: 1.1218 (1.1329)  loss_fgl_dn_1: 1.0079 (1.0093)  loss_fgl_dn_2: 1.0039 (1.0024)  loss_fgl_dn_3: 1.0041 (1.0028)  loss_fgl_dn_4: 1.0040 (1.0027)  loss_fgl_dn_5: 1.0039 (1.0028)  loss_giou: 0.2718 (0.2852)  loss_giou_aux_0: 0.2793 (0.2978)  loss_giou_aux_1: 0.2752 (0.2870)  loss_giou_aux_2: 0.2704 (0.2852)  loss_giou_aux_3: 0.2710 (0.2852)  loss_giou_aux_4: 0.2718 (0.2852)  loss_giou_dn_0: 0.2959 (0.2989)  loss_giou_dn_1: 0.2314 (0.2287)  loss_giou_dn_2: 0.2282 (0.2235)  loss_giou_dn_3: 0.2279 (0.2232)  loss_giou_dn_4: 0.2279 (0.2231)  loss_giou_dn_5: 0.2279 (0.2231)  loss_giou_dn_pre: 0.3007 (0.2987)  loss_giou_enc_0: 0.3657 (0.3908)  loss_giou_pre: 0.2781 (0.2970)  loss_vfl: 0.3122 (0.3301)  loss_vfl_aux_0: 0.3659 (0.3819)  loss_vfl_aux_1: 0.3299 (0.3498)  loss_vfl_aux_2: 0.3140 (0.3364)  loss_vfl_aux_3: 0.3117 (0.3305)  loss_vfl_aux_4: 0.3119 (0.3297)  loss_vfl_dn_0: 0.3904 (0.3831)  loss_vfl_dn_1: 0.3052 (0.3013)  loss_vfl_dn_2: 0.2923 (0.2940)  loss_vfl_dn_3: 0.2921 (0.2907)  loss_vfl_dn_4: 0.2905 (0.2903)  loss_vfl_dn_5: 0.2910 (0.2904)  loss_vfl_dn_pre: 0.3906 (0.3849)  loss_vfl_enc_0: 0.4241 (0.4312)  loss_vfl_pre: 0.3674 (0.3817)  time: 0.6518  data: 0.0084  max mem: 17742
Epoch: [3/120]  [1500/2360]  eta: 0:10:35  lr: 0.000009  loss: 23.5316 (24.1391)  loss_bbox: 0.0633 (0.0662)  loss_bbox_aux_0: 0.0731 (0.0734)  loss_bbox_aux_1: 0.0632 (0.0675)  loss_bbox_aux_2: 0.0585 (0.0662)  loss_bbox_aux_3: 0.0637 (0.0662)  loss_bbox_aux_4: 0.0633 (0.0662)  loss_bbox_dn_0: 0.0895 (0.0849)  loss_bbox_dn_1: 0.0614 (0.0601)  loss_bbox_dn_2: 0.0552 (0.0573)  loss_bbox_dn_3: 0.0554 (0.0569)  loss_bbox_dn_4: 0.0554 (0.0568)  loss_bbox_dn_5: 0.0554 (0.0568)  loss_bbox_dn_pre: 0.0926 (0.0878)  loss_bbox_enc_0: 0.0944 (0.1114)  loss_bbox_pre: 0.0717 (0.0731)  loss_ddf_aux_0: 0.0679 (0.0945)  loss_ddf_aux_1: 0.0064 (0.0286)  loss_ddf_aux_2: 0.0002 (0.0006)  loss_ddf_aux_3: 0.0000 (0.0000)  loss_ddf_aux_4: 0.0000 (0.0000)  loss_ddf_dn_0: 0.4827 (0.9700)  loss_ddf_dn_1: 0.0566 (0.3087)  loss_ddf_dn_2: 0.0172 (0.0687)  loss_ddf_dn_3: 0.0021 (0.0024)  loss_ddf_dn_4: 0.0000 (0.0000)  loss_ddf_dn_5: 0.0000 (0.0000)  loss_fgl: 1.0253 (1.0314)  loss_fgl_aux_0: 1.0698 (1.0615)  loss_fgl_aux_1: 1.0343 (1.0344)  loss_fgl_aux_2: 1.0261 (1.0313)  loss_fgl_aux_3: 1.0256 (1.0313)  loss_fgl_aux_4: 1.0254 (1.0313)  loss_fgl_dn_0: 1.1528 (1.1342)  loss_fgl_dn_1: 1.0276 (1.0105)  loss_fgl_dn_2: 1.0130 (1.0034)  loss_fgl_dn_3: 1.0162 (1.0038)  loss_fgl_dn_4: 1.0152 (1.0037)  loss_fgl_dn_5: 1.0153 (1.0037)  loss_giou: 0.2702 (0.2850)  loss_giou_aux_0: 0.2827 (0.2977)  loss_giou_aux_1: 0.2718 (0.2869)  loss_giou_aux_2: 0.2700 (0.2850)  loss_giou_aux_3: 0.2702 (0.2850)  loss_giou_aux_4: 0.2702 (0.2850)  loss_giou_dn_0: 0.3025 (0.2991)  loss_giou_dn_1: 0.2236 (0.2290)  loss_giou_dn_2: 0.2178 (0.2237)  loss_giou_dn_3: 0.2180 (0.2234)  loss_giou_dn_4: 0.2177 (0.2233)  loss_giou_dn_5: 0.2177 (0.2233)  loss_giou_dn_pre: 0.3015 (0.2989)  loss_giou_enc_0: 0.3951 (0.3904)  loss_giou_pre: 0.2809 (0.2969)  loss_vfl: 0.3115 (0.3298)  loss_vfl_aux_0: 0.3845 (0.3813)  loss_vfl_aux_1: 0.3319 (0.3491)  loss_vfl_aux_2: 0.3165 (0.3357)  loss_vfl_aux_3: 0.3142 (0.3302)  loss_vfl_aux_4: 0.3112 (0.3294)  loss_vfl_dn_0: 0.3783 (0.3831)  loss_vfl_dn_1: 0.3027 (0.3013)  loss_vfl_dn_2: 0.2933 (0.2940)  loss_vfl_dn_3: 0.2924 (0.2908)  loss_vfl_dn_4: 0.2916 (0.2904)  loss_vfl_dn_5: 0.2916 (0.2906)  loss_vfl_dn_pre: 0.3784 (0.3847)  loss_vfl_enc_0: 0.4097 (0.4307)  loss_vfl_pre: 0.3843 (0.3811)  time: 0.6664  data: 0.0089  max mem: 17742
Epoch: [3/120]  [1600/2360]  eta: 0:09:25  lr: 0.000009  loss: 23.9404 (24.0935)  loss_bbox: 0.0574 (0.0659)  loss_bbox_aux_0: 0.0590 (0.0733)  loss_bbox_aux_1: 0.0608 (0.0673)  loss_bbox_aux_2: 0.0574 (0.0660)  loss_bbox_aux_3: 0.0574 (0.0659)  loss_bbox_aux_4: 0.0574 (0.0659)  loss_bbox_dn_0: 0.0752 (0.0848)  loss_bbox_dn_1: 0.0577 (0.0600)  loss_bbox_dn_2: 0.0491 (0.0573)  loss_bbox_dn_3: 0.0490 (0.0570)  loss_bbox_dn_4: 0.0490 (0.0569)  loss_bbox_dn_5: 0.0490 (0.0569)  loss_bbox_dn_pre: 0.0749 (0.0877)  loss_bbox_enc_0: 0.0897 (0.1111)  loss_bbox_pre: 0.0577 (0.0729)  loss_ddf_aux_0: 0.0476 (0.0929)  loss_ddf_aux_1: 0.0075 (0.0274)  loss_ddf_aux_2: 0.0002 (0.0006)  loss_ddf_aux_3: 0.0000 (0.0000)  loss_ddf_aux_4: 0.0000 (0.0000)  loss_ddf_dn_0: 0.6215 (0.9458)  loss_ddf_dn_1: 0.1109 (0.2955)  loss_ddf_dn_2: 0.0508 (0.0667)  loss_ddf_dn_3: 0.0036 (0.0025)  loss_ddf_dn_4: 0.0000 (0.0000)  loss_ddf_dn_5: 0.0000 (0.0000)  loss_fgl: 1.0628 (1.0319)  loss_fgl_aux_0: 1.0800 (1.0620)  loss_fgl_aux_1: 1.0664 (1.0350)  loss_fgl_aux_2: 1.0612 (1.0319)  loss_fgl_aux_3: 1.0619 (1.0319)  loss_fgl_aux_4: 1.0624 (1.0319)  loss_fgl_dn_0: 1.1287 (1.1338)  loss_fgl_dn_1: 1.0211 (1.0103)  loss_fgl_dn_2: 1.0186 (1.0030)  loss_fgl_dn_3: 1.0183 (1.0034)  loss_fgl_dn_4: 1.0183 (1.0033)  loss_fgl_dn_5: 1.0184 (1.0033)  loss_giou: 0.2816 (0.2844)  loss_giou_aux_0: 0.2953 (0.2971)  loss_giou_aux_1: 0.2790 (0.2863)  loss_giou_aux_2: 0.2814 (0.2844)  loss_giou_aux_3: 0.2815 (0.2843)  loss_giou_aux_4: 0.2815 (0.2843)  loss_giou_dn_0: 0.3078 (0.2988)  loss_giou_dn_1: 0.2317 (0.2289)  loss_giou_dn_2: 0.2265 (0.2237)  loss_giou_dn_3: 0.2263 (0.2234)  loss_giou_dn_4: 0.2263 (0.2233)  loss_giou_dn_5: 0.2263 (0.2233)  loss_giou_dn_pre: 0.3076 (0.2987)  loss_giou_enc_0: 0.3728 (0.3895)  loss_giou_pre: 0.2964 (0.2963)  loss_vfl: 0.3232 (0.3300)  loss_vfl_aux_0: 0.3953 (0.3821)  loss_vfl_aux_1: 0.3455 (0.3493)  loss_vfl_aux_2: 0.3296 (0.3359)  loss_vfl_aux_3: 0.3220 (0.3304)  loss_vfl_aux_4: 0.3225 (0.3295)  loss_vfl_dn_0: 0.3911 (0.3829)  loss_vfl_dn_1: 0.3164 (0.3013)  loss_vfl_dn_2: 0.3057 (0.2940)  loss_vfl_dn_3: 0.2974 (0.2908)  loss_vfl_dn_4: 0.2959 (0.2904)  loss_vfl_dn_5: 0.2958 (0.2906)  loss_vfl_dn_pre: 0.3911 (0.3845)  loss_vfl_enc_0: 0.4331 (0.4311)  loss_vfl_pre: 0.3952 (0.3820)  time: 0.8466  data: 0.0083  max mem: 17742
Epoch: [3/120]  [1700/2360]  eta: 0:08:14  lr: 0.000009  loss: 27.2983 (24.2282)  loss_bbox: 0.0494 (0.0659)  loss_bbox_aux_0: 0.0585 (0.0731)  loss_bbox_aux_1: 0.0486 (0.0672)  loss_bbox_aux_2: 0.0494 (0.0659)  loss_bbox_aux_3: 0.0494 (0.0659)  loss_bbox_aux_4: 0.0494 (0.0659)  loss_bbox_dn_0: 0.0747 (0.0847)  loss_bbox_dn_1: 0.0557 (0.0600)  loss_bbox_dn_2: 0.0511 (0.0573)  loss_bbox_dn_3: 0.0512 (0.0570)  loss_bbox_dn_4: 0.0510 (0.0569)  loss_bbox_dn_5: 0.0510 (0.0569)  loss_bbox_dn_pre: 0.0777 (0.0877)  loss_bbox_enc_0: 0.0805 (0.1106)  loss_bbox_pre: 0.0538 (0.0728)  loss_ddf_aux_0: 0.3576 (0.0993)  loss_ddf_aux_1: 0.0308 (0.0272)  loss_ddf_aux_2: 0.0008 (0.0007)  loss_ddf_aux_3: 0.0000 (0.0000)  loss_ddf_aux_4: 0.0000 (0.0000)  loss_ddf_dn_0: 3.1527 (1.0241)  loss_ddf_dn_1: 0.4563 (0.3131)  loss_ddf_dn_2: 0.2017 (0.0878)  loss_ddf_dn_3: 0.0069 (0.0028)  loss_ddf_dn_4: 0.0000 (0.0000)  loss_ddf_dn_5: 0.0000 (0.0000)  loss_fgl: 1.0522 (1.0322)  loss_fgl_aux_0: 1.0746 (1.0619)  loss_fgl_aux_1: 1.0505 (1.0352)  loss_fgl_aux_2: 1.0528 (1.0322)  loss_fgl_aux_3: 1.0529 (1.0322)  loss_fgl_aux_4: 1.0526 (1.0322)  loss_fgl_dn_0: 1.1339 (1.1333)  loss_fgl_dn_1: 1.0504 (1.0109)  loss_fgl_dn_2: 1.0374 (1.0036)  loss_fgl_dn_3: 1.0378 (1.0041)  loss_fgl_dn_4: 1.0377 (1.0040)  loss_fgl_dn_5: 1.0376 (1.0041)  loss_giou: 0.2842 (0.2845)  loss_giou_aux_0: 0.2978 (0.2971)  loss_giou_aux_1: 0.2931 (0.2864)  loss_giou_aux_2: 0.2846 (0.2845)  loss_giou_aux_3: 0.2842 (0.2845)  loss_giou_aux_4: 0.2842 (0.2845)  loss_giou_dn_0: 0.3137 (0.2990)  loss_giou_dn_1: 0.2456 (0.2293)  loss_giou_dn_2: 0.2374 (0.2241)  loss_giou_dn_3: 0.2373 (0.2238)  loss_giou_dn_4: 0.2370 (0.2237)  loss_giou_dn_5: 0.2370 (0.2237)  loss_giou_dn_pre: 0.3144 (0.2990)  loss_giou_enc_0: 0.3701 (0.3888)  loss_giou_pre: 0.2946 (0.2963)  loss_vfl: 0.3366 (0.3306)  loss_vfl_aux_0: 0.3667 (0.3825)  loss_vfl_aux_1: 0.3455 (0.3496)  loss_vfl_aux_2: 0.3374 (0.3364)  loss_vfl_aux_3: 0.3376 (0.3309)  loss_vfl_aux_4: 0.3363 (0.3301)  loss_vfl_dn_0: 0.3828 (0.3835)  loss_vfl_dn_1: 0.3110 (0.3017)  loss_vfl_dn_2: 0.3015 (0.2943)  loss_vfl_dn_3: 0.3027 (0.2912)  loss_vfl_dn_4: 0.3009 (0.2907)  loss_vfl_dn_5: 0.3012 (0.2909)  loss_vfl_dn_pre: 0.3824 (0.3849)  loss_vfl_enc_0: 0.4177 (0.4306)  loss_vfl_pre: 0.3707 (0.3824)  time: 0.8395  data: 0.0082  max mem: 17742
Epoch: [3/120]  [1800/2360]  eta: 0:07:02  lr: 0.000009  loss: 23.2491 (24.2353)  loss_bbox: 0.0556 (0.0661)  loss_bbox_aux_0: 0.0689 (0.0733)  loss_bbox_aux_1: 0.0573 (0.0674)  loss_bbox_aux_2: 0.0556 (0.0661)  loss_bbox_aux_3: 0.0557 (0.0661)  loss_bbox_aux_4: 0.0556 (0.0661)  loss_bbox_dn_0: 0.0792 (0.0848)  loss_bbox_dn_1: 0.0525 (0.0602)  loss_bbox_dn_2: 0.0497 (0.0575)  loss_bbox_dn_3: 0.0497 (0.0571)  loss_bbox_dn_4: 0.0497 (0.0570)  loss_bbox_dn_5: 0.0497 (0.0570)  loss_bbox_dn_pre: 0.0792 (0.0879)  loss_bbox_enc_0: 0.0995 (0.1110)  loss_bbox_pre: 0.0640 (0.0730)  loss_ddf_aux_0: 0.0595 (0.1026)  loss_ddf_aux_1: 0.0121 (0.0266)  loss_ddf_aux_2: 0.0003 (0.0006)  loss_ddf_aux_3: -0.0000 (0.0000)  loss_ddf_aux_4: -0.0000 (0.0000)  loss_ddf_dn_0: 0.4821 (1.0393)  loss_ddf_dn_1: 0.0494 (0.3020)  loss_ddf_dn_2: 0.0108 (0.0843)  loss_ddf_dn_3: 0.0012 (0.0028)  loss_ddf_dn_4: 0.0000 (0.0000)  loss_ddf_dn_5: 0.0000 (0.0000)  loss_fgl: 1.0284 (1.0322)  loss_fgl_aux_0: 1.0644 (1.0621)  loss_fgl_aux_1: 1.0266 (1.0353)  loss_fgl_aux_2: 1.0299 (1.0322)  loss_fgl_aux_3: 1.0294 (1.0322)  loss_fgl_aux_4: 1.0289 (1.0322)  loss_fgl_dn_0: 1.1379 (1.1341)  loss_fgl_dn_1: 1.0209 (1.0123)  loss_fgl_dn_2: 1.0088 (1.0049)  loss_fgl_dn_3: 1.0095 (1.0054)  loss_fgl_dn_4: 1.0092 (1.0053)  loss_fgl_dn_5: 1.0092 (1.0053)  loss_giou: 0.2772 (0.2840)  loss_giou_aux_0: 0.2847 (0.2965)  loss_giou_aux_1: 0.2744 (0.2858)  loss_giou_aux_2: 0.2772 (0.2840)  loss_giou_aux_3: 0.2772 (0.2839)  loss_giou_aux_4: 0.2772 (0.2839)  loss_giou_dn_0: 0.2982 (0.2990)  loss_giou_dn_1: 0.2318 (0.2294)  loss_giou_dn_2: 0.2221 (0.2240)  loss_giou_dn_3: 0.2222 (0.2237)  loss_giou_dn_4: 0.2222 (0.2237)  loss_giou_dn_5: 0.2222 (0.2237)  loss_giou_dn_pre: 0.2944 (0.2989)  loss_giou_enc_0: 0.3658 (0.3881)  loss_giou_pre: 0.2851 (0.2957)  loss_vfl: 0.3170 (0.3307)  loss_vfl_aux_0: 0.3617 (0.3823)  loss_vfl_aux_1: 0.3351 (0.3493)  loss_vfl_aux_2: 0.3246 (0.3363)  loss_vfl_aux_3: 0.3177 (0.3310)  loss_vfl_aux_4: 0.3170 (0.3302)  loss_vfl_dn_0: 0.3793 (0.3832)  loss_vfl_dn_1: 0.3042 (0.3015)  loss_vfl_dn_2: 0.2974 (0.2942)  loss_vfl_dn_3: 0.2947 (0.2911)  loss_vfl_dn_4: 0.2941 (0.2906)  loss_vfl_dn_5: 0.2944 (0.2908)  loss_vfl_dn_pre: 0.3807 (0.3846)  loss_vfl_enc_0: 0.4248 (0.4305)  loss_vfl_pre: 0.3625 (0.3821)  time: 0.8505  data: 0.0083  max mem: 17742
Epoch: [3/120]  [1900/2360]  eta: 0:05:48  lr: 0.000009  loss: 22.7997 (24.1765)  loss_bbox: 0.0496 (0.0658)  loss_bbox_aux_0: 0.0566 (0.0730)  loss_bbox_aux_1: 0.0511 (0.0671)  loss_bbox_aux_2: 0.0497 (0.0659)  loss_bbox_aux_3: 0.0497 (0.0658)  loss_bbox_aux_4: 0.0497 (0.0658)  loss_bbox_dn_0: 0.0642 (0.0845)  loss_bbox_dn_1: 0.0475 (0.0600)  loss_bbox_dn_2: 0.0472 (0.0573)  loss_bbox_dn_3: 0.0470 (0.0569)  loss_bbox_dn_4: 0.0471 (0.0568)  loss_bbox_dn_5: 0.0471 (0.0568)  loss_bbox_dn_pre: 0.0675 (0.0875)  loss_bbox_enc_0: 0.0953 (0.1104)  loss_bbox_pre: 0.0551 (0.0727)  loss_ddf_aux_0: 0.0437 (0.1000)  loss_ddf_aux_1: 0.0104 (0.0259)  loss_ddf_aux_2: 0.0002 (0.0006)  loss_ddf_aux_3: 0.0000 (0.0000)  loss_ddf_aux_4: 0.0000 (0.0000)  loss_ddf_dn_0: 0.3362 (1.0102)  loss_ddf_dn_1: 0.0406 (0.2891)  loss_ddf_dn_2: 0.0093 (0.0806)  loss_ddf_dn_3: 0.0011 (0.0027)  loss_ddf_dn_4: 0.0000 (0.0000)  loss_ddf_dn_5: 0.0000 (0.0000)  loss_fgl: 1.0244 (1.0320)  loss_fgl_aux_0: 1.0596 (1.0619)  loss_fgl_aux_1: 1.0256 (1.0352)  loss_fgl_aux_2: 1.0243 (1.0319)  loss_fgl_aux_3: 1.0244 (1.0320)  loss_fgl_aux_4: 1.0245 (1.0320)  loss_fgl_dn_0: 1.1287 (1.1339)  loss_fgl_dn_1: 1.0220 (1.0123)  loss_fgl_dn_2: 1.0146 (1.0048)  loss_fgl_dn_3: 1.0141 (1.0052)  loss_fgl_dn_4: 1.0143 (1.0051)  loss_fgl_dn_5: 1.0144 (1.0052)  loss_giou: 0.2638 (0.2838)  loss_giou_aux_0: 0.2643 (0.2963)  loss_giou_aux_1: 0.2664 (0.2856)  loss_giou_aux_2: 0.2641 (0.2838)  loss_giou_aux_3: 0.2638 (0.2838)  loss_giou_aux_4: 0.2638 (0.2838)  loss_giou_dn_0: 0.2916 (0.2989)  loss_giou_dn_1: 0.2246 (0.2294)  loss_giou_dn_2: 0.2166 (0.2240)  loss_giou_dn_3: 0.2164 (0.2238)  loss_giou_dn_4: 0.2164 (0.2237)  loss_giou_dn_5: 0.2164 (0.2237)  loss_giou_dn_pre: 0.2891 (0.2988)  loss_giou_enc_0: 0.3657 (0.3875)  loss_giou_pre: 0.2629 (0.2955)  loss_vfl: 0.3273 (0.3308)  loss_vfl_aux_0: 0.3889 (0.3820)  loss_vfl_aux_1: 0.3526 (0.3493)  loss_vfl_aux_2: 0.3433 (0.3364)  loss_vfl_aux_3: 0.3278 (0.3310)  loss_vfl_aux_4: 0.3333 (0.3303)  loss_vfl_dn_0: 0.3768 (0.3828)  loss_vfl_dn_1: 0.2929 (0.3013)  loss_vfl_dn_2: 0.2894 (0.2941)  loss_vfl_dn_3: 0.2862 (0.2911)  loss_vfl_dn_4: 0.2860 (0.2906)  loss_vfl_dn_5: 0.2860 (0.2908)  loss_vfl_dn_pre: 0.3765 (0.3842)  loss_vfl_enc_0: 0.4442 (0.4305)  loss_vfl_pre: 0.3899 (0.3819)  time: 0.9130  data: 0.0084  max mem: 17742
Epoch: [3/120]  [2000/2360]  eta: 0:04:34  lr: 0.000009  loss: 23.2305 (24.1088)  loss_bbox: 0.0571 (0.0656)  loss_bbox_aux_0: 0.0556 (0.0727)  loss_bbox_aux_1: 0.0580 (0.0669)  loss_bbox_aux_2: 0.0570 (0.0657)  loss_bbox_aux_3: 0.0572 (0.0656)  loss_bbox_aux_4: 0.0572 (0.0656)  loss_bbox_dn_0: 0.0640 (0.0842)  loss_bbox_dn_1: 0.0479 (0.0597)  loss_bbox_dn_2: 0.0473 (0.0570)  loss_bbox_dn_3: 0.0472 (0.0567)  loss_bbox_dn_4: 0.0473 (0.0566)  loss_bbox_dn_5: 0.0473 (0.0566)  loss_bbox_dn_pre: 0.0708 (0.0873)  loss_bbox_enc_0: 0.0818 (0.1103)  loss_bbox_pre: 0.0556 (0.0724)  loss_ddf_aux_0: 0.0551 (0.0975)  loss_ddf_aux_1: 0.0175 (0.0252)  loss_ddf_aux_2: 0.0003 (0.0006)  loss_ddf_aux_3: 0.0000 (0.0000)  loss_ddf_aux_4: 0.0000 (0.0000)  loss_ddf_dn_0: 0.3464 (0.9783)  loss_ddf_dn_1: 0.0480 (0.2771)  loss_ddf_dn_2: 0.0165 (0.0773)  loss_ddf_dn_3: 0.0016 (0.0027)  loss_ddf_dn_4: 0.0000 (0.0000)  loss_ddf_dn_5: 0.0000 (0.0000)  loss_fgl: 1.0291 (1.0311)  loss_fgl_aux_0: 1.0616 (1.0610)  loss_fgl_aux_1: 1.0328 (1.0344)  loss_fgl_aux_2: 1.0290 (1.0311)  loss_fgl_aux_3: 1.0292 (1.0311)  loss_fgl_aux_4: 1.0292 (1.0311)  loss_fgl_dn_0: 1.1167 (1.1332)  loss_fgl_dn_1: 1.0071 (1.0115)  loss_fgl_dn_2: 1.0031 (1.0039)  loss_fgl_dn_3: 1.0033 (1.0043)  loss_fgl_dn_4: 1.0028 (1.0042)  loss_fgl_dn_5: 1.0026 (1.0042)  loss_giou: 0.2544 (0.2837)  loss_giou_aux_0: 0.2660 (0.2961)  loss_giou_aux_1: 0.2563 (0.2856)  loss_giou_aux_2: 0.2545 (0.2837)  loss_giou_aux_3: 0.2545 (0.2837)  loss_giou_aux_4: 0.2544 (0.2837)  loss_giou_dn_0: 0.2833 (0.2987)  loss_giou_dn_1: 0.2174 (0.2291)  loss_giou_dn_2: 0.2126 (0.2238)  loss_giou_dn_3: 0.2126 (0.2235)  loss_giou_dn_4: 0.2126 (0.2235)  loss_giou_dn_5: 0.2126 (0.2235)  loss_giou_dn_pre: 0.2847 (0.2986)  loss_giou_enc_0: 0.3591 (0.3872)  loss_giou_pre: 0.2625 (0.2954)  loss_vfl: 0.3481 (0.3309)  loss_vfl_aux_0: 0.3853 (0.3823)  loss_vfl_aux_1: 0.3310 (0.3495)  loss_vfl_aux_2: 0.3354 (0.3365)  loss_vfl_aux_3: 0.3461 (0.3312)  loss_vfl_aux_4: 0.3492 (0.3305)  loss_vfl_dn_0: 0.3761 (0.3824)  loss_vfl_dn_1: 0.2928 (0.3010)  loss_vfl_dn_2: 0.2883 (0.2938)  loss_vfl_dn_3: 0.2862 (0.2909)  loss_vfl_dn_4: 0.2861 (0.2904)  loss_vfl_dn_5: 0.2868 (0.2906)  loss_vfl_dn_pre: 0.3781 (0.3837)  loss_vfl_enc_0: 0.4210 (0.4305)  loss_vfl_pre: 0.3843 (0.3822)  time: 0.8584  data: 0.0082  max mem: 17742
Epoch: [3/120]  [2100/2360]  eta: 0:03:19  lr: 0.000009  loss: 22.4143 (24.0522)  loss_bbox: 0.0610 (0.0658)  loss_bbox_aux_0: 0.0695 (0.0729)  loss_bbox_aux_1: 0.0665 (0.0671)  loss_bbox_aux_2: 0.0612 (0.0658)  loss_bbox_aux_3: 0.0610 (0.0658)  loss_bbox_aux_4: 0.0610 (0.0658)  loss_bbox_dn_0: 0.0908 (0.0841)  loss_bbox_dn_1: 0.0582 (0.0597)  loss_bbox_dn_2: 0.0529 (0.0570)  loss_bbox_dn_3: 0.0517 (0.0567)  loss_bbox_dn_4: 0.0517 (0.0565)  loss_bbox_dn_5: 0.0517 (0.0565)  loss_bbox_dn_pre: 0.0946 (0.0872)  loss_bbox_enc_0: 0.1007 (0.1102)  loss_bbox_pre: 0.0696 (0.0726)  loss_ddf_aux_0: 0.0386 (0.0953)  loss_ddf_aux_1: 0.0096 (0.0248)  loss_ddf_aux_2: 0.0002 (0.0006)  loss_ddf_aux_3: 0.0000 (0.0000)  loss_ddf_aux_4: 0.0000 (0.0000)  loss_ddf_dn_0: 0.2370 (0.9489)  loss_ddf_dn_1: 0.0398 (0.2664)  loss_ddf_dn_2: 0.0128 (0.0745)  loss_ddf_dn_3: 0.0024 (0.0027)  loss_ddf_dn_4: 0.0000 (0.0000)  loss_ddf_dn_5: 0.0000 (0.0000)  loss_fgl: 0.9733 (1.0305)  loss_fgl_aux_0: 1.0242 (1.0605)  loss_fgl_aux_1: 0.9875 (1.0338)  loss_fgl_aux_2: 0.9743 (1.0305)  loss_fgl_aux_3: 0.9735 (1.0305)  loss_fgl_aux_4: 0.9733 (1.0305)  loss_fgl_dn_0: 1.0966 (1.1326)  loss_fgl_dn_1: 0.9503 (1.0107)  loss_fgl_dn_2: 0.9370 (1.0030)  loss_fgl_dn_3: 0.9372 (1.0035)  loss_fgl_dn_4: 0.9374 (1.0034)  loss_fgl_dn_5: 0.9375 (1.0034)  loss_giou: 0.2482 (0.2837)  loss_giou_aux_0: 0.2671 (0.2962)  loss_giou_aux_1: 0.2508 (0.2856)  loss_giou_aux_2: 0.2492 (0.2837)  loss_giou_aux_3: 0.2482 (0.2837)  loss_giou_aux_4: 0.2482 (0.2837)  loss_giou_dn_0: 0.2786 (0.2985)  loss_giou_dn_1: 0.2096 (0.2289)  loss_giou_dn_2: 0.2058 (0.2236)  loss_giou_dn_3: 0.2057 (0.2234)  loss_giou_dn_4: 0.2054 (0.2233)  loss_giou_dn_5: 0.2054 (0.2233)  loss_giou_dn_pre: 0.2816 (0.2984)  loss_giou_enc_0: 0.3392 (0.3869)  loss_giou_pre: 0.2692 (0.2954)  loss_vfl: 0.2948 (0.3308)  loss_vfl_aux_0: 0.3762 (0.3822)  loss_vfl_aux_1: 0.3389 (0.3494)  loss_vfl_aux_2: 0.3146 (0.3363)  loss_vfl_aux_3: 0.2970 (0.3312)  loss_vfl_aux_4: 0.2949 (0.3303)  loss_vfl_dn_0: 0.3767 (0.3822)  loss_vfl_dn_1: 0.2887 (0.3007)  loss_vfl_dn_2: 0.2812 (0.2936)  loss_vfl_dn_3: 0.2785 (0.2907)  loss_vfl_dn_4: 0.2788 (0.2902)  loss_vfl_dn_5: 0.2791 (0.2904)  loss_vfl_dn_pre: 0.3779 (0.3835)  loss_vfl_enc_0: 0.4270 (0.4304)  loss_vfl_pre: 0.3764 (0.3820)  time: 0.7026  data: 0.0085  max mem: 17742
Epoch: [3/120]  [2200/2360]  eta: 0:02:03  lr: 0.000009  loss: 22.7103 (23.9987)  loss_bbox: 0.0604 (0.0659)  loss_bbox_aux_0: 0.0632 (0.0730)  loss_bbox_aux_1: 0.0577 (0.0672)  loss_bbox_aux_2: 0.0611 (0.0660)  loss_bbox_aux_3: 0.0614 (0.0659)  loss_bbox_aux_4: 0.0603 (0.0659)  loss_bbox_dn_0: 0.0774 (0.0841)  loss_bbox_dn_1: 0.0519 (0.0597)  loss_bbox_dn_2: 0.0503 (0.0570)  loss_bbox_dn_3: 0.0505 (0.0567)  loss_bbox_dn_4: 0.0506 (0.0566)  loss_bbox_dn_5: 0.0506 (0.0566)  loss_bbox_dn_pre: 0.0832 (0.0873)  loss_bbox_enc_0: 0.0930 (0.1103)  loss_bbox_pre: 0.0635 (0.0727)  loss_ddf_aux_0: 0.0571 (0.0930)  loss_ddf_aux_1: 0.0145 (0.0242)  loss_ddf_aux_2: 0.0006 (0.0006)  loss_ddf_aux_3: 0.0000 (0.0000)  loss_ddf_aux_4: 0.0000 (0.0000)  loss_ddf_dn_0: 0.5473 (0.9213)  loss_ddf_dn_1: 0.1745 (0.2589)  loss_ddf_dn_2: 0.0636 (0.0730)  loss_ddf_dn_3: 0.0071 (0.0028)  loss_ddf_dn_4: 0.0000 (0.0000)  loss_ddf_dn_5: 0.0000 (0.0000)  loss_fgl: 1.0122 (1.0298)  loss_fgl_aux_0: 1.0441 (1.0599)  loss_fgl_aux_1: 1.0127 (1.0331)  loss_fgl_aux_2: 1.0119 (1.0297)  loss_fgl_aux_3: 1.0114 (1.0297)  loss_fgl_aux_4: 1.0120 (1.0297)  loss_fgl_dn_0: 1.1093 (1.1318)  loss_fgl_dn_1: 0.9825 (1.0097)  loss_fgl_dn_2: 0.9745 (1.0020)  loss_fgl_dn_3: 0.9749 (1.0024)  loss_fgl_dn_4: 0.9752 (1.0023)  loss_fgl_dn_5: 0.9753 (1.0023)  loss_giou: 0.2629 (0.2837)  loss_giou_aux_0: 0.2820 (0.2962)  loss_giou_aux_1: 0.2675 (0.2856)  loss_giou_aux_2: 0.2629 (0.2837)  loss_giou_aux_3: 0.2628 (0.2837)  loss_giou_aux_4: 0.2629 (0.2837)  loss_giou_dn_0: 0.2921 (0.2983)  loss_giou_dn_1: 0.2181 (0.2287)  loss_giou_dn_2: 0.2118 (0.2234)  loss_giou_dn_3: 0.2111 (0.2232)  loss_giou_dn_4: 0.2103 (0.2231)  loss_giou_dn_5: 0.2104 (0.2231)  loss_giou_dn_pre: 0.2930 (0.2983)  loss_giou_enc_0: 0.3789 (0.3869)  loss_giou_pre: 0.2794 (0.2954)  loss_vfl: 0.3083 (0.3305)  loss_vfl_aux_0: 0.3635 (0.3820)  loss_vfl_aux_1: 0.3334 (0.3491)  loss_vfl_aux_2: 0.3138 (0.3360)  loss_vfl_aux_3: 0.3097 (0.3309)  loss_vfl_aux_4: 0.3081 (0.3300)  loss_vfl_dn_0: 0.3765 (0.3821)  loss_vfl_dn_1: 0.2898 (0.3005)  loss_vfl_dn_2: 0.2856 (0.2934)  loss_vfl_dn_3: 0.2855 (0.2905)  loss_vfl_dn_4: 0.2850 (0.2901)  loss_vfl_dn_5: 0.2852 (0.2903)  loss_vfl_dn_pre: 0.3780 (0.3834)  loss_vfl_enc_0: 0.4177 (0.4303)  loss_vfl_pre: 0.3619 (0.3818)  time: 1.0150  data: 0.0088  max mem: 17742
Epoch: [3/120]  [2300/2360]  eta: 0:00:46  lr: 0.000009  loss: 23.2818 (23.9656)  loss_bbox: 0.0618 (0.0658)  loss_bbox_aux_0: 0.0765 (0.0728)  loss_bbox_aux_1: 0.0608 (0.0671)  loss_bbox_aux_2: 0.0618 (0.0658)  loss_bbox_aux_3: 0.0618 (0.0658)  loss_bbox_aux_4: 0.0617 (0.0658)  loss_bbox_dn_0: 0.0929 (0.0840)  loss_bbox_dn_1: 0.0597 (0.0596)  loss_bbox_dn_2: 0.0531 (0.0569)  loss_bbox_dn_3: 0.0529 (0.0566)  loss_bbox_dn_4: 0.0535 (0.0565)  loss_bbox_dn_5: 0.0535 (0.0565)  loss_bbox_dn_pre: 0.1037 (0.0872)  loss_bbox_enc_0: 0.1122 (0.1101)  loss_bbox_pre: 0.0759 (0.0725)  loss_ddf_aux_0: 0.0698 (0.0912)  loss_ddf_aux_1: 0.0107 (0.0236)  loss_ddf_aux_2: 0.0005 (0.0006)  loss_ddf_aux_3: 0.0000 (0.0000)  loss_ddf_aux_4: -0.0000 (0.0000)  loss_ddf_dn_0: 0.8704 (0.9077)  loss_ddf_dn_1: 0.1024 (0.2539)  loss_ddf_dn_2: 0.0333 (0.0729)  loss_ddf_dn_3: 0.0023 (0.0029)  loss_ddf_dn_4: 0.0000 (0.0000)  loss_ddf_dn_5: 0.0000 (0.0000)  loss_fgl: 1.0113 (1.0299)  loss_fgl_aux_0: 1.0393 (1.0597)  loss_fgl_aux_1: 1.0178 (1.0331)  loss_fgl_aux_2: 1.0117 (1.0298)  loss_fgl_aux_3: 1.0115 (1.0298)  loss_fgl_aux_4: 1.0114 (1.0298)  loss_fgl_dn_0: 1.1486 (1.1314)  loss_fgl_dn_1: 1.0268 (1.0094)  loss_fgl_dn_2: 1.0150 (1.0017)  loss_fgl_dn_3: 1.0162 (1.0021)  loss_fgl_dn_4: 1.0165 (1.0021)  loss_fgl_dn_5: 1.0164 (1.0021)  loss_giou: 0.2529 (0.2832)  loss_giou_aux_0: 0.2636 (0.2956)  loss_giou_aux_1: 0.2584 (0.2851)  loss_giou_aux_2: 0.2534 (0.2832)  loss_giou_aux_3: 0.2531 (0.2832)  loss_giou_aux_4: 0.2530 (0.2832)  loss_giou_dn_0: 0.2918 (0.2980)  loss_giou_dn_1: 0.2251 (0.2285)  loss_giou_dn_2: 0.2162 (0.2232)  loss_giou_dn_3: 0.2161 (0.2229)  loss_giou_dn_4: 0.2161 (0.2228)  loss_giou_dn_5: 0.2161 (0.2228)  loss_giou_dn_pre: 0.2895 (0.2980)  loss_giou_enc_0: 0.3557 (0.3856)  loss_giou_pre: 0.2646 (0.2948)  loss_vfl: 0.3115 (0.3305)  loss_vfl_aux_0: 0.3654 (0.3819)  loss_vfl_aux_1: 0.3304 (0.3490)  loss_vfl_aux_2: 0.3138 (0.3361)  loss_vfl_aux_3: 0.3091 (0.3310)  loss_vfl_aux_4: 0.3141 (0.3301)  loss_vfl_dn_0: 0.3764 (0.3818)  loss_vfl_dn_1: 0.2964 (0.3002)  loss_vfl_dn_2: 0.2874 (0.2931)  loss_vfl_dn_3: 0.2870 (0.2903)  loss_vfl_dn_4: 0.2868 (0.2899)  loss_vfl_dn_5: 0.2869 (0.2901)  loss_vfl_dn_pre: 0.3778 (0.3831)  loss_vfl_enc_0: 0.4180 (0.4301)  loss_vfl_pre: 0.3648 (0.3818)  time: 0.8756  data: 0.0092  max mem: 17742
Epoch: [3/120]  [2359/2360]  eta: 0:00:00  lr: 0.000009  loss: 23.6180 (23.9590)  loss_bbox: 0.0523 (0.0657)  loss_bbox_aux_0: 0.0594 (0.0727)  loss_bbox_aux_1: 0.0529 (0.0669)  loss_bbox_aux_2: 0.0522 (0.0657)  loss_bbox_aux_3: 0.0523 (0.0657)  loss_bbox_aux_4: 0.0523 (0.0657)  loss_bbox_dn_0: 0.0741 (0.0839)  loss_bbox_dn_1: 0.0496 (0.0595)  loss_bbox_dn_2: 0.0459 (0.0568)  loss_bbox_dn_3: 0.0457 (0.0565)  loss_bbox_dn_4: 0.0455 (0.0564)  loss_bbox_dn_5: 0.0455 (0.0564)  loss_bbox_dn_pre: 0.0776 (0.0871)  loss_bbox_enc_0: 0.0851 (0.1098)  loss_bbox_pre: 0.0596 (0.0724)  loss_ddf_aux_0: 0.0393 (0.0902)  loss_ddf_aux_1: 0.0076 (0.0233)  loss_ddf_aux_2: 0.0003 (0.0006)  loss_ddf_aux_3: 0.0000 (0.0000)  loss_ddf_aux_4: 0.0000 (0.0000)  loss_ddf_dn_0: 0.6181 (0.9069)  loss_ddf_dn_1: 0.0490 (0.2495)  loss_ddf_dn_2: 0.0107 (0.0715)  loss_ddf_dn_3: 0.0009 (0.0028)  loss_ddf_dn_4: 0.0000 (0.0000)  loss_ddf_dn_5: 0.0000 (0.0000)  loss_fgl: 1.0338 (1.0299)  loss_fgl_aux_0: 1.0579 (1.0597)  loss_fgl_aux_1: 1.0411 (1.0331)  loss_fgl_aux_2: 1.0332 (1.0298)  loss_fgl_aux_3: 1.0329 (1.0299)  loss_fgl_aux_4: 1.0334 (1.0299)  loss_fgl_dn_0: 1.1331 (1.1317)  loss_fgl_dn_1: 1.0323 (1.0097)  loss_fgl_dn_2: 1.0225 (1.0020)  loss_fgl_dn_3: 1.0225 (1.0024)  loss_fgl_dn_4: 1.0223 (1.0024)  loss_fgl_dn_5: 1.0222 (1.0024)  loss_giou: 0.2788 (0.2832)  loss_giou_aux_0: 0.2825 (0.2957)  loss_giou_aux_1: 0.2784 (0.2851)  loss_giou_aux_2: 0.2784 (0.2832)  loss_giou_aux_3: 0.2787 (0.2832)  loss_giou_aux_4: 0.2788 (0.2832)  loss_giou_dn_0: 0.2918 (0.2982)  loss_giou_dn_1: 0.2364 (0.2285)  loss_giou_dn_2: 0.2323 (0.2232)  loss_giou_dn_3: 0.2322 (0.2230)  loss_giou_dn_4: 0.2322 (0.2229)  loss_giou_dn_5: 0.2321 (0.2229)  loss_giou_dn_pre: 0.2943 (0.2981)  loss_giou_enc_0: 0.3520 (0.3852)  loss_giou_pre: 0.2834 (0.2949)  loss_vfl: 0.3335 (0.3308)  loss_vfl_aux_0: 0.3855 (0.3820)  loss_vfl_aux_1: 0.3525 (0.3490)  loss_vfl_aux_2: 0.3442 (0.3362)  loss_vfl_aux_3: 0.3459 (0.3312)  loss_vfl_aux_4: 0.3420 (0.3303)  loss_vfl_dn_0: 0.3774 (0.3817)  loss_vfl_dn_1: 0.3009 (0.3001)  loss_vfl_dn_2: 0.2922 (0.2930)  loss_vfl_dn_3: 0.2915 (0.2903)  loss_vfl_dn_4: 0.2904 (0.2899)  loss_vfl_dn_5: 0.2910 (0.2901)  loss_vfl_dn_pre: 0.3809 (0.3830)  loss_vfl_enc_0: 0.4143 (0.4301)  loss_vfl_pre: 0.3845 (0.3819)  time: 0.8456  data: 0.0082  max mem: 17742
Epoch: [3/120] Total time: 0:30:32 (0.7763 s / it)
Averaged stats: lr: 0.000009  loss: 23.6180 (23.9590)  loss_bbox: 0.0523 (0.0657)  loss_bbox_aux_0: 0.0594 (0.0727)  loss_bbox_aux_1: 0.0529 (0.0669)  loss_bbox_aux_2: 0.0522 (0.0657)  loss_bbox_aux_3: 0.0523 (0.0657)  loss_bbox_aux_4: 0.0523 (0.0657)  loss_bbox_dn_0: 0.0741 (0.0839)  loss_bbox_dn_1: 0.0496 (0.0595)  loss_bbox_dn_2: 0.0459 (0.0568)  loss_bbox_dn_3: 0.0457 (0.0565)  loss_bbox_dn_4: 0.0455 (0.0564)  loss_bbox_dn_5: 0.0455 (0.0564)  loss_bbox_dn_pre: 0.0776 (0.0871)  loss_bbox_enc_0: 0.0851 (0.1098)  loss_bbox_pre: 0.0596 (0.0724)  loss_ddf_aux_0: 0.0393 (0.0902)  loss_ddf_aux_1: 0.0076 (0.0233)  loss_ddf_aux_2: 0.0003 (0.0006)  loss_ddf_aux_3: 0.0000 (0.0000)  loss_ddf_aux_4: 0.0000 (0.0000)  loss_ddf_dn_0: 0.6181 (0.9069)  loss_ddf_dn_1: 0.0490 (0.2495)  loss_ddf_dn_2: 0.0107 (0.0715)  loss_ddf_dn_3: 0.0009 (0.0028)  loss_ddf_dn_4: 0.0000 (0.0000)  loss_ddf_dn_5: 0.0000 (0.0000)  loss_fgl: 1.0338 (1.0299)  loss_fgl_aux_0: 1.0579 (1.0597)  loss_fgl_aux_1: 1.0411 (1.0331)  loss_fgl_aux_2: 1.0332 (1.0298)  loss_fgl_aux_3: 1.0329 (1.0299)  loss_fgl_aux_4: 1.0334 (1.0299)  loss_fgl_dn_0: 1.1331 (1.1317)  loss_fgl_dn_1: 1.0323 (1.0097)  loss_fgl_dn_2: 1.0225 (1.0020)  loss_fgl_dn_3: 1.0225 (1.0024)  loss_fgl_dn_4: 1.0223 (1.0024)  loss_fgl_dn_5: 1.0222 (1.0024)  loss_giou: 0.2788 (0.2832)  loss_giou_aux_0: 0.2825 (0.2957)  loss_giou_aux_1: 0.2784 (0.2851)  loss_giou_aux_2: 0.2784 (0.2832)  loss_giou_aux_3: 0.2787 (0.2832)  loss_giou_aux_4: 0.2788 (0.2832)  loss_giou_dn_0: 0.2918 (0.2982)  loss_giou_dn_1: 0.2364 (0.2285)  loss_giou_dn_2: 0.2323 (0.2232)  loss_giou_dn_3: 0.2322 (0.2230)  loss_giou_dn_4: 0.2322 (0.2229)  loss_giou_dn_5: 0.2321 (0.2229)  loss_giou_dn_pre: 0.2943 (0.2981)  loss_giou_enc_0: 0.3520 (0.3852)  loss_giou_pre: 0.2834 (0.2949)  loss_vfl: 0.3335 (0.3308)  loss_vfl_aux_0: 0.3855 (0.3820)  loss_vfl_aux_1: 0.3525 (0.3490)  loss_vfl_aux_2: 0.3442 (0.3362)  loss_vfl_aux_3: 0.3459 (0.3312)  loss_vfl_aux_4: 0.3420 (0.3303)  loss_vfl_dn_0: 0.3774 (0.3817)  loss_vfl_dn_1: 0.3009 (0.3001)  loss_vfl_dn_2: 0.2922 (0.2930)  loss_vfl_dn_3: 0.2915 (0.2903)  loss_vfl_dn_4: 0.2904 (0.2899)  loss_vfl_dn_5: 0.2910 (0.2901)  loss_vfl_dn_pre: 0.3809 (0.3830)  loss_vfl_enc_0: 0.4143 (0.4301)  loss_vfl_pre: 0.3845 (0.3819)
Test:  [  0/109]  eta: 0:01:41    time: 0.9341  data: 0.7442  max mem: 17742
Test:  [ 10/109]  eta: 0:00:28    time: 0.2874  data: 0.0789  max mem: 17742
Test:  [ 20/109]  eta: 0:00:20    time: 0.1999  data: 0.0117  max mem: 17742
Test:  [ 30/109]  eta: 0:00:18    time: 0.2084  data: 0.0113  max mem: 17742
Test:  [ 40/109]  eta: 0:00:15    time: 0.2129  data: 0.0108  max mem: 17742
Test:  [ 50/109]  eta: 0:00:13    time: 0.2207  data: 0.0118  max mem: 17742
Test:  [ 60/109]  eta: 0:00:11    time: 0.2514  data: 0.0125  max mem: 17742
Test:  [ 70/109]  eta: 0:00:08    time: 0.2282  data: 0.0116  max mem: 17742
Test:  [ 80/109]  eta: 0:00:06    time: 0.2116  data: 0.0112  max mem: 17742
Test:  [ 90/109]  eta: 0:00:04    time: 0.2081  data: 0.0110  max mem: 17742
Test:  [100/109]  eta: 0:00:01    time: 0.1698  data: 0.0097  max mem: 17742
Test:  [108/109]  eta: 0:00:00    time: 0.1533  data: 0.0081  max mem: 17742
Test: Total time: 0:00:23 (0.2120 s / it)
Metrics: {'f1': 0.9470005824111822, 'precision': 0.9598583234946871, 'recall': 0.9344827586206896, 'iou': 0.7480132202659033, 'TPs': 813, 'FPs': 34, 'FNs': 57}
Averaged stats: 
Accumulating evaluation results...
COCOeval_opt.accumulate() finished...
DONE (t=0.29s).
IoU metric: bbox
 Average Precision  (AP) @[ IoU=0.50:0.95 | area=   all | maxDets=100 ] = 0.636
 Average Precision  (AP) @[ IoU=0.50      | area=   all | maxDets=100 ] = 0.950
 Average Precision  (AP) @[ IoU=0.75      | area=   all | maxDets=100 ] = 0.720
 Average Precision  (AP) @[ IoU=0.50:0.95 | area= small | maxDets=100 ] = 0.557
 Average Precision  (AP) @[ IoU=0.50:0.95 | area=medium | maxDets=100 ] = 0.734
 Average Precision  (AP) @[ IoU=0.50:0.95 | area= large | maxDets=100 ] = 0.725
 Average Recall     (AR) @[ IoU=0.50:0.95 | area=   all | maxDets=  1 ] = 0.656
 Average Recall     (AR) @[ IoU=0.50:0.95 | area=   all | maxDets= 10 ] = 0.690
 Average Recall     (AR) @[ IoU=0.50:0.95 | area=   all | maxDets=100 ] = 0.750
 Average Recall     (AR) @[ IoU=0.50:0.95 | area= small | maxDets=100 ] = 0.666
 Average Recall     (AR) @[ IoU=0.50:0.95 | area=medium | maxDets=100 ] = 0.830
 Average Recall     (AR) @[ IoU=0.50:0.95 | area= large | maxDets=100 ] = 0.893
 Average Recall     (AR) @[ IoU=0.50      | area=   all | maxDets=100 ] = 0.976
 Average Recall     (AR) @[ IoU=0.75      | area=   all | maxDets=100 ] = 0.849
best_stat: {'epoch': 3, 'coco_eval_bbox': 0.6364777451515643}
Epoch: [4/120]  [   0/2360]  eta: 4:24:25  lr: 0.000009  loss: 26.5280 (26.5280)  loss_bbox: 0.0850 (0.0850)  loss_bbox_aux_0: 0.0887 (0.0887)  loss_bbox_aux_1: 0.0831 (0.0831)  loss_bbox_aux_2: 0.0846 (0.0846)  loss_bbox_aux_3: 0.0850 (0.0850)  loss_bbox_aux_4: 0.0850 (0.0850)  loss_bbox_dn_0: 0.0746 (0.0746)  loss_bbox_dn_1: 0.0631 (0.0631)  loss_bbox_dn_2: 0.0665 (0.0665)  loss_bbox_dn_3: 0.0669 (0.0669)  loss_bbox_dn_4: 0.0666 (0.0666)  loss_bbox_dn_5: 0.0666 (0.0666)  loss_bbox_dn_pre: 0.0744 (0.0744)  loss_bbox_enc_0: 0.0875 (0.0875)  loss_bbox_pre: 0.0889 (0.0889)  loss_ddf_aux_0: 0.0342 (0.0342)  loss_ddf_aux_1: 0.0080 (0.0080)  loss_ddf_aux_2: 0.0003 (0.0003)  loss_ddf_aux_3: 0.0001 (0.0001)  loss_ddf_aux_4: -0.0000 (-0.0000)  loss_ddf_dn_0: 0.9840 (0.9840)  loss_ddf_dn_1: 0.0644 (0.0644)  loss_ddf_dn_2: 0.0137 (0.0137)  loss_ddf_dn_3: 0.0016 (0.0016)  loss_ddf_dn_4: 0.0000 (0.0000)  loss_ddf_dn_5: 0.0000 (0.0000)  loss_fgl: 1.1536 (1.1536)  loss_fgl_aux_0: 1.1563 (1.1563)  loss_fgl_aux_1: 1.1473 (1.1473)  loss_fgl_aux_2: 1.1523 (1.1523)  loss_fgl_aux_3: 1.1528 (1.1528)  loss_fgl_aux_4: 1.1533 (1.1533)  loss_fgl_dn_0: 1.1856 (1.1856)  loss_fgl_dn_1: 1.1128 (1.1128)  loss_fgl_dn_2: 1.1107 (1.1107)  loss_fgl_dn_3: 1.1112 (1.1112)  loss_fgl_dn_4: 1.1114 (1.1114)  loss_fgl_dn_5: 1.1116 (1.1116)  loss_giou: 0.3473 (0.3473)  loss_giou_aux_0: 0.3566 (0.3566)  loss_giou_aux_1: 0.3490 (0.3490)  loss_giou_aux_2: 0.3463 (0.3463)  loss_giou_aux_3: 0.3471 (0.3471)  loss_giou_aux_4: 0.3472 (0.3472)  loss_giou_dn_0: 0.3407 (0.3407)  loss_giou_dn_1: 0.2809 (0.2809)  loss_giou_dn_2: 0.2788 (0.2788)  loss_giou_dn_3: 0.2789 (0.2789)  loss_giou_dn_4: 0.2789 (0.2789)  loss_giou_dn_5: 0.2789 (0.2789)  loss_giou_dn_pre: 0.3415 (0.3415)  loss_giou_enc_0: 0.4092 (0.4092)  loss_giou_pre: 0.3606 (0.3606)  loss_vfl: 0.3708 (0.3708)  loss_vfl_aux_0: 0.4294 (0.4294)  loss_vfl_aux_1: 0.3904 (0.3904)  loss_vfl_aux_2: 0.3709 (0.3709)  loss_vfl_aux_3: 0.3724 (0.3724)  loss_vfl_aux_4: 0.3646 (0.3646)  loss_vfl_dn_0: 0.3979 (0.3979)  loss_vfl_dn_1: 0.3338 (0.3338)  loss_vfl_dn_2: 0.3319 (0.3319)  loss_vfl_dn_3: 0.3306 (0.3306)  loss_vfl_dn_4: 0.3314 (0.3314)  loss_vfl_dn_5: 0.3319 (0.3319)  loss_vfl_dn_pre: 0.3995 (0.3995)  loss_vfl_enc_0: 0.4692 (0.4692)  loss_vfl_pre: 0.4295 (0.4295)  time: 6.7228  data: 1.3227  max mem: 17742
Epoch: [4/120]  [ 100/2360]  eta: 0:35:47  lr: 0.000009  loss: 21.9961 (22.9021)  loss_bbox: 0.0493 (0.0641)  loss_bbox_aux_0: 0.0596 (0.0711)  loss_bbox_aux_1: 0.0506 (0.0651)  loss_bbox_aux_2: 0.0493 (0.0643)  loss_bbox_aux_3: 0.0493 (0.0642)  loss_bbox_aux_4: 0.0493 (0.0641)  loss_bbox_dn_0: 0.0712 (0.0809)  loss_bbox_dn_1: 0.0461 (0.0574)  loss_bbox_dn_2: 0.0437 (0.0551)  loss_bbox_dn_3: 0.0437 (0.0550)  loss_bbox_dn_4: 0.0437 (0.0549)  loss_bbox_dn_5: 0.0437 (0.0549)  loss_bbox_dn_pre: 0.0771 (0.0856)  loss_bbox_enc_0: 0.0977 (0.1061)  loss_bbox_pre: 0.0612 (0.0715)  loss_ddf_aux_0: 0.0384 (0.0348)  loss_ddf_aux_1: 0.0076 (0.0075)  loss_ddf_aux_2: 0.0003 (0.0003)  loss_ddf_aux_3: 0.0000 (0.0000)  loss_ddf_aux_4: 0.0000 (0.0000)  loss_ddf_dn_0: 0.4061 (0.4444)  loss_ddf_dn_1: 0.0610 (0.0462)  loss_ddf_dn_2: 0.0174 (0.0113)  loss_ddf_dn_3: 0.0038 (0.0022)  loss_ddf_dn_4: 0.0000 (0.0000)  loss_ddf_dn_5: 0.0000 (0.0000)  loss_fgl: 1.0052 (1.0292)  loss_fgl_aux_0: 1.0360 (1.0585)  loss_fgl_aux_1: 1.0055 (1.0313)  loss_fgl_aux_2: 1.0070 (1.0290)  loss_fgl_aux_3: 1.0053 (1.0291)  loss_fgl_aux_4: 1.0053 (1.0292)  loss_fgl_dn_0: 1.1028 (1.1227)  loss_fgl_dn_1: 0.9655 (1.0011)  loss_fgl_dn_2: 0.9587 (0.9929)  loss_fgl_dn_3: 0.9586 (0.9931)  loss_fgl_dn_4: 0.9584 (0.9931)  loss_fgl_dn_5: 0.9584 (0.9931)  loss_giou: 0.2459 (0.2770)  loss_giou_aux_0: 0.2485 (0.2892)  loss_giou_aux_1: 0.2456 (0.2788)  loss_giou_aux_2: 0.2461 (0.2770)  loss_giou_aux_3: 0.2460 (0.2770)  loss_giou_aux_4: 0.2459 (0.2770)  loss_giou_dn_0: 0.2623 (0.2877)  loss_giou_dn_1: 0.2024 (0.2209)  loss_giou_dn_2: 0.1998 (0.2165)  loss_giou_dn_3: 0.1998 (0.2164)  loss_giou_dn_4: 0.1997 (0.2163)  loss_giou_dn_5: 0.1997 (0.2163)  loss_giou_dn_pre: 0.2643 (0.2883)  loss_giou_enc_0: 0.3487 (0.3738)  loss_giou_pre: 0.2460 (0.2888)  loss_vfl: 0.3264 (0.3307)  loss_vfl_aux_0: 0.3563 (0.3734)  loss_vfl_aux_1: 0.3433 (0.3464)  loss_vfl_aux_2: 0.3217 (0.3359)  loss_vfl_aux_3: 0.3223 (0.3304)  loss_vfl_aux_4: 0.3242 (0.3298)  loss_vfl_dn_0: 0.3657 (0.3738)  loss_vfl_dn_1: 0.2852 (0.2956)  loss_vfl_dn_2: 0.2765 (0.2887)  loss_vfl_dn_3: 0.2745 (0.2869)  loss_vfl_dn_4: 0.2742 (0.2870)  loss_vfl_dn_5: 0.2743 (0.2872)  loss_vfl_dn_pre: 0.3665 (0.3751)  loss_vfl_enc_0: 0.4171 (0.4242)  loss_vfl_pre: 0.3560 (0.3728)  time: 0.9111  data: 0.0088  max mem: 17742
Epoch: [4/120]  [ 200/2360]  eta: 0:32:56  lr: 0.000009  loss: 22.3763 (22.8810)  loss_bbox: 0.0526 (0.0624)  loss_bbox_aux_0: 0.0631 (0.0688)  loss_bbox_aux_1: 0.0545 (0.0635)  loss_bbox_aux_2: 0.0530 (0.0625)  loss_bbox_aux_3: 0.0526 (0.0624)  loss_bbox_aux_4: 0.0526 (0.0624)  loss_bbox_dn_0: 0.0816 (0.0785)  loss_bbox_dn_1: 0.0495 (0.0556)  loss_bbox_dn_2: 0.0458 (0.0531)  loss_bbox_dn_3: 0.0457 (0.0530)  loss_bbox_dn_4: 0.0454 (0.0529)  loss_bbox_dn_5: 0.0454 (0.0529)  loss_bbox_dn_pre: 0.0911 (0.0829)  loss_bbox_enc_0: 0.0988 (0.1009)  loss_bbox_pre: 0.0636 (0.0690)  loss_ddf_aux_0: 0.0638 (0.0381)  loss_ddf_aux_1: 0.0108 (0.0084)  loss_ddf_aux_2: 0.0004 (0.0004)  loss_ddf_aux_3: 0.0000 (0.0000)  loss_ddf_aux_4: -0.0000 (0.0000)  loss_ddf_dn_0: 0.8776 (0.4541)  loss_ddf_dn_1: 0.0830 (0.0621)  loss_ddf_dn_2: 0.0097 (0.0209)  loss_ddf_dn_3: 0.0007 (0.0025)  loss_ddf_dn_4: 0.0000 (0.0000)  loss_ddf_dn_5: 0.0000 (0.0000)  loss_fgl: 0.9844 (1.0257)  loss_fgl_aux_0: 1.0178 (1.0540)  loss_fgl_aux_1: 0.9889 (1.0283)  loss_fgl_aux_2: 0.9848 (1.0255)  loss_fgl_aux_3: 0.9848 (1.0256)  loss_fgl_aux_4: 0.9846 (1.0257)  loss_fgl_dn_0: 1.1384 (1.1224)  loss_fgl_dn_1: 0.9877 (0.9993)  loss_fgl_dn_2: 0.9675 (0.9913)  loss_fgl_dn_3: 0.9680 (0.9916)  loss_fgl_dn_4: 0.9678 (0.9916)  loss_fgl_dn_5: 0.9678 (0.9917)  loss_giou: 0.2352 (0.2776)  loss_giou_aux_0: 0.2557 (0.2896)  loss_giou_aux_1: 0.2407 (0.2794)  loss_giou_aux_2: 0.2348 (0.2776)  loss_giou_aux_3: 0.2352 (0.2776)  loss_giou_aux_4: 0.2352 (0.2776)  loss_giou_dn_0: 0.2787 (0.2885)  loss_giou_dn_1: 0.2051 (0.2216)  loss_giou_dn_2: 0.1960 (0.2170)  loss_giou_dn_3: 0.1961 (0.2169)  loss_giou_dn_4: 0.1960 (0.2169)  loss_giou_dn_5: 0.1960 (0.2169)  loss_giou_dn_pre: 0.2803 (0.2890)  loss_giou_enc_0: 0.3403 (0.3737)  loss_giou_pre: 0.2543 (0.2890)  loss_vfl: 0.3118 (0.3303)  loss_vfl_aux_0: 0.3562 (0.3750)  loss_vfl_aux_1: 0.3200 (0.3446)  loss_vfl_aux_2: 0.3159 (0.3347)  loss_vfl_aux_3: 0.3143 (0.3300)  loss_vfl_aux_4: 0.3130 (0.3297)  loss_vfl_dn_0: 0.3700 (0.3745)  loss_vfl_dn_1: 0.2808 (0.2945)  loss_vfl_dn_2: 0.2741 (0.2878)  loss_vfl_dn_3: 0.2742 (0.2866)  loss_vfl_dn_4: 0.2730 (0.2865)  loss_vfl_dn_5: 0.2738 (0.2867)  loss_vfl_dn_pre: 0.3730 (0.3757)  loss_vfl_enc_0: 0.3999 (0.4206)  loss_vfl_pre: 0.3713 (0.3747)  time: 0.8695  data: 0.0087  max mem: 17742
Epoch: [4/120]  [ 300/2360]  eta: 0:31:04  lr: 0.000009  loss: 22.5016 (22.9325)  loss_bbox: 0.0590 (0.0614)  loss_bbox_aux_0: 0.0609 (0.0677)  loss_bbox_aux_1: 0.0584 (0.0624)  loss_bbox_aux_2: 0.0588 (0.0614)  loss_bbox_aux_3: 0.0591 (0.0614)  loss_bbox_aux_4: 0.0590 (0.0614)  loss_bbox_dn_0: 0.0727 (0.0777)  loss_bbox_dn_1: 0.0506 (0.0549)  loss_bbox_dn_2: 0.0497 (0.0525)  loss_bbox_dn_3: 0.0497 (0.0524)  loss_bbox_dn_4: 0.0497 (0.0523)  loss_bbox_dn_5: 0.0497 (0.0523)  loss_bbox_dn_pre: 0.0750 (0.0817)  loss_bbox_enc_0: 0.0810 (0.1001)  loss_bbox_pre: 0.0611 (0.0678)  loss_ddf_aux_0: 0.0960 (0.0481)  loss_ddf_aux_1: 0.0161 (0.0103)  loss_ddf_aux_2: 0.0006 (0.0004)  loss_ddf_aux_3: 0.0000 (0.0000)  loss_ddf_aux_4: -0.0000 (0.0000)  loss_ddf_dn_0: 0.7032 (0.5175)  loss_ddf_dn_1: 0.1572 (0.0773)  loss_ddf_dn_2: 0.0284 (0.0200)  loss_ddf_dn_3: 0.0020 (0.0025)  loss_ddf_dn_4: 0.0000 (0.0000)  loss_ddf_dn_5: 0.0000 (0.0000)  loss_fgl: 0.9962 (1.0256)  loss_fgl_aux_0: 1.0303 (1.0545)  loss_fgl_aux_1: 0.9993 (1.0285)  loss_fgl_aux_2: 0.9961 (1.0255)  loss_fgl_aux_3: 0.9962 (1.0256)  loss_fgl_aux_4: 0.9962 (1.0256)  loss_fgl_dn_0: 1.0957 (1.1251)  loss_fgl_dn_1: 0.9882 (1.0003)  loss_fgl_dn_2: 0.9820 (0.9922)  loss_fgl_dn_3: 0.9822 (0.9925)  loss_fgl_dn_4: 0.9822 (0.9926)  loss_fgl_dn_5: 0.9821 (0.9926)  loss_giou: 0.2618 (0.2754)  loss_giou_aux_0: 0.2615 (0.2876)  loss_giou_aux_1: 0.2609 (0.2771)  loss_giou_aux_2: 0.2625 (0.2754)  loss_giou_aux_3: 0.2621 (0.2754)  loss_giou_aux_4: 0.2619 (0.2754)  loss_giou_dn_0: 0.2799 (0.2889)  loss_giou_dn_1: 0.2110 (0.2215)  loss_giou_dn_2: 0.2063 (0.2169)  loss_giou_dn_3: 0.2063 (0.2169)  loss_giou_dn_4: 0.2063 (0.2168)  loss_giou_dn_5: 0.2064 (0.2168)  loss_giou_dn_pre: 0.2795 (0.2893)  loss_giou_enc_0: 0.3493 (0.3701)  loss_giou_pre: 0.2631 (0.2871)  loss_vfl: 0.3060 (0.3281)  loss_vfl_aux_0: 0.3547 (0.3753)  loss_vfl_aux_1: 0.3098 (0.3431)  loss_vfl_aux_2: 0.3073 (0.3328)  loss_vfl_aux_3: 0.3072 (0.3284)  loss_vfl_aux_4: 0.3068 (0.3277)  loss_vfl_dn_0: 0.3615 (0.3738)  loss_vfl_dn_1: 0.2873 (0.2943)  loss_vfl_dn_2: 0.2803 (0.2875)  loss_vfl_dn_3: 0.2806 (0.2864)  loss_vfl_dn_4: 0.2806 (0.2863)  loss_vfl_dn_5: 0.2815 (0.2864)  loss_vfl_dn_pre: 0.3620 (0.3750)  loss_vfl_enc_0: 0.3811 (0.4179)  loss_vfl_pre: 0.3547 (0.3750)  time: 0.8803  data: 0.0085  max mem: 17742
Epoch: [4/120]  [ 400/2360]  eta: 0:28:23  lr: 0.000009  loss: 23.8162 (23.2597)  loss_bbox: 0.0518 (0.0612)  loss_bbox_aux_0: 0.0591 (0.0677)  loss_bbox_aux_1: 0.0524 (0.0623)  loss_bbox_aux_2: 0.0520 (0.0613)  loss_bbox_aux_3: 0.0519 (0.0612)  loss_bbox_aux_4: 0.0519 (0.0612)  loss_bbox_dn_0: 0.0735 (0.0779)  loss_bbox_dn_1: 0.0511 (0.0547)  loss_bbox_dn_2: 0.0487 (0.0522)  loss_bbox_dn_3: 0.0487 (0.0520)  loss_bbox_dn_4: 0.0486 (0.0520)  loss_bbox_dn_5: 0.0486 (0.0520)  loss_bbox_dn_pre: 0.0764 (0.0818)  loss_bbox_enc_0: 0.0832 (0.0997)  loss_bbox_pre: 0.0593 (0.0678)  loss_ddf_aux_0: 0.0294 (0.0604)  loss_ddf_aux_1: 0.0051 (0.0122)  loss_ddf_aux_2: 0.0002 (0.0004)  loss_ddf_aux_3: 0.0000 (0.0000)  loss_ddf_aux_4: 0.0000 (0.0000)  loss_ddf_dn_0: 1.1159 (0.7441)  loss_ddf_dn_1: 0.1579 (0.1161)  loss_ddf_dn_2: 0.0451 (0.0282)  loss_ddf_dn_3: 0.0032 (0.0025)  loss_ddf_dn_4: 0.0000 (0.0000)  loss_ddf_dn_5: 0.0000 (0.0000)  loss_fgl: 1.0135 (1.0231)  loss_fgl_aux_0: 1.0482 (1.0521)  loss_fgl_aux_1: 1.0217 (1.0259)  loss_fgl_aux_2: 1.0138 (1.0230)  loss_fgl_aux_3: 1.0136 (1.0231)  loss_fgl_aux_4: 1.0135 (1.0231)  loss_fgl_dn_0: 1.1448 (1.1271)  loss_fgl_dn_1: 1.0194 (1.0033)  loss_fgl_dn_2: 1.0063 (0.9959)  loss_fgl_dn_3: 1.0078 (0.9964)  loss_fgl_dn_4: 1.0080 (0.9965)  loss_fgl_dn_5: 1.0079 (0.9965)  loss_giou: 0.2645 (0.2780)  loss_giou_aux_0: 0.2748 (0.2900)  loss_giou_aux_1: 0.2694 (0.2797)  loss_giou_aux_2: 0.2643 (0.2780)  loss_giou_aux_3: 0.2644 (0.2780)  loss_giou_aux_4: 0.2644 (0.2780)  loss_giou_dn_0: 0.2916 (0.2907)  loss_giou_dn_1: 0.2180 (0.2227)  loss_giou_dn_2: 0.2122 (0.2180)  loss_giou_dn_3: 0.2121 (0.2178)  loss_giou_dn_4: 0.2121 (0.2178)  loss_giou_dn_5: 0.2121 (0.2178)  loss_giou_dn_pre: 0.2885 (0.2908)  loss_giou_enc_0: 0.3611 (0.3720)  loss_giou_pre: 0.2742 (0.2894)  loss_vfl: 0.3162 (0.3288)  loss_vfl_aux_0: 0.3734 (0.3774)  loss_vfl_aux_1: 0.3334 (0.3441)  loss_vfl_aux_2: 0.3110 (0.3336)  loss_vfl_aux_3: 0.3137 (0.3292)  loss_vfl_aux_4: 0.3153 (0.3285)  loss_vfl_dn_0: 0.3733 (0.3739)  loss_vfl_dn_1: 0.2929 (0.2941)  loss_vfl_dn_2: 0.2865 (0.2875)  loss_vfl_dn_3: 0.2846 (0.2864)  loss_vfl_dn_4: 0.2830 (0.2862)  loss_vfl_dn_5: 0.2837 (0.2863)  loss_vfl_dn_pre: 0.3749 (0.3753)  loss_vfl_enc_0: 0.3986 (0.4173)  loss_vfl_pre: 0.3729 (0.3774)  time: 0.7757  data: 0.0085  max mem: 17742
Epoch: [4/120]  [ 500/2360]  eta: 0:27:02  lr: 0.000009  loss: 23.1452 (23.2191)  loss_bbox: 0.0648 (0.0616)  loss_bbox_aux_0: 0.0696 (0.0683)  loss_bbox_aux_1: 0.0648 (0.0627)  loss_bbox_aux_2: 0.0650 (0.0616)  loss_bbox_aux_3: 0.0646 (0.0616)  loss_bbox_aux_4: 0.0648 (0.0616)  loss_bbox_dn_0: 0.0871 (0.0794)  loss_bbox_dn_1: 0.0600 (0.0558)  loss_bbox_dn_2: 0.0581 (0.0532)  loss_bbox_dn_3: 0.0582 (0.0530)  loss_bbox_dn_4: 0.0581 (0.0529)  loss_bbox_dn_5: 0.0581 (0.0529)  loss_bbox_dn_pre: 0.0989 (0.0832)  loss_bbox_enc_0: 0.1278 (0.1011)  loss_bbox_pre: 0.0689 (0.0683)  loss_ddf_aux_0: 0.0294 (0.0559)  loss_ddf_aux_1: 0.0039 (0.0108)  loss_ddf_aux_2: 0.0002 (0.0004)  loss_ddf_aux_3: 0.0000 (0.0000)  loss_ddf_aux_4: -0.0000 (0.0000)  loss_ddf_dn_0: 0.4302 (0.7193)  loss_ddf_dn_1: 0.0553 (0.1091)  loss_ddf_dn_2: 0.0180 (0.0274)  loss_ddf_dn_3: 0.0022 (0.0025)  loss_ddf_dn_4: 0.0000 (0.0000)  loss_ddf_dn_5: 0.0000 (0.0000)  loss_fgl: 1.0054 (1.0202)  loss_fgl_aux_0: 1.0479 (1.0504)  loss_fgl_aux_1: 1.0149 (1.0230)  loss_fgl_aux_2: 1.0044 (1.0201)  loss_fgl_aux_3: 1.0051 (1.0201)  loss_fgl_aux_4: 1.0053 (1.0202)  loss_fgl_dn_0: 1.1314 (1.1290)  loss_fgl_dn_1: 0.9878 (1.0029)  loss_fgl_dn_2: 0.9778 (0.9951)  loss_fgl_dn_3: 0.9777 (0.9956)  loss_fgl_dn_4: 0.9776 (0.9957)  loss_fgl_dn_5: 0.9775 (0.9957)  loss_giou: 0.2611 (0.2782)  loss_giou_aux_0: 0.2782 (0.2903)  loss_giou_aux_1: 0.2654 (0.2797)  loss_giou_aux_2: 0.2609 (0.2782)  loss_giou_aux_3: 0.2606 (0.2782)  loss_giou_aux_4: 0.2611 (0.2782)  loss_giou_dn_0: 0.2977 (0.2912)  loss_giou_dn_1: 0.2190 (0.2225)  loss_giou_dn_2: 0.2072 (0.2177)  loss_giou_dn_3: 0.2071 (0.2175)  loss_giou_dn_4: 0.2071 (0.2175)  loss_giou_dn_5: 0.2071 (0.2175)  loss_giou_dn_pre: 0.3002 (0.2913)  loss_giou_enc_0: 0.3880 (0.3733)  loss_giou_pre: 0.2808 (0.2897)  loss_vfl: 0.3221 (0.3282)  loss_vfl_aux_0: 0.3831 (0.3792)  loss_vfl_aux_1: 0.3429 (0.3455)  loss_vfl_aux_2: 0.3262 (0.3330)  loss_vfl_aux_3: 0.3209 (0.3285)  loss_vfl_aux_4: 0.3218 (0.3279)  loss_vfl_dn_0: 0.3827 (0.3740)  loss_vfl_dn_1: 0.2923 (0.2937)  loss_vfl_dn_2: 0.2869 (0.2872)  loss_vfl_dn_3: 0.2852 (0.2859)  loss_vfl_dn_4: 0.2852 (0.2857)  loss_vfl_dn_5: 0.2856 (0.2858)  loss_vfl_dn_pre: 0.3826 (0.3755)  loss_vfl_enc_0: 0.4262 (0.4183)  loss_vfl_pre: 0.3866 (0.3792)  time: 0.8829  data: 0.0087  max mem: 17742
Epoch: [4/120]  [ 600/2360]  eta: 0:25:33  lr: 0.000009  loss: 21.6238 (23.1234)  loss_bbox: 0.0504 (0.0619)  loss_bbox_aux_0: 0.0513 (0.0685)  loss_bbox_aux_1: 0.0510 (0.0629)  loss_bbox_aux_2: 0.0506 (0.0620)  loss_bbox_aux_3: 0.0505 (0.0619)  loss_bbox_aux_4: 0.0504 (0.0619)  loss_bbox_dn_0: 0.0728 (0.0795)  loss_bbox_dn_1: 0.0505 (0.0558)  loss_bbox_dn_2: 0.0502 (0.0532)  loss_bbox_dn_3: 0.0499 (0.0530)  loss_bbox_dn_4: 0.0499 (0.0529)  loss_bbox_dn_5: 0.0499 (0.0529)  loss_bbox_dn_pre: 0.0814 (0.0833)  loss_bbox_enc_0: 0.0927 (0.1019)  loss_bbox_pre: 0.0512 (0.0685)  loss_ddf_aux_0: 0.0222 (0.0517)  loss_ddf_aux_1: 0.0033 (0.0097)  loss_ddf_aux_2: 0.0001 (0.0003)  loss_ddf_aux_3: 0.0000 (0.0000)  loss_ddf_aux_4: 0.0000 (0.0000)  loss_ddf_dn_0: 0.4698 (0.6905)  loss_ddf_dn_1: 0.0626 (0.0999)  loss_ddf_dn_2: 0.0224 (0.0259)  loss_ddf_dn_3: 0.0033 (0.0025)  loss_ddf_dn_4: 0.0000 (0.0000)  loss_ddf_dn_5: 0.0000 (0.0000)  loss_fgl: 1.0064 (1.0181)  loss_fgl_aux_0: 1.0326 (1.0485)  loss_fgl_aux_1: 1.0057 (1.0208)  loss_fgl_aux_2: 1.0054 (1.0179)  loss_fgl_aux_3: 1.0057 (1.0180)  loss_fgl_aux_4: 1.0061 (1.0180)  loss_fgl_dn_0: 1.1068 (1.1281)  loss_fgl_dn_1: 0.9801 (1.0005)  loss_fgl_dn_2: 0.9752 (0.9926)  loss_fgl_dn_3: 0.9754 (0.9931)  loss_fgl_dn_4: 0.9754 (0.9931)  loss_fgl_dn_5: 0.9754 (0.9932)  loss_giou: 0.2586 (0.2772)  loss_giou_aux_0: 0.2698 (0.2893)  loss_giou_aux_1: 0.2592 (0.2788)  loss_giou_aux_2: 0.2587 (0.2772)  loss_giou_aux_3: 0.2587 (0.2772)  loss_giou_aux_4: 0.2586 (0.2772)  loss_giou_dn_0: 0.2817 (0.2909)  loss_giou_dn_1: 0.2168 (0.2217)  loss_giou_dn_2: 0.2156 (0.2170)  loss_giou_dn_3: 0.2149 (0.2168)  loss_giou_dn_4: 0.2148 (0.2167)  loss_giou_dn_5: 0.2148 (0.2167)  loss_giou_dn_pre: 0.2808 (0.2910)  loss_giou_enc_0: 0.3629 (0.3728)  loss_giou_pre: 0.2686 (0.2888)  loss_vfl: 0.3056 (0.3263)  loss_vfl_aux_0: 0.3587 (0.3779)  loss_vfl_aux_1: 0.3145 (0.3435)  loss_vfl_aux_2: 0.3073 (0.3312)  loss_vfl_aux_3: 0.3074 (0.3268)  loss_vfl_aux_4: 0.3064 (0.3260)  loss_vfl_dn_0: 0.3712 (0.3737)  loss_vfl_dn_1: 0.2887 (0.2932)  loss_vfl_dn_2: 0.2784 (0.2866)  loss_vfl_dn_3: 0.2764 (0.2853)  loss_vfl_dn_4: 0.2756 (0.2851)  loss_vfl_dn_5: 0.2759 (0.2852)  loss_vfl_dn_pre: 0.3734 (0.3751)  loss_vfl_enc_0: 0.4016 (0.4177)  loss_vfl_pre: 0.3589 (0.3776)  time: 0.8616  data: 0.0086  max mem: 17742
Epoch: [4/120]  [ 700/2360]  eta: 0:24:02  lr: 0.000009  loss: 23.9498 (23.2233)  loss_bbox: 0.0533 (0.0626)  loss_bbox_aux_0: 0.0692 (0.0689)  loss_bbox_aux_1: 0.0557 (0.0635)  loss_bbox_aux_2: 0.0535 (0.0626)  loss_bbox_aux_3: 0.0531 (0.0626)  loss_bbox_aux_4: 0.0532 (0.0626)  loss_bbox_dn_0: 0.0813 (0.0800)  loss_bbox_dn_1: 0.0546 (0.0564)  loss_bbox_dn_2: 0.0498 (0.0538)  loss_bbox_dn_3: 0.0496 (0.0537)  loss_bbox_dn_4: 0.0495 (0.0536)  loss_bbox_dn_5: 0.0495 (0.0536)  loss_bbox_dn_pre: 0.0838 (0.0837)  loss_bbox_enc_0: 0.1136 (0.1022)  loss_bbox_pre: 0.0705 (0.0689)  loss_ddf_aux_0: 0.1794 (0.0595)  loss_ddf_aux_1: 0.0751 (0.0122)  loss_ddf_aux_2: 0.0039 (0.0005)  loss_ddf_aux_3: 0.0000 (0.0000)  loss_ddf_aux_4: 0.0000 (0.0000)  loss_ddf_dn_0: 1.0800 (0.7180)  loss_ddf_dn_1: 0.4678 (0.1165)  loss_ddf_dn_2: 0.1283 (0.0312)  loss_ddf_dn_3: 0.0027 (0.0028)  loss_ddf_dn_4: 0.0000 (0.0000)  loss_ddf_dn_5: 0.0000 (0.0000)  loss_fgl: 1.0043 (1.0197)  loss_fgl_aux_0: 1.0421 (1.0499)  loss_fgl_aux_1: 1.0057 (1.0225)  loss_fgl_aux_2: 1.0051 (1.0195)  loss_fgl_aux_3: 1.0044 (1.0196)  loss_fgl_aux_4: 1.0044 (1.0196)  loss_fgl_dn_0: 1.1148 (1.1273)  loss_fgl_dn_1: 0.9876 (1.0000)  loss_fgl_dn_2: 0.9784 (0.9922)  loss_fgl_dn_3: 0.9789 (0.9926)  loss_fgl_dn_4: 0.9790 (0.9927)  loss_fgl_dn_5: 0.9790 (0.9927)  loss_giou: 0.2667 (0.2780)  loss_giou_aux_0: 0.2835 (0.2904)  loss_giou_aux_1: 0.2682 (0.2796)  loss_giou_aux_2: 0.2652 (0.2780)  loss_giou_aux_3: 0.2668 (0.2780)  loss_giou_aux_4: 0.2667 (0.2780)  loss_giou_dn_0: 0.2967 (0.2918)  loss_giou_dn_1: 0.2183 (0.2224)  loss_giou_dn_2: 0.2109 (0.2177)  loss_giou_dn_3: 0.2109 (0.2175)  loss_giou_dn_4: 0.2109 (0.2175)  loss_giou_dn_5: 0.2110 (0.2175)  loss_giou_dn_pre: 0.2988 (0.2919)  loss_giou_enc_0: 0.3717 (0.3735)  loss_giou_pre: 0.2847 (0.2899)  loss_vfl: 0.3182 (0.3269)  loss_vfl_aux_0: 0.3684 (0.3799)  loss_vfl_aux_1: 0.3303 (0.3442)  loss_vfl_aux_2: 0.3174 (0.3319)  loss_vfl_aux_3: 0.3165 (0.3275)  loss_vfl_aux_4: 0.3180 (0.3266)  loss_vfl_dn_0: 0.3756 (0.3744)  loss_vfl_dn_1: 0.2949 (0.2940)  loss_vfl_dn_2: 0.2878 (0.2871)  loss_vfl_dn_3: 0.2871 (0.2858)  loss_vfl_dn_4: 0.2882 (0.2856)  loss_vfl_dn_5: 0.2883 (0.2858)  loss_vfl_dn_pre: 0.3767 (0.3759)  loss_vfl_enc_0: 0.4089 (0.4188)  loss_vfl_pre: 0.3748 (0.3796)  time: 0.8751  data: 0.0089  max mem: 17742
Epoch: [4/120]  [ 800/2360]  eta: 0:22:27  lr: 0.000009  loss: 22.9720 (23.4100)  loss_bbox: 0.0496 (0.0625)  loss_bbox_aux_0: 0.0703 (0.0689)  loss_bbox_aux_1: 0.0551 (0.0634)  loss_bbox_aux_2: 0.0498 (0.0625)  loss_bbox_aux_3: 0.0496 (0.0625)  loss_bbox_aux_4: 0.0496 (0.0625)  loss_bbox_dn_0: 0.0751 (0.0802)  loss_bbox_dn_1: 0.0474 (0.0567)  loss_bbox_dn_2: 0.0441 (0.0541)  loss_bbox_dn_3: 0.0439 (0.0539)  loss_bbox_dn_4: 0.0438 (0.0538)  loss_bbox_dn_5: 0.0438 (0.0538)  loss_bbox_dn_pre: 0.0825 (0.0839)  loss_bbox_enc_0: 0.0895 (0.1019)  loss_bbox_pre: 0.0696 (0.0688)  loss_ddf_aux_0: 0.0991 (0.0843)  loss_ddf_aux_1: 0.0181 (0.0193)  loss_ddf_aux_2: 0.0005 (0.0007)  loss_ddf_aux_3: 0.0000 (0.0000)  loss_ddf_aux_4: 0.0000 (0.0000)  loss_ddf_dn_0: 0.9956 (0.7987)  loss_ddf_dn_1: 0.5033 (0.1562)  loss_ddf_dn_2: 0.0451 (0.0345)  loss_ddf_dn_3: 0.0003 (0.0026)  loss_ddf_dn_4: 0.0000 (0.0000)  loss_ddf_dn_5: 0.0000 (0.0000)  loss_fgl: 1.0079 (1.0232)  loss_fgl_aux_0: 1.0249 (1.0499)  loss_fgl_aux_1: 1.0127 (1.0235)  loss_fgl_aux_2: 1.0071 (1.0224)  loss_fgl_aux_3: 1.0071 (1.0231)  loss_fgl_aux_4: 1.0075 (1.0231)  loss_fgl_dn_0: 1.0998 (1.1275)  loss_fgl_dn_1: 0.9881 (1.0013)  loss_fgl_dn_2: 0.9793 (0.9950)  loss_fgl_dn_3: 0.9804 (0.9960)  loss_fgl_dn_4: 0.9804 (0.9961)  loss_fgl_dn_5: 0.9805 (0.9961)  loss_giou: 0.2576 (0.2781)  loss_giou_aux_0: 0.2703 (0.2904)  loss_giou_aux_1: 0.2603 (0.2797)  loss_giou_aux_2: 0.2575 (0.2782)  loss_giou_aux_3: 0.2576 (0.2781)  loss_giou_aux_4: 0.2576 (0.2781)  loss_giou_dn_0: 0.2715 (0.2920)  loss_giou_dn_1: 0.2160 (0.2229)  loss_giou_dn_2: 0.2137 (0.2180)  loss_giou_dn_3: 0.2137 (0.2179)  loss_giou_dn_4: 0.2136 (0.2178)  loss_giou_dn_5: 0.2136 (0.2178)  loss_giou_dn_pre: 0.2719 (0.2922)  loss_giou_enc_0: 0.3403 (0.3733)  loss_giou_pre: 0.2699 (0.2899)  loss_vfl: 0.3032 (0.3263)  loss_vfl_aux_0: 0.3484 (0.3798)  loss_vfl_aux_1: 0.3180 (0.3435)  loss_vfl_aux_2: 0.3093 (0.3316)  loss_vfl_aux_3: 0.3012 (0.3270)  loss_vfl_aux_4: 0.3022 (0.3261)  loss_vfl_dn_0: 0.3645 (0.3749)  loss_vfl_dn_1: 0.2845 (0.2945)  loss_vfl_dn_2: 0.2778 (0.2876)  loss_vfl_dn_3: 0.2775 (0.2861)  loss_vfl_dn_4: 0.2773 (0.2858)  loss_vfl_dn_5: 0.2773 (0.2859)  loss_vfl_dn_pre: 0.3653 (0.3763)  loss_vfl_enc_0: 0.3893 (0.4179)  loss_vfl_pre: 0.3485 (0.3793)  time: 0.8249  data: 0.0088  max mem: 17742
Epoch: [4/120]  [ 900/2360]  eta: 0:20:52  lr: 0.000009  loss: 23.6343 (23.4881)  loss_bbox: 0.0430 (0.0621)  loss_bbox_aux_0: 0.0488 (0.0684)  loss_bbox_aux_1: 0.0445 (0.0630)  loss_bbox_aux_2: 0.0431 (0.0622)  loss_bbox_aux_3: 0.0431 (0.0621)  loss_bbox_aux_4: 0.0431 (0.0621)  loss_bbox_dn_0: 0.0689 (0.0801)  loss_bbox_dn_1: 0.0447 (0.0567)  loss_bbox_dn_2: 0.0439 (0.0540)  loss_bbox_dn_3: 0.0438 (0.0538)  loss_bbox_dn_4: 0.0438 (0.0537)  loss_bbox_dn_5: 0.0438 (0.0537)  loss_bbox_dn_pre: 0.0711 (0.0838)  loss_bbox_enc_0: 0.0822 (0.1012)  loss_bbox_pre: 0.0491 (0.0683)  loss_ddf_aux_0: 0.0777 (0.0844)  loss_ddf_aux_1: 0.0189 (0.0204)  loss_ddf_aux_2: 0.0006 (0.0007)  loss_ddf_aux_3: 0.0000 (0.0000)  loss_ddf_aux_4: 0.0000 (0.0000)  loss_ddf_dn_0: 0.9385 (0.8321)  loss_ddf_dn_1: 0.1856 (0.1790)  loss_ddf_dn_2: 0.0545 (0.0371)  loss_ddf_dn_3: 0.0006 (0.0024)  loss_ddf_dn_4: 0.0000 (0.0000)  loss_ddf_dn_5: 0.0000 (0.0000)  loss_fgl: 1.0279 (1.0239)  loss_fgl_aux_0: 1.0521 (1.0503)  loss_fgl_aux_1: 1.0354 (1.0246)  loss_fgl_aux_2: 1.0281 (1.0232)  loss_fgl_aux_3: 1.0281 (1.0238)  loss_fgl_aux_4: 1.0280 (1.0239)  loss_fgl_dn_0: 1.1323 (1.1278)  loss_fgl_dn_1: 0.9884 (1.0025)  loss_fgl_dn_2: 0.9851 (0.9959)  loss_fgl_dn_3: 0.9857 (0.9968)  loss_fgl_dn_4: 0.9857 (0.9969)  loss_fgl_dn_5: 0.9857 (0.9969)  loss_giou: 0.2568 (0.2792)  loss_giou_aux_0: 0.2831 (0.2911)  loss_giou_aux_1: 0.2630 (0.2807)  loss_giou_aux_2: 0.2572 (0.2792)  loss_giou_aux_3: 0.2567 (0.2792)  loss_giou_aux_4: 0.2568 (0.2792)  loss_giou_dn_0: 0.2880 (0.2921)  loss_giou_dn_1: 0.2172 (0.2233)  loss_giou_dn_2: 0.2100 (0.2184)  loss_giou_dn_3: 0.2100 (0.2182)  loss_giou_dn_4: 0.2100 (0.2182)  loss_giou_dn_5: 0.2099 (0.2182)  loss_giou_dn_pre: 0.2863 (0.2923)  loss_giou_enc_0: 0.3804 (0.3741)  loss_giou_pre: 0.2810 (0.2907)  loss_vfl: 0.3154 (0.3266)  loss_vfl_aux_0: 0.3824 (0.3810)  loss_vfl_aux_1: 0.3252 (0.3438)  loss_vfl_aux_2: 0.3155 (0.3318)  loss_vfl_aux_3: 0.3128 (0.3271)  loss_vfl_aux_4: 0.3129 (0.3263)  loss_vfl_dn_0: 0.3822 (0.3746)  loss_vfl_dn_1: 0.2953 (0.2945)  loss_vfl_dn_2: 0.2911 (0.2875)  loss_vfl_dn_3: 0.2891 (0.2861)  loss_vfl_dn_4: 0.2882 (0.2858)  loss_vfl_dn_5: 0.2883 (0.2859)  loss_vfl_dn_pre: 0.3824 (0.3760)  loss_vfl_enc_0: 0.4364 (0.4190)  loss_vfl_pre: 0.3778 (0.3805)  time: 0.7876  data: 0.0092  max mem: 17742
Epoch: [4/120]  [1000/2360]  eta: 0:19:19  lr: 0.000009  loss: 23.3020 (23.4368)  loss_bbox: 0.0522 (0.0615)  loss_bbox_aux_0: 0.0615 (0.0678)  loss_bbox_aux_1: 0.0538 (0.0625)  loss_bbox_aux_2: 0.0526 (0.0616)  loss_bbox_aux_3: 0.0522 (0.0615)  loss_bbox_aux_4: 0.0522 (0.0615)  loss_bbox_dn_0: 0.0840 (0.0798)  loss_bbox_dn_1: 0.0565 (0.0564)  loss_bbox_dn_2: 0.0524 (0.0537)  loss_bbox_dn_3: 0.0517 (0.0535)  loss_bbox_dn_4: 0.0512 (0.0535)  loss_bbox_dn_5: 0.0512 (0.0535)  loss_bbox_dn_pre: 0.0855 (0.0835)  loss_bbox_enc_0: 0.0804 (0.1004)  loss_bbox_pre: 0.0617 (0.0677)  loss_ddf_aux_0: 0.0524 (0.0826)  loss_ddf_aux_1: 0.0177 (0.0203)  loss_ddf_aux_2: 0.0007 (0.0007)  loss_ddf_aux_3: 0.0000 (0.0000)  loss_ddf_aux_4: 0.0000 (0.0000)  loss_ddf_dn_0: 0.5209 (0.8118)  loss_ddf_dn_1: 0.2018 (0.1780)  loss_ddf_dn_2: 0.0912 (0.0390)  loss_ddf_dn_3: 0.0019 (0.0023)  loss_ddf_dn_4: 0.0000 (0.0000)  loss_ddf_dn_5: 0.0000 (0.0000)  loss_fgl: 1.0557 (1.0234)  loss_fgl_aux_0: 1.0698 (1.0502)  loss_fgl_aux_1: 1.0522 (1.0244)  loss_fgl_aux_2: 1.0554 (1.0228)  loss_fgl_aux_3: 1.0558 (1.0233)  loss_fgl_aux_4: 1.0558 (1.0234)  loss_fgl_dn_0: 1.1320 (1.1273)  loss_fgl_dn_1: 1.0171 (1.0017)  loss_fgl_dn_2: 1.0081 (0.9948)  loss_fgl_dn_3: 1.0077 (0.9957)  loss_fgl_dn_4: 1.0080 (0.9958)  loss_fgl_dn_5: 1.0079 (0.9958)  loss_giou: 0.2812 (0.2783)  loss_giou_aux_0: 0.2887 (0.2903)  loss_giou_aux_1: 0.2855 (0.2798)  loss_giou_aux_2: 0.2815 (0.2782)  loss_giou_aux_3: 0.2813 (0.2783)  loss_giou_aux_4: 0.2812 (0.2783)  loss_giou_dn_0: 0.3008 (0.2915)  loss_giou_dn_1: 0.2227 (0.2228)  loss_giou_dn_2: 0.2183 (0.2179)  loss_giou_dn_3: 0.2183 (0.2178)  loss_giou_dn_4: 0.2182 (0.2177)  loss_giou_dn_5: 0.2182 (0.2177)  loss_giou_dn_pre: 0.3001 (0.2919)  loss_giou_enc_0: 0.3787 (0.3734)  loss_giou_pre: 0.2896 (0.2898)  loss_vfl: 0.3227 (0.3262)  loss_vfl_aux_0: 0.3717 (0.3806)  loss_vfl_aux_1: 0.3270 (0.3436)  loss_vfl_aux_2: 0.3231 (0.3313)  loss_vfl_aux_3: 0.3198 (0.3267)  loss_vfl_aux_4: 0.3225 (0.3259)  loss_vfl_dn_0: 0.3790 (0.3743)  loss_vfl_dn_1: 0.2973 (0.2943)  loss_vfl_dn_2: 0.2920 (0.2874)  loss_vfl_dn_3: 0.2900 (0.2859)  loss_vfl_dn_4: 0.2900 (0.2855)  loss_vfl_dn_5: 0.2906 (0.2857)  loss_vfl_dn_pre: 0.3801 (0.3756)  loss_vfl_enc_0: 0.4166 (0.4187)  loss_vfl_pre: 0.3717 (0.3800)  time: 0.7945  data: 0.0089  max mem: 17742
Epoch: [4/120]  [1100/2360]  eta: 0:17:52  lr: 0.000009  loss: 24.1896 (23.5315)  loss_bbox: 0.0527 (0.0615)  loss_bbox_aux_0: 0.0618 (0.0678)  loss_bbox_aux_1: 0.0527 (0.0625)  loss_bbox_aux_2: 0.0528 (0.0615)  loss_bbox_aux_3: 0.0527 (0.0615)  loss_bbox_aux_4: 0.0527 (0.0615)  loss_bbox_dn_0: 0.0761 (0.0797)  loss_bbox_dn_1: 0.0492 (0.0563)  loss_bbox_dn_2: 0.0467 (0.0537)  loss_bbox_dn_3: 0.0467 (0.0535)  loss_bbox_dn_4: 0.0463 (0.0534)  loss_bbox_dn_5: 0.0463 (0.0534)  loss_bbox_dn_pre: 0.0768 (0.0834)  loss_bbox_enc_0: 0.1078 (0.1006)  loss_bbox_pre: 0.0682 (0.0678)  loss_ddf_aux_0: 0.0861 (0.0824)  loss_ddf_aux_1: 0.0375 (0.0215)  loss_ddf_aux_2: 0.0016 (0.0008)  loss_ddf_aux_3: 0.0000 (0.0000)  loss_ddf_aux_4: 0.0000 (0.0000)  loss_ddf_dn_0: 1.0149 (0.8547)  loss_ddf_dn_1: 0.1615 (0.1950)  loss_ddf_dn_2: 0.0700 (0.0548)  loss_ddf_dn_3: 0.0041 (0.0023)  loss_ddf_dn_4: 0.0000 (0.0000)  loss_ddf_dn_5: 0.0000 (0.0000)  loss_fgl: 1.0383 (1.0243)  loss_fgl_aux_0: 1.0620 (1.0510)  loss_fgl_aux_1: 1.0377 (1.0254)  loss_fgl_aux_2: 1.0374 (1.0237)  loss_fgl_aux_3: 1.0378 (1.0242)  loss_fgl_aux_4: 1.0380 (1.0242)  loss_fgl_dn_0: 1.1393 (1.1274)  loss_fgl_dn_1: 1.0372 (1.0028)  loss_fgl_dn_2: 1.0340 (0.9961)  loss_fgl_dn_3: 1.0338 (0.9970)  loss_fgl_dn_4: 1.0331 (0.9970)  loss_fgl_dn_5: 1.0327 (0.9970)  loss_giou: 0.2693 (0.2784)  loss_giou_aux_0: 0.2845 (0.2904)  loss_giou_aux_1: 0.2746 (0.2800)  loss_giou_aux_2: 0.2696 (0.2784)  loss_giou_aux_3: 0.2696 (0.2784)  loss_giou_aux_4: 0.2692 (0.2784)  loss_giou_dn_0: 0.2918 (0.2917)  loss_giou_dn_1: 0.2283 (0.2230)  loss_giou_dn_2: 0.2239 (0.2180)  loss_giou_dn_3: 0.2238 (0.2179)  loss_giou_dn_4: 0.2237 (0.2179)  loss_giou_dn_5: 0.2238 (0.2179)  loss_giou_dn_pre: 0.2889 (0.2920)  loss_giou_enc_0: 0.3779 (0.3737)  loss_giou_pre: 0.2834 (0.2900)  loss_vfl: 0.3363 (0.3266)  loss_vfl_aux_0: 0.3792 (0.3805)  loss_vfl_aux_1: 0.3513 (0.3442)  loss_vfl_aux_2: 0.3310 (0.3318)  loss_vfl_aux_3: 0.3234 (0.3271)  loss_vfl_aux_4: 0.3358 (0.3263)  loss_vfl_dn_0: 0.3739 (0.3746)  loss_vfl_dn_1: 0.2946 (0.2945)  loss_vfl_dn_2: 0.2865 (0.2876)  loss_vfl_dn_3: 0.2860 (0.2861)  loss_vfl_dn_4: 0.2841 (0.2857)  loss_vfl_dn_5: 0.2840 (0.2859)  loss_vfl_dn_pre: 0.3774 (0.3760)  loss_vfl_enc_0: 0.4169 (0.4187)  loss_vfl_pre: 0.3778 (0.3799)  time: 0.8665  data: 0.0086  max mem: 17742
Epoch: [4/120]  [1200/2360]  eta: 0:16:26  lr: 0.000009  loss: 23.5263 (23.5141)  loss_bbox: 0.0503 (0.0615)  loss_bbox_aux_0: 0.0522 (0.0679)  loss_bbox_aux_1: 0.0510 (0.0624)  loss_bbox_aux_2: 0.0500 (0.0615)  loss_bbox_aux_3: 0.0502 (0.0615)  loss_bbox_aux_4: 0.0502 (0.0615)  loss_bbox_dn_0: 0.0631 (0.0798)  loss_bbox_dn_1: 0.0446 (0.0563)  loss_bbox_dn_2: 0.0417 (0.0537)  loss_bbox_dn_3: 0.0413 (0.0535)  loss_bbox_dn_4: 0.0411 (0.0534)  loss_bbox_dn_5: 0.0411 (0.0534)  loss_bbox_dn_pre: 0.0654 (0.0834)  loss_bbox_enc_0: 0.0782 (0.1005)  loss_bbox_pre: 0.0516 (0.0679)  loss_ddf_aux_0: 0.0679 (0.0808)  loss_ddf_aux_1: 0.0205 (0.0216)  loss_ddf_aux_2: 0.0019 (0.0009)  loss_ddf_aux_3: 0.0000 (0.0000)  loss_ddf_aux_4: 0.0000 (0.0000)  loss_ddf_dn_0: 0.7003 (0.8378)  loss_ddf_dn_1: 0.4865 (0.2041)  loss_ddf_dn_2: 0.4124 (0.0712)  loss_ddf_dn_3: 0.0064 (0.0027)  loss_ddf_dn_4: 0.0000 (0.0000)  loss_ddf_dn_5: 0.0000 (0.0000)  loss_fgl: 0.9904 (1.0228)  loss_fgl_aux_0: 1.0140 (1.0499)  loss_fgl_aux_1: 0.9929 (1.0241)  loss_fgl_aux_2: 0.9904 (1.0223)  loss_fgl_aux_3: 0.9906 (1.0228)  loss_fgl_aux_4: 0.9905 (1.0228)  loss_fgl_dn_0: 1.1029 (1.1266)  loss_fgl_dn_1: 0.9909 (1.0018)  loss_fgl_dn_2: 0.9828 (0.9951)  loss_fgl_dn_3: 0.9844 (0.9959)  loss_fgl_dn_4: 0.9846 (0.9959)  loss_fgl_dn_5: 0.9846 (0.9959)  loss_giou: 0.2541 (0.2777)  loss_giou_aux_0: 0.2646 (0.2898)  loss_giou_aux_1: 0.2576 (0.2794)  loss_giou_aux_2: 0.2538 (0.2777)  loss_giou_aux_3: 0.2541 (0.2777)  loss_giou_aux_4: 0.2541 (0.2777)  loss_giou_dn_0: 0.2743 (0.2913)  loss_giou_dn_1: 0.2075 (0.2226)  loss_giou_dn_2: 0.2032 (0.2177)  loss_giou_dn_3: 0.2033 (0.2176)  loss_giou_dn_4: 0.2032 (0.2175)  loss_giou_dn_5: 0.2032 (0.2175)  loss_giou_dn_pre: 0.2767 (0.2916)  loss_giou_enc_0: 0.3556 (0.3732)  loss_giou_pre: 0.2634 (0.2894)  loss_vfl: 0.3096 (0.3261)  loss_vfl_aux_0: 0.3612 (0.3804)  loss_vfl_aux_1: 0.3071 (0.3435)  loss_vfl_aux_2: 0.2966 (0.3313)  loss_vfl_aux_3: 0.3081 (0.3267)  loss_vfl_aux_4: 0.3071 (0.3259)  loss_vfl_dn_0: 0.3695 (0.3747)  loss_vfl_dn_1: 0.2921 (0.2949)  loss_vfl_dn_2: 0.2792 (0.2877)  loss_vfl_dn_3: 0.2793 (0.2859)  loss_vfl_dn_4: 0.2794 (0.2855)  loss_vfl_dn_5: 0.2791 (0.2857)  loss_vfl_dn_pre: 0.3728 (0.3760)  loss_vfl_enc_0: 0.3890 (0.4183)  loss_vfl_pre: 0.3592 (0.3799)  time: 0.8398  data: 0.0087  max mem: 17742
Epoch: [4/120]  [1300/2360]  eta: 0:14:56  lr: 0.000009  loss: 23.3444 (23.6540)  loss_bbox: 0.0446 (0.0611)  loss_bbox_aux_0: 0.0527 (0.0676)  loss_bbox_aux_1: 0.0471 (0.0620)  loss_bbox_aux_2: 0.0447 (0.0611)  loss_bbox_aux_3: 0.0446 (0.0611)  loss_bbox_aux_4: 0.0446 (0.0611)  loss_bbox_dn_0: 0.0687 (0.0795)  loss_bbox_dn_1: 0.0435 (0.0562)  loss_bbox_dn_2: 0.0414 (0.0535)  loss_bbox_dn_3: 0.0415 (0.0533)  loss_bbox_dn_4: 0.0414 (0.0533)  loss_bbox_dn_5: 0.0414 (0.0533)  loss_bbox_dn_pre: 0.0714 (0.0831)  loss_bbox_enc_0: 0.0817 (0.1003)  loss_bbox_pre: 0.0523 (0.0675)  loss_ddf_aux_0: 0.0403 (0.0794)  loss_ddf_aux_1: 0.0099 (0.0213)  loss_ddf_aux_2: 0.0008 (0.0010)  loss_ddf_aux_3: 0.0000 (0.0000)  loss_ddf_aux_4: 0.0000 (0.0000)  loss_ddf_dn_0: 0.7512 (0.8792)  loss_ddf_dn_1: 0.0871 (0.2350)  loss_ddf_dn_2: 0.0352 (0.1055)  loss_ddf_dn_3: 0.0050 (0.0028)  loss_ddf_dn_4: 0.0000 (0.0000)  loss_ddf_dn_5: 0.0000 (0.0000)  loss_fgl: 1.0285 (1.0240)  loss_fgl_aux_0: 1.0536 (1.0513)  loss_fgl_aux_1: 1.0440 (1.0255)  loss_fgl_aux_2: 1.0292 (1.0235)  loss_fgl_aux_3: 1.0289 (1.0240)  loss_fgl_aux_4: 1.0287 (1.0240)  loss_fgl_dn_0: 1.1441 (1.1287)  loss_fgl_dn_1: 1.0273 (1.0048)  loss_fgl_dn_2: 1.0100 (0.9981)  loss_fgl_dn_3: 1.0101 (0.9990)  loss_fgl_dn_4: 1.0076 (0.9990)  loss_fgl_dn_5: 1.0075 (0.9990)  loss_giou: 0.2695 (0.2775)  loss_giou_aux_0: 0.2835 (0.2897)  loss_giou_aux_1: 0.2722 (0.2792)  loss_giou_aux_2: 0.2697 (0.2775)  loss_giou_aux_3: 0.2695 (0.2775)  loss_giou_aux_4: 0.2695 (0.2775)  loss_giou_dn_0: 0.2935 (0.2919)  loss_giou_dn_1: 0.2228 (0.2233)  loss_giou_dn_2: 0.2181 (0.2182)  loss_giou_dn_3: 0.2181 (0.2181)  loss_giou_dn_4: 0.2175 (0.2181)  loss_giou_dn_5: 0.2175 (0.2181)  loss_giou_dn_pre: 0.2976 (0.2921)  loss_giou_enc_0: 0.3789 (0.3733)  loss_giou_pre: 0.2799 (0.2892)  loss_vfl: 0.3365 (0.3269)  loss_vfl_aux_0: 0.3988 (0.3814)  loss_vfl_aux_1: 0.3462 (0.3444)  loss_vfl_aux_2: 0.3384 (0.3320)  loss_vfl_aux_3: 0.3359 (0.3275)  loss_vfl_aux_4: 0.3382 (0.3267)  loss_vfl_dn_0: 0.3756 (0.3754)  loss_vfl_dn_1: 0.2985 (0.2956)  loss_vfl_dn_2: 0.2913 (0.2882)  loss_vfl_dn_3: 0.2913 (0.2865)  loss_vfl_dn_4: 0.2893 (0.2861)  loss_vfl_dn_5: 0.2895 (0.2862)  loss_vfl_dn_pre: 0.3761 (0.3768)  loss_vfl_enc_0: 0.4137 (0.4190)  loss_vfl_pre: 0.3969 (0.3809)  time: 0.7645  data: 0.0089  max mem: 17742
Epoch: [4/120]  [1400/2360]  eta: 0:13:30  lr: 0.000009  loss: 22.2877 (23.6040)  loss_bbox: 0.0472 (0.0608)  loss_bbox_aux_0: 0.0597 (0.0673)  loss_bbox_aux_1: 0.0483 (0.0618)  loss_bbox_aux_2: 0.0474 (0.0608)  loss_bbox_aux_3: 0.0473 (0.0608)  loss_bbox_aux_4: 0.0473 (0.0608)  loss_bbox_dn_0: 0.0613 (0.0791)  loss_bbox_dn_1: 0.0446 (0.0559)  loss_bbox_dn_2: 0.0444 (0.0533)  loss_bbox_dn_3: 0.0444 (0.0532)  loss_bbox_dn_4: 0.0444 (0.0530)  loss_bbox_dn_5: 0.0444 (0.0530)  loss_bbox_dn_pre: 0.0673 (0.0826)  loss_bbox_enc_0: 0.0748 (0.0997)  loss_bbox_pre: 0.0597 (0.0671)  loss_ddf_aux_0: 0.0504 (0.0770)  loss_ddf_aux_1: 0.0258 (0.0212)  loss_ddf_aux_2: 0.0026 (0.0011)  loss_ddf_aux_3: 0.0000 (0.0000)  loss_ddf_aux_4: 0.0000 (0.0000)  loss_ddf_dn_0: 0.4783 (0.8482)  loss_ddf_dn_1: 0.1691 (0.2287)  loss_ddf_dn_2: 0.0840 (0.1033)  loss_ddf_dn_3: 0.0177 (0.0036)  loss_ddf_dn_4: 0.0000 (0.0000)  loss_ddf_dn_5: 0.0000 (0.0000)  loss_fgl: 1.0046 (1.0243)  loss_fgl_aux_0: 1.0378 (1.0517)  loss_fgl_aux_1: 1.0075 (1.0258)  loss_fgl_aux_2: 1.0036 (1.0237)  loss_fgl_aux_3: 1.0039 (1.0242)  loss_fgl_aux_4: 1.0043 (1.0243)  loss_fgl_dn_0: 1.0845 (1.1278)  loss_fgl_dn_1: 0.9721 (1.0042)  loss_fgl_dn_2: 0.9643 (0.9974)  loss_fgl_dn_3: 0.9645 (0.9983)  loss_fgl_dn_4: 0.9646 (0.9982)  loss_fgl_dn_5: 0.9648 (0.9982)  loss_giou: 0.2661 (0.2780)  loss_giou_aux_0: 0.2793 (0.2901)  loss_giou_aux_1: 0.2675 (0.2797)  loss_giou_aux_2: 0.2658 (0.2780)  loss_giou_aux_3: 0.2661 (0.2780)  loss_giou_aux_4: 0.2661 (0.2780)  loss_giou_dn_0: 0.2687 (0.2917)  loss_giou_dn_1: 0.2132 (0.2232)  loss_giou_dn_2: 0.2099 (0.2182)  loss_giou_dn_3: 0.2099 (0.2181)  loss_giou_dn_4: 0.2097 (0.2181)  loss_giou_dn_5: 0.2097 (0.2181)  loss_giou_dn_pre: 0.2697 (0.2919)  loss_giou_enc_0: 0.3322 (0.3735)  loss_giou_pre: 0.2775 (0.2896)  loss_vfl: 0.2988 (0.3265)  loss_vfl_aux_0: 0.3405 (0.3804)  loss_vfl_aux_1: 0.3123 (0.3437)  loss_vfl_aux_2: 0.3093 (0.3318)  loss_vfl_aux_3: 0.3067 (0.3271)  loss_vfl_aux_4: 0.3011 (0.3263)  loss_vfl_dn_0: 0.3625 (0.3753)  loss_vfl_dn_1: 0.2944 (0.2962)  loss_vfl_dn_2: 0.2834 (0.2885)  loss_vfl_dn_3: 0.2820 (0.2866)  loss_vfl_dn_4: 0.2808 (0.2862)  loss_vfl_dn_5: 0.2813 (0.2863)  loss_vfl_dn_pre: 0.3643 (0.3766)  loss_vfl_enc_0: 0.3849 (0.4178)  loss_vfl_pre: 0.3386 (0.3800)  time: 0.8160  data: 0.0087  max mem: 17742
Epoch: [4/120]  [1500/2360]  eta: 0:11:58  lr: 0.000009  loss: 22.7836 (23.5509)  loss_bbox: 0.0550 (0.0610)  loss_bbox_aux_0: 0.0678 (0.0676)  loss_bbox_aux_1: 0.0609 (0.0620)  loss_bbox_aux_2: 0.0551 (0.0611)  loss_bbox_aux_3: 0.0550 (0.0610)  loss_bbox_aux_4: 0.0550 (0.0610)  loss_bbox_dn_0: 0.0730 (0.0793)  loss_bbox_dn_1: 0.0512 (0.0561)  loss_bbox_dn_2: 0.0480 (0.0534)  loss_bbox_dn_3: 0.0479 (0.0533)  loss_bbox_dn_4: 0.0481 (0.0531)  loss_bbox_dn_5: 0.0481 (0.0531)  loss_bbox_dn_pre: 0.0733 (0.0829)  loss_bbox_enc_0: 0.1116 (0.1007)  loss_bbox_pre: 0.0659 (0.0674)  loss_ddf_aux_0: 0.0551 (0.0756)  loss_ddf_aux_1: 0.0201 (0.0216)  loss_ddf_aux_2: 0.0025 (0.0013)  loss_ddf_aux_3: 0.0001 (0.0000)  loss_ddf_aux_4: 0.0000 (0.0000)  loss_ddf_dn_0: 0.1953 (0.8099)  loss_ddf_dn_1: 0.0355 (0.2182)  loss_ddf_dn_2: 0.0120 (0.0986)  loss_ddf_dn_3: 0.0044 (0.0038)  loss_ddf_dn_4: 0.0000 (0.0000)  loss_ddf_dn_5: 0.0000 (0.0000)  loss_fgl: 1.0142 (1.0239)  loss_fgl_aux_0: 1.0448 (1.0517)  loss_fgl_aux_1: 1.0218 (1.0255)  loss_fgl_aux_2: 1.0137 (1.0234)  loss_fgl_aux_3: 1.0143 (1.0238)  loss_fgl_aux_4: 1.0142 (1.0238)  loss_fgl_dn_0: 1.1227 (1.1270)  loss_fgl_dn_1: 1.0064 (1.0037)  loss_fgl_dn_2: 1.0031 (0.9969)  loss_fgl_dn_3: 1.0033 (0.9977)  loss_fgl_dn_4: 1.0035 (0.9977)  loss_fgl_dn_5: 1.0035 (0.9977)  loss_giou: 0.2662 (0.2783)  loss_giou_aux_0: 0.2991 (0.2905)  loss_giou_aux_1: 0.2758 (0.2801)  loss_giou_aux_2: 0.2666 (0.2784)  loss_giou_aux_3: 0.2664 (0.2783)  loss_giou_aux_4: 0.2663 (0.2783)  loss_giou_dn_0: 0.2973 (0.2915)  loss_giou_dn_1: 0.2222 (0.2232)  loss_giou_dn_2: 0.2142 (0.2182)  loss_giou_dn_3: 0.2142 (0.2181)  loss_giou_dn_4: 0.2145 (0.2181)  loss_giou_dn_5: 0.2146 (0.2181)  loss_giou_dn_pre: 0.2986 (0.2917)  loss_giou_enc_0: 0.4158 (0.3741)  loss_giou_pre: 0.2987 (0.2899)  loss_vfl: 0.3263 (0.3267)  loss_vfl_aux_0: 0.3606 (0.3800)  loss_vfl_aux_1: 0.3396 (0.3440)  loss_vfl_aux_2: 0.3302 (0.3319)  loss_vfl_aux_3: 0.3263 (0.3273)  loss_vfl_aux_4: 0.3261 (0.3265)  loss_vfl_dn_0: 0.3799 (0.3751)  loss_vfl_dn_1: 0.2936 (0.2962)  loss_vfl_dn_2: 0.2874 (0.2884)  loss_vfl_dn_3: 0.2868 (0.2867)  loss_vfl_dn_4: 0.2882 (0.2861)  loss_vfl_dn_5: 0.2885 (0.2863)  loss_vfl_dn_pre: 0.3826 (0.3765)  loss_vfl_enc_0: 0.4178 (0.4179)  loss_vfl_pre: 0.3653 (0.3796)  time: 0.6244  data: 0.0088  max mem: 17742
Epoch: [4/120]  [1600/2360]  eta: 0:10:25  lr: 0.000009  loss: 23.0055 (23.5057)  loss_bbox: 0.0549 (0.0616)  loss_bbox_aux_0: 0.0555 (0.0684)  loss_bbox_aux_1: 0.0569 (0.0626)  loss_bbox_aux_2: 0.0543 (0.0617)  loss_bbox_aux_3: 0.0547 (0.0616)  loss_bbox_aux_4: 0.0548 (0.0616)  loss_bbox_dn_0: 0.0693 (0.0798)  loss_bbox_dn_1: 0.0438 (0.0563)  loss_bbox_dn_2: 0.0422 (0.0537)  loss_bbox_dn_3: 0.0422 (0.0535)  loss_bbox_dn_4: 0.0421 (0.0534)  loss_bbox_dn_5: 0.0421 (0.0534)  loss_bbox_dn_pre: 0.0665 (0.0833)  loss_bbox_enc_0: 0.0988 (0.1026)  loss_bbox_pre: 0.0562 (0.0682)  loss_ddf_aux_0: 0.0386 (0.0741)  loss_ddf_aux_1: 0.0161 (0.0215)  loss_ddf_aux_2: 0.0023 (0.0013)  loss_ddf_aux_3: 0.0000 (0.0000)  loss_ddf_aux_4: 0.0000 (0.0000)  loss_ddf_dn_0: 0.3352 (0.7785)  loss_ddf_dn_1: 0.0559 (0.2084)  loss_ddf_dn_2: 0.0197 (0.0941)  loss_ddf_dn_3: 0.0080 (0.0041)  loss_ddf_dn_4: 0.0000 (0.0000)  loss_ddf_dn_5: 0.0000 (0.0000)  loss_fgl: 1.0502 (1.0236)  loss_fgl_aux_0: 1.0844 (1.0519)  loss_fgl_aux_1: 1.0558 (1.0253)  loss_fgl_aux_2: 1.0502 (1.0231)  loss_fgl_aux_3: 1.0503 (1.0235)  loss_fgl_aux_4: 1.0503 (1.0235)  loss_fgl_dn_0: 1.1271 (1.1263)  loss_fgl_dn_1: 1.0156 (1.0029)  loss_fgl_dn_2: 1.0142 (0.9962)  loss_fgl_dn_3: 1.0148 (0.9970)  loss_fgl_dn_4: 1.0124 (0.9970)  loss_fgl_dn_5: 1.0123 (0.9970)  loss_giou: 0.2879 (0.2782)  loss_giou_aux_0: 0.2916 (0.2905)  loss_giou_aux_1: 0.2833 (0.2800)  loss_giou_aux_2: 0.2866 (0.2782)  loss_giou_aux_3: 0.2875 (0.2782)  loss_giou_aux_4: 0.2878 (0.2782)  loss_giou_dn_0: 0.2845 (0.2914)  loss_giou_dn_1: 0.2191 (0.2230)  loss_giou_dn_2: 0.2169 (0.2180)  loss_giou_dn_3: 0.2169 (0.2179)  loss_giou_dn_4: 0.2168 (0.2178)  loss_giou_dn_5: 0.2169 (0.2178)  loss_giou_dn_pre: 0.2818 (0.2916)  loss_giou_enc_0: 0.3790 (0.3745)  loss_giou_pre: 0.2901 (0.2900)  loss_vfl: 0.3227 (0.3266)  loss_vfl_aux_0: 0.3783 (0.3804)  loss_vfl_aux_1: 0.3387 (0.3440)  loss_vfl_aux_2: 0.3282 (0.3317)  loss_vfl_aux_3: 0.3223 (0.3271)  loss_vfl_aux_4: 0.3232 (0.3264)  loss_vfl_dn_0: 0.3748 (0.3750)  loss_vfl_dn_1: 0.2957 (0.2961)  loss_vfl_dn_2: 0.2918 (0.2883)  loss_vfl_dn_3: 0.2920 (0.2866)  loss_vfl_dn_4: 0.2913 (0.2861)  loss_vfl_dn_5: 0.2917 (0.2862)  loss_vfl_dn_pre: 0.3750 (0.3764)  loss_vfl_enc_0: 0.4196 (0.4184)  loss_vfl_pre: 0.3783 (0.3799)  time: 0.6171  data: 0.0086  max mem: 17742
Epoch: [4/120]  [1700/2360]  eta: 0:08:55  lr: 0.000009  loss: 22.8042 (23.4685)  loss_bbox: 0.0572 (0.0620)  loss_bbox_aux_0: 0.0724 (0.0688)  loss_bbox_aux_1: 0.0597 (0.0630)  loss_bbox_aux_2: 0.0580 (0.0620)  loss_bbox_aux_3: 0.0573 (0.0620)  loss_bbox_aux_4: 0.0572 (0.0620)  loss_bbox_dn_0: 0.0848 (0.0801)  loss_bbox_dn_1: 0.0630 (0.0566)  loss_bbox_dn_2: 0.0561 (0.0540)  loss_bbox_dn_3: 0.0556 (0.0538)  loss_bbox_dn_4: 0.0549 (0.0537)  loss_bbox_dn_5: 0.0549 (0.0537)  loss_bbox_dn_pre: 0.0877 (0.0837)  loss_bbox_enc_0: 0.1278 (0.1033)  loss_bbox_pre: 0.0716 (0.0686)  loss_ddf_aux_0: 0.0374 (0.0723)  loss_ddf_aux_1: 0.0152 (0.0214)  loss_ddf_aux_2: 0.0018 (0.0014)  loss_ddf_aux_3: 0.0000 (0.0000)  loss_ddf_aux_4: 0.0000 (0.0000)  loss_ddf_dn_0: 0.3039 (0.7539)  loss_ddf_dn_1: 0.0289 (0.1985)  loss_ddf_dn_2: 0.0081 (0.0892)  loss_ddf_dn_3: 0.0028 (0.0040)  loss_ddf_dn_4: 0.0000 (0.0000)  loss_ddf_dn_5: 0.0000 (0.0000)  loss_fgl: 1.0395 (1.0232)  loss_fgl_aux_0: 1.0682 (1.0519)  loss_fgl_aux_1: 1.0436 (1.0251)  loss_fgl_aux_2: 1.0394 (1.0228)  loss_fgl_aux_3: 1.0395 (1.0232)  loss_fgl_aux_4: 1.0395 (1.0232)  loss_fgl_dn_0: 1.1219 (1.1257)  loss_fgl_dn_1: 0.9967 (1.0023)  loss_fgl_dn_2: 0.9901 (0.9956)  loss_fgl_dn_3: 0.9903 (0.9964)  loss_fgl_dn_4: 0.9905 (0.9963)  loss_fgl_dn_5: 0.9905 (0.9963)  loss_giou: 0.2665 (0.2786)  loss_giou_aux_0: 0.2818 (0.2910)  loss_giou_aux_1: 0.2685 (0.2804)  loss_giou_aux_2: 0.2662 (0.2786)  loss_giou_aux_3: 0.2664 (0.2786)  loss_giou_aux_4: 0.2664 (0.2786)  loss_giou_dn_0: 0.2824 (0.2915)  loss_giou_dn_1: 0.2149 (0.2230)  loss_giou_dn_2: 0.2117 (0.2181)  loss_giou_dn_3: 0.2117 (0.2180)  loss_giou_dn_4: 0.2117 (0.2179)  loss_giou_dn_5: 0.2117 (0.2179)  loss_giou_dn_pre: 0.2858 (0.2917)  loss_giou_enc_0: 0.3687 (0.3751)  loss_giou_pre: 0.2836 (0.2904)  loss_vfl: 0.3267 (0.3267)  loss_vfl_aux_0: 0.3761 (0.3803)  loss_vfl_aux_1: 0.3341 (0.3439)  loss_vfl_aux_2: 0.3297 (0.3317)  loss_vfl_aux_3: 0.3288 (0.3274)  loss_vfl_aux_4: 0.3262 (0.3265)  loss_vfl_dn_0: 0.3760 (0.3748)  loss_vfl_dn_1: 0.2885 (0.2959)  loss_vfl_dn_2: 0.2840 (0.2883)  loss_vfl_dn_3: 0.2840 (0.2866)  loss_vfl_dn_4: 0.2826 (0.2861)  loss_vfl_dn_5: 0.2838 (0.2862)  loss_vfl_dn_pre: 0.3773 (0.3763)  loss_vfl_enc_0: 0.4198 (0.4185)  loss_vfl_pre: 0.3761 (0.3799)  time: 0.6460  data: 0.0089  max mem: 17742
Epoch: [4/120]  [1800/2360]  eta: 0:07:28  lr: 0.000009  loss: 23.0384 (23.4414)  loss_bbox: 0.0501 (0.0621)  loss_bbox_aux_0: 0.0582 (0.0689)  loss_bbox_aux_1: 0.0500 (0.0631)  loss_bbox_aux_2: 0.0499 (0.0622)  loss_bbox_aux_3: 0.0500 (0.0621)  loss_bbox_aux_4: 0.0500 (0.0621)  loss_bbox_dn_0: 0.0806 (0.0801)  loss_bbox_dn_1: 0.0470 (0.0567)  loss_bbox_dn_2: 0.0439 (0.0540)  loss_bbox_dn_3: 0.0438 (0.0539)  loss_bbox_dn_4: 0.0438 (0.0538)  loss_bbox_dn_5: 0.0438 (0.0538)  loss_bbox_dn_pre: 0.0808 (0.0836)  loss_bbox_enc_0: 0.0955 (0.1037)  loss_bbox_pre: 0.0592 (0.0688)  loss_ddf_aux_0: 0.0463 (0.0710)  loss_ddf_aux_1: 0.0182 (0.0213)  loss_ddf_aux_2: 0.0025 (0.0015)  loss_ddf_aux_3: 0.0000 (0.0000)  loss_ddf_aux_4: 0.0000 (0.0000)  loss_ddf_dn_0: 0.3756 (0.7311)  loss_ddf_dn_1: 0.0414 (0.1894)  loss_ddf_dn_2: 0.0142 (0.0848)  loss_ddf_dn_3: 0.0060 (0.0041)  loss_ddf_dn_4: 0.0000 (0.0000)  loss_ddf_dn_5: 0.0000 (0.0000)  loss_fgl: 1.0119 (1.0233)  loss_fgl_aux_0: 1.0533 (1.0521)  loss_fgl_aux_1: 1.0221 (1.0252)  loss_fgl_aux_2: 1.0118 (1.0228)  loss_fgl_aux_3: 1.0117 (1.0232)  loss_fgl_aux_4: 1.0118 (1.0233)  loss_fgl_dn_0: 1.1066 (1.1251)  loss_fgl_dn_1: 0.9825 (1.0018)  loss_fgl_dn_2: 0.9634 (0.9950)  loss_fgl_dn_3: 0.9636 (0.9958)  loss_fgl_dn_4: 0.9637 (0.9958)  loss_fgl_dn_5: 0.9637 (0.9958)  loss_giou: 0.2854 (0.2796)  loss_giou_aux_0: 0.3065 (0.2921)  loss_giou_aux_1: 0.2827 (0.2814)  loss_giou_aux_2: 0.2850 (0.2796)  loss_giou_aux_3: 0.2853 (0.2796)  loss_giou_aux_4: 0.2854 (0.2796)  loss_giou_dn_0: 0.3047 (0.2917)  loss_giou_dn_1: 0.2280 (0.2232)  loss_giou_dn_2: 0.2196 (0.2183)  loss_giou_dn_3: 0.2195 (0.2182)  loss_giou_dn_4: 0.2193 (0.2181)  loss_giou_dn_5: 0.2193 (0.2181)  loss_giou_dn_pre: 0.3020 (0.2918)  loss_giou_enc_0: 0.4135 (0.3763)  loss_giou_pre: 0.2966 (0.2915)  loss_vfl: 0.3232 (0.3267)  loss_vfl_aux_0: 0.3752 (0.3810)  loss_vfl_aux_1: 0.3414 (0.3440)  loss_vfl_aux_2: 0.3288 (0.3319)  loss_vfl_aux_3: 0.3284 (0.3275)  loss_vfl_aux_4: 0.3243 (0.3265)  loss_vfl_dn_0: 0.3786 (0.3749)  loss_vfl_dn_1: 0.2947 (0.2958)  loss_vfl_dn_2: 0.2872 (0.2883)  loss_vfl_dn_3: 0.2881 (0.2866)  loss_vfl_dn_4: 0.2873 (0.2861)  loss_vfl_dn_5: 0.2881 (0.2863)  loss_vfl_dn_pre: 0.3799 (0.3763)  loss_vfl_enc_0: 0.4131 (0.4188)  loss_vfl_pre: 0.3766 (0.3805)  time: 0.6159  data: 0.0086  max mem: 17742
Epoch: [4/120]  [1900/2360]  eta: 0:06:04  lr: 0.000009  loss: 22.8215 (23.4138)  loss_bbox: 0.0523 (0.0621)  loss_bbox_aux_0: 0.0572 (0.0689)  loss_bbox_aux_1: 0.0530 (0.0631)  loss_bbox_aux_2: 0.0522 (0.0621)  loss_bbox_aux_3: 0.0523 (0.0621)  loss_bbox_aux_4: 0.0523 (0.0621)  loss_bbox_dn_0: 0.0652 (0.0800)  loss_bbox_dn_1: 0.0458 (0.0566)  loss_bbox_dn_2: 0.0426 (0.0540)  loss_bbox_dn_3: 0.0426 (0.0538)  loss_bbox_dn_4: 0.0424 (0.0537)  loss_bbox_dn_5: 0.0424 (0.0537)  loss_bbox_dn_pre: 0.0693 (0.0836)  loss_bbox_enc_0: 0.0891 (0.1041)  loss_bbox_pre: 0.0567 (0.0688)  loss_ddf_aux_0: 0.0583 (0.0698)  loss_ddf_aux_1: 0.0224 (0.0212)  loss_ddf_aux_2: 0.0031 (0.0015)  loss_ddf_aux_3: 0.0001 (0.0000)  loss_ddf_aux_4: 0.0000 (0.0000)  loss_ddf_dn_0: 0.6171 (0.7224)  loss_ddf_dn_1: 0.0434 (0.1819)  loss_ddf_dn_2: 0.0103 (0.0809)  loss_ddf_dn_3: 0.0038 (0.0041)  loss_ddf_dn_4: 0.0000 (0.0000)  loss_ddf_dn_5: 0.0000 (0.0000)  loss_fgl: 1.0102 (1.0235)  loss_fgl_aux_0: 1.0427 (1.0523)  loss_fgl_aux_1: 1.0125 (1.0253)  loss_fgl_aux_2: 1.0098 (1.0230)  loss_fgl_aux_3: 1.0098 (1.0234)  loss_fgl_aux_4: 1.0100 (1.0234)  loss_fgl_dn_0: 1.1286 (1.1246)  loss_fgl_dn_1: 0.9789 (1.0013)  loss_fgl_dn_2: 0.9656 (0.9945)  loss_fgl_dn_3: 0.9660 (0.9953)  loss_fgl_dn_4: 0.9663 (0.9953)  loss_fgl_dn_5: 0.9663 (0.9953)  loss_giou: 0.2566 (0.2794)  loss_giou_aux_0: 0.2680 (0.2920)  loss_giou_aux_1: 0.2640 (0.2813)  loss_giou_aux_2: 0.2567 (0.2795)  loss_giou_aux_3: 0.2566 (0.2794)  loss_giou_aux_4: 0.2566 (0.2794)  loss_giou_dn_0: 0.2830 (0.2915)  loss_giou_dn_1: 0.2136 (0.2231)  loss_giou_dn_2: 0.2081 (0.2182)  loss_giou_dn_3: 0.2071 (0.2181)  loss_giou_dn_4: 0.2067 (0.2180)  loss_giou_dn_5: 0.2067 (0.2180)  loss_giou_dn_pre: 0.2864 (0.2916)  loss_giou_enc_0: 0.3695 (0.3766)  loss_giou_pre: 0.2700 (0.2914)  loss_vfl: 0.3223 (0.3265)  loss_vfl_aux_0: 0.3638 (0.3807)  loss_vfl_aux_1: 0.3438 (0.3438)  loss_vfl_aux_2: 0.3288 (0.3318)  loss_vfl_aux_3: 0.3306 (0.3274)  loss_vfl_aux_4: 0.3197 (0.3263)  loss_vfl_dn_0: 0.3687 (0.3746)  loss_vfl_dn_1: 0.2865 (0.2955)  loss_vfl_dn_2: 0.2834 (0.2881)  loss_vfl_dn_3: 0.2833 (0.2865)  loss_vfl_dn_4: 0.2833 (0.2860)  loss_vfl_dn_5: 0.2835 (0.2862)  loss_vfl_dn_pre: 0.3708 (0.3760)  loss_vfl_enc_0: 0.3962 (0.4186)  loss_vfl_pre: 0.3650 (0.3803)  time: 0.6035  data: 0.0085  max mem: 17742
Epoch: [4/120]  [2000/2360]  eta: 0:04:42  lr: 0.000009  loss: 21.8823 (23.3747)  loss_bbox: 0.0477 (0.0623)  loss_bbox_aux_0: 0.0551 (0.0691)  loss_bbox_aux_1: 0.0485 (0.0633)  loss_bbox_aux_2: 0.0477 (0.0623)  loss_bbox_aux_3: 0.0477 (0.0623)  loss_bbox_aux_4: 0.0477 (0.0623)  loss_bbox_dn_0: 0.0700 (0.0802)  loss_bbox_dn_1: 0.0450 (0.0567)  loss_bbox_dn_2: 0.0440 (0.0540)  loss_bbox_dn_3: 0.0440 (0.0539)  loss_bbox_dn_4: 0.0440 (0.0538)  loss_bbox_dn_5: 0.0440 (0.0538)  loss_bbox_dn_pre: 0.0741 (0.0837)  loss_bbox_enc_0: 0.0867 (0.1045)  loss_bbox_pre: 0.0586 (0.0690)  loss_ddf_aux_0: 0.0546 (0.0693)  loss_ddf_aux_1: 0.0199 (0.0212)  loss_ddf_aux_2: 0.0030 (0.0016)  loss_ddf_aux_3: 0.0001 (0.0000)  loss_ddf_aux_4: -0.0000 (0.0000)  loss_ddf_dn_0: 0.3431 (0.7104)  loss_ddf_dn_1: 0.0337 (0.1746)  loss_ddf_dn_2: 0.0070 (0.0773)  loss_ddf_dn_3: 0.0045 (0.0041)  loss_ddf_dn_4: 0.0000 (0.0000)  loss_ddf_dn_5: 0.0000 (0.0000)  loss_fgl: 0.9901 (1.0230)  loss_fgl_aux_0: 1.0410 (1.0520)  loss_fgl_aux_1: 0.9946 (1.0249)  loss_fgl_aux_2: 0.9904 (1.0225)  loss_fgl_aux_3: 0.9904 (1.0229)  loss_fgl_aux_4: 0.9903 (1.0230)  loss_fgl_dn_0: 1.0989 (1.1239)  loss_fgl_dn_1: 0.9731 (1.0003)  loss_fgl_dn_2: 0.9677 (0.9934)  loss_fgl_dn_3: 0.9679 (0.9942)  loss_fgl_dn_4: 0.9677 (0.9942)  loss_fgl_dn_5: 0.9678 (0.9942)  loss_giou: 0.2533 (0.2789)  loss_giou_aux_0: 0.2648 (0.2914)  loss_giou_aux_1: 0.2622 (0.2808)  loss_giou_aux_2: 0.2541 (0.2790)  loss_giou_aux_3: 0.2535 (0.2789)  loss_giou_aux_4: 0.2534 (0.2789)  loss_giou_dn_0: 0.2736 (0.2911)  loss_giou_dn_1: 0.2145 (0.2228)  loss_giou_dn_2: 0.2084 (0.2179)  loss_giou_dn_3: 0.2068 (0.2178)  loss_giou_dn_4: 0.2081 (0.2177)  loss_giou_dn_5: 0.2080 (0.2177)  loss_giou_dn_pre: 0.2742 (0.2912)  loss_giou_enc_0: 0.3685 (0.3761)  loss_giou_pre: 0.2637 (0.2908)  loss_vfl: 0.3176 (0.3263)  loss_vfl_aux_0: 0.3590 (0.3805)  loss_vfl_aux_1: 0.3234 (0.3436)  loss_vfl_aux_2: 0.3232 (0.3317)  loss_vfl_aux_3: 0.3140 (0.3273)  loss_vfl_aux_4: 0.3176 (0.3261)  loss_vfl_dn_0: 0.3697 (0.3744)  loss_vfl_dn_1: 0.2951 (0.2953)  loss_vfl_dn_2: 0.2837 (0.2879)  loss_vfl_dn_3: 0.2818 (0.2863)  loss_vfl_dn_4: 0.2802 (0.2858)  loss_vfl_dn_5: 0.2803 (0.2860)  loss_vfl_dn_pre: 0.3729 (0.3759)  loss_vfl_enc_0: 0.4044 (0.4184)  loss_vfl_pre: 0.3580 (0.3801)  time: 0.6310  data: 0.0091  max mem: 17742
Epoch: [4/120]  [2100/2360]  eta: 0:03:22  lr: 0.000009  loss: 23.6292 (23.3644)  loss_bbox: 0.0543 (0.0622)  loss_bbox_aux_0: 0.0632 (0.0691)  loss_bbox_aux_1: 0.0565 (0.0632)  loss_bbox_aux_2: 0.0547 (0.0623)  loss_bbox_aux_3: 0.0542 (0.0622)  loss_bbox_aux_4: 0.0542 (0.0622)  loss_bbox_dn_0: 0.0719 (0.0800)  loss_bbox_dn_1: 0.0500 (0.0566)  loss_bbox_dn_2: 0.0496 (0.0539)  loss_bbox_dn_3: 0.0496 (0.0538)  loss_bbox_dn_4: 0.0495 (0.0537)  loss_bbox_dn_5: 0.0495 (0.0537)  loss_bbox_dn_pre: 0.0749 (0.0836)  loss_bbox_enc_0: 0.0894 (0.1045)  loss_bbox_pre: 0.0617 (0.0689)  loss_ddf_aux_0: 0.0719 (0.0689)  loss_ddf_aux_1: 0.0190 (0.0210)  loss_ddf_aux_2: 0.0023 (0.0017)  loss_ddf_aux_3: 0.0001 (0.0000)  loss_ddf_aux_4: 0.0000 (0.0000)  loss_ddf_dn_0: 1.2554 (0.7147)  loss_ddf_dn_1: 0.0645 (0.1690)  loss_ddf_dn_2: 0.0089 (0.0741)  loss_ddf_dn_3: 0.0018 (0.0041)  loss_ddf_dn_4: 0.0000 (0.0000)  loss_ddf_dn_5: 0.0000 (0.0000)  loss_fgl: 1.0288 (1.0229)  loss_fgl_aux_0: 1.0655 (1.0521)  loss_fgl_aux_1: 1.0320 (1.0250)  loss_fgl_aux_2: 1.0281 (1.0225)  loss_fgl_aux_3: 1.0285 (1.0229)  loss_fgl_aux_4: 1.0287 (1.0229)  loss_fgl_dn_0: 1.1141 (1.1236)  loss_fgl_dn_1: 1.0057 (0.9998)  loss_fgl_dn_2: 0.9917 (0.9929)  loss_fgl_dn_3: 0.9921 (0.9936)  loss_fgl_dn_4: 0.9924 (0.9936)  loss_fgl_dn_5: 0.9925 (0.9936)  loss_giou: 0.2764 (0.2790)  loss_giou_aux_0: 0.2953 (0.2914)  loss_giou_aux_1: 0.2792 (0.2809)  loss_giou_aux_2: 0.2760 (0.2791)  loss_giou_aux_3: 0.2765 (0.2790)  loss_giou_aux_4: 0.2764 (0.2790)  loss_giou_dn_0: 0.2928 (0.2912)  loss_giou_dn_1: 0.2235 (0.2229)  loss_giou_dn_2: 0.2187 (0.2180)  loss_giou_dn_3: 0.2188 (0.2178)  loss_giou_dn_4: 0.2187 (0.2178)  loss_giou_dn_5: 0.2186 (0.2178)  loss_giou_dn_pre: 0.2883 (0.2914)  loss_giou_enc_0: 0.3531 (0.3760)  loss_giou_pre: 0.2944 (0.2908)  loss_vfl: 0.3206 (0.3261)  loss_vfl_aux_0: 0.3612 (0.3797)  loss_vfl_aux_1: 0.3289 (0.3433)  loss_vfl_aux_2: 0.3162 (0.3315)  loss_vfl_aux_3: 0.3228 (0.3271)  loss_vfl_aux_4: 0.3184 (0.3259)  loss_vfl_dn_0: 0.3733 (0.3749)  loss_vfl_dn_1: 0.2929 (0.2953)  loss_vfl_dn_2: 0.2836 (0.2879)  loss_vfl_dn_3: 0.2840 (0.2863)  loss_vfl_dn_4: 0.2843 (0.2859)  loss_vfl_dn_5: 0.2843 (0.2861)  loss_vfl_dn_pre: 0.3740 (0.3764)  loss_vfl_enc_0: 0.3998 (0.4181)  loss_vfl_pre: 0.3613 (0.3794)  time: 0.6454  data: 0.0087  max mem: 17742
Epoch: [4/120]  [2200/2360]  eta: 0:02:03  lr: 0.000009  loss: 22.5609 (23.3491)  loss_bbox: 0.0438 (0.0622)  loss_bbox_aux_0: 0.0466 (0.0690)  loss_bbox_aux_1: 0.0480 (0.0632)  loss_bbox_aux_2: 0.0438 (0.0622)  loss_bbox_aux_3: 0.0437 (0.0622)  loss_bbox_aux_4: 0.0437 (0.0622)  loss_bbox_dn_0: 0.0621 (0.0801)  loss_bbox_dn_1: 0.0383 (0.0566)  loss_bbox_dn_2: 0.0376 (0.0540)  loss_bbox_dn_3: 0.0376 (0.0538)  loss_bbox_dn_4: 0.0376 (0.0537)  loss_bbox_dn_5: 0.0376 (0.0537)  loss_bbox_dn_pre: 0.0618 (0.0836)  loss_bbox_enc_0: 0.0676 (0.1046)  loss_bbox_pre: 0.0474 (0.0689)  loss_ddf_aux_0: 0.0589 (0.0689)  loss_ddf_aux_1: 0.0197 (0.0211)  loss_ddf_aux_2: 0.0027 (0.0017)  loss_ddf_aux_3: 0.0001 (0.0000)  loss_ddf_aux_4: -0.0000 (0.0000)  loss_ddf_dn_0: 0.5864 (0.7188)  loss_ddf_dn_1: 0.0379 (0.1636)  loss_ddf_dn_2: 0.0055 (0.0711)  loss_ddf_dn_3: 0.0015 (0.0040)  loss_ddf_dn_4: 0.0000 (0.0000)  loss_ddf_dn_5: 0.0000 (0.0000)  loss_fgl: 1.0281 (1.0224)  loss_fgl_aux_0: 1.0468 (1.0517)  loss_fgl_aux_1: 1.0196 (1.0245)  loss_fgl_aux_2: 1.0279 (1.0220)  loss_fgl_aux_3: 1.0279 (1.0224)  loss_fgl_aux_4: 1.0280 (1.0224)  loss_fgl_dn_0: 1.1171 (1.1236)  loss_fgl_dn_1: 1.0031 (0.9997)  loss_fgl_dn_2: 0.9953 (0.9927)  loss_fgl_dn_3: 0.9955 (0.9934)  loss_fgl_dn_4: 0.9954 (0.9933)  loss_fgl_dn_5: 0.9953 (0.9934)  loss_giou: 0.2639 (0.2789)  loss_giou_aux_0: 0.2705 (0.2912)  loss_giou_aux_1: 0.2646 (0.2807)  loss_giou_aux_2: 0.2637 (0.2789)  loss_giou_aux_3: 0.2637 (0.2789)  loss_giou_aux_4: 0.2638 (0.2789)  loss_giou_dn_0: 0.2787 (0.2912)  loss_giou_dn_1: 0.2143 (0.2229)  loss_giou_dn_2: 0.2038 (0.2179)  loss_giou_dn_3: 0.2036 (0.2178)  loss_giou_dn_4: 0.2036 (0.2177)  loss_giou_dn_5: 0.2036 (0.2177)  loss_giou_dn_pre: 0.2823 (0.2913)  loss_giou_enc_0: 0.3476 (0.3759)  loss_giou_pre: 0.2711 (0.2906)  loss_vfl: 0.3098 (0.3257)  loss_vfl_aux_0: 0.3508 (0.3786)  loss_vfl_aux_1: 0.3206 (0.3426)  loss_vfl_aux_2: 0.3165 (0.3311)  loss_vfl_aux_3: 0.3150 (0.3268)  loss_vfl_aux_4: 0.3105 (0.3255)  loss_vfl_dn_0: 0.3674 (0.3747)  loss_vfl_dn_1: 0.2891 (0.2951)  loss_vfl_dn_2: 0.2853 (0.2877)  loss_vfl_dn_3: 0.2834 (0.2862)  loss_vfl_dn_4: 0.2838 (0.2858)  loss_vfl_dn_5: 0.2840 (0.2860)  loss_vfl_dn_pre: 0.3691 (0.3762)  loss_vfl_enc_0: 0.3933 (0.4175)  loss_vfl_pre: 0.3487 (0.3783)  time: 0.6218  data: 0.0087  max mem: 17742
Epoch: [4/120]  [2300/2360]  eta: 0:00:46  lr: 0.000009  loss: 22.3469 (23.3457)  loss_bbox: 0.0464 (0.0621)  loss_bbox_aux_0: 0.0542 (0.0689)  loss_bbox_aux_1: 0.0475 (0.0632)  loss_bbox_aux_2: 0.0464 (0.0622)  loss_bbox_aux_3: 0.0463 (0.0621)  loss_bbox_aux_4: 0.0463 (0.0621)  loss_bbox_dn_0: 0.0651 (0.0800)  loss_bbox_dn_1: 0.0450 (0.0565)  loss_bbox_dn_2: 0.0423 (0.0539)  loss_bbox_dn_3: 0.0423 (0.0537)  loss_bbox_dn_4: 0.0423 (0.0536)  loss_bbox_dn_5: 0.0423 (0.0536)  loss_bbox_dn_pre: 0.0641 (0.0835)  loss_bbox_enc_0: 0.0780 (0.1043)  loss_bbox_pre: 0.0526 (0.0688)  loss_ddf_aux_0: 0.0568 (0.0683)  loss_ddf_aux_1: 0.0174 (0.0209)  loss_ddf_aux_2: 0.0022 (0.0017)  loss_ddf_aux_3: 0.0000 (0.0000)  loss_ddf_aux_4: -0.0000 (0.0000)  loss_ddf_dn_0: 0.5348 (0.7138)  loss_ddf_dn_1: 0.0446 (0.1583)  loss_ddf_dn_2: 0.0061 (0.0682)  loss_ddf_dn_3: 0.0009 (0.0038)  loss_ddf_dn_4: 0.0000 (0.0000)  loss_ddf_dn_5: 0.0000 (0.0000)  loss_fgl: 1.0329 (1.0232)  loss_fgl_aux_0: 1.0416 (1.0524)  loss_fgl_aux_1: 1.0312 (1.0254)  loss_fgl_aux_2: 1.0331 (1.0228)  loss_fgl_aux_3: 1.0331 (1.0232)  loss_fgl_aux_4: 1.0330 (1.0232)  loss_fgl_dn_0: 1.1162 (1.1243)  loss_fgl_dn_1: 0.9898 (1.0002)  loss_fgl_dn_2: 0.9815 (0.9931)  loss_fgl_dn_3: 0.9815 (0.9938)  loss_fgl_dn_4: 0.9816 (0.9938)  loss_fgl_dn_5: 0.9817 (0.9938)  loss_giou: 0.2541 (0.2792)  loss_giou_aux_0: 0.2651 (0.2915)  loss_giou_aux_1: 0.2574 (0.2810)  loss_giou_aux_2: 0.2542 (0.2792)  loss_giou_aux_3: 0.2540 (0.2792)  loss_giou_aux_4: 0.2541 (0.2792)  loss_giou_dn_0: 0.2782 (0.2916)  loss_giou_dn_1: 0.2109 (0.2231)  loss_giou_dn_2: 0.2069 (0.2181)  loss_giou_dn_3: 0.2064 (0.2180)  loss_giou_dn_4: 0.2071 (0.2179)  loss_giou_dn_5: 0.2071 (0.2179)  loss_giou_dn_pre: 0.2764 (0.2916)  loss_giou_enc_0: 0.3447 (0.3759)  loss_giou_pre: 0.2664 (0.2908)  loss_vfl: 0.3041 (0.3259)  loss_vfl_aux_0: 0.3692 (0.3782)  loss_vfl_aux_1: 0.3298 (0.3425)  loss_vfl_aux_2: 0.3119 (0.3311)  loss_vfl_aux_3: 0.3058 (0.3270)  loss_vfl_aux_4: 0.3064 (0.3257)  loss_vfl_dn_0: 0.3717 (0.3748)  loss_vfl_dn_1: 0.2926 (0.2952)  loss_vfl_dn_2: 0.2861 (0.2879)  loss_vfl_dn_3: 0.2845 (0.2864)  loss_vfl_dn_4: 0.2847 (0.2860)  loss_vfl_dn_5: 0.2847 (0.2862)  loss_vfl_dn_pre: 0.3734 (0.3763)  loss_vfl_enc_0: 0.4091 (0.4177)  loss_vfl_pre: 0.3675 (0.3779)  time: 0.6756  data: 0.0088  max mem: 17742
Epoch: [4/120]  [2359/2360]  eta: 0:00:00  lr: 0.000009  loss: 22.4535 (23.3392)  loss_bbox: 0.0527 (0.0621)  loss_bbox_aux_0: 0.0582 (0.0689)  loss_bbox_aux_1: 0.0515 (0.0631)  loss_bbox_aux_2: 0.0527 (0.0621)  loss_bbox_aux_3: 0.0527 (0.0621)  loss_bbox_aux_4: 0.0527 (0.0621)  loss_bbox_dn_0: 0.0707 (0.0799)  loss_bbox_dn_1: 0.0453 (0.0564)  loss_bbox_dn_2: 0.0414 (0.0537)  loss_bbox_dn_3: 0.0413 (0.0536)  loss_bbox_dn_4: 0.0413 (0.0535)  loss_bbox_dn_5: 0.0413 (0.0535)  loss_bbox_dn_pre: 0.0776 (0.0834)  loss_bbox_enc_0: 0.0800 (0.1042)  loss_bbox_pre: 0.0577 (0.0687)  loss_ddf_aux_0: 0.0844 (0.0685)  loss_ddf_aux_1: 0.0244 (0.0209)  loss_ddf_aux_2: 0.0023 (0.0017)  loss_ddf_aux_3: 0.0000 (0.0000)  loss_ddf_aux_4: 0.0000 (0.0000)  loss_ddf_dn_0: 0.5562 (0.7123)  loss_ddf_dn_1: 0.0365 (0.1556)  loss_ddf_dn_2: 0.0046 (0.0666)  loss_ddf_dn_3: 0.0007 (0.0038)  loss_ddf_dn_4: 0.0000 (0.0000)  loss_ddf_dn_5: 0.0000 (0.0000)  loss_fgl: 1.0225 (1.0234)  loss_fgl_aux_0: 1.0567 (1.0527)  loss_fgl_aux_1: 1.0198 (1.0256)  loss_fgl_aux_2: 1.0211 (1.0230)  loss_fgl_aux_3: 1.0217 (1.0233)  loss_fgl_aux_4: 1.0222 (1.0233)  loss_fgl_dn_0: 1.1268 (1.1246)  loss_fgl_dn_1: 0.9836 (1.0002)  loss_fgl_dn_2: 0.9829 (0.9930)  loss_fgl_dn_3: 0.9826 (0.9937)  loss_fgl_dn_4: 0.9826 (0.9937)  loss_fgl_dn_5: 0.9825 (0.9937)  loss_giou: 0.2583 (0.2790)  loss_giou_aux_0: 0.2766 (0.2913)  loss_giou_aux_1: 0.2597 (0.2808)  loss_giou_aux_2: 0.2582 (0.2790)  loss_giou_aux_3: 0.2582 (0.2790)  loss_giou_aux_4: 0.2583 (0.2790)  loss_giou_dn_0: 0.2854 (0.2917)  loss_giou_dn_1: 0.2122 (0.2230)  loss_giou_dn_2: 0.2075 (0.2181)  loss_giou_dn_3: 0.2075 (0.2180)  loss_giou_dn_4: 0.2076 (0.2179)  loss_giou_dn_5: 0.2076 (0.2179)  loss_giou_dn_pre: 0.2830 (0.2917)  loss_giou_enc_0: 0.3635 (0.3757)  loss_giou_pre: 0.2781 (0.2907)  loss_vfl: 0.3089 (0.3260)  loss_vfl_aux_0: 0.3526 (0.3783)  loss_vfl_aux_1: 0.3208 (0.3426)  loss_vfl_aux_2: 0.3147 (0.3313)  loss_vfl_aux_3: 0.3120 (0.3271)  loss_vfl_aux_4: 0.3088 (0.3259)  loss_vfl_dn_0: 0.3734 (0.3749)  loss_vfl_dn_1: 0.2893 (0.2951)  loss_vfl_dn_2: 0.2840 (0.2879)  loss_vfl_dn_3: 0.2829 (0.2864)  loss_vfl_dn_4: 0.2830 (0.2860)  loss_vfl_dn_5: 0.2834 (0.2862)  loss_vfl_dn_pre: 0.3753 (0.3763)  loss_vfl_enc_0: 0.4070 (0.4177)  loss_vfl_pre: 0.3516 (0.3780)  time: 0.6324  data: 0.0083  max mem: 17742
Epoch: [4/120] Total time: 0:30:01 (0.7635 s / it)
Averaged stats: lr: 0.000009  loss: 22.4535 (23.3392)  loss_bbox: 0.0527 (0.0621)  loss_bbox_aux_0: 0.0582 (0.0689)  loss_bbox_aux_1: 0.0515 (0.0631)  loss_bbox_aux_2: 0.0527 (0.0621)  loss_bbox_aux_3: 0.0527 (0.0621)  loss_bbox_aux_4: 0.0527 (0.0621)  loss_bbox_dn_0: 0.0707 (0.0799)  loss_bbox_dn_1: 0.0453 (0.0564)  loss_bbox_dn_2: 0.0414 (0.0537)  loss_bbox_dn_3: 0.0413 (0.0536)  loss_bbox_dn_4: 0.0413 (0.0535)  loss_bbox_dn_5: 0.0413 (0.0535)  loss_bbox_dn_pre: 0.0776 (0.0834)  loss_bbox_enc_0: 0.0800 (0.1042)  loss_bbox_pre: 0.0577 (0.0687)  loss_ddf_aux_0: 0.0844 (0.0685)  loss_ddf_aux_1: 0.0244 (0.0209)  loss_ddf_aux_2: 0.0023 (0.0017)  loss_ddf_aux_3: 0.0000 (0.0000)  loss_ddf_aux_4: 0.0000 (0.0000)  loss_ddf_dn_0: 0.5562 (0.7123)  loss_ddf_dn_1: 0.0365 (0.1556)  loss_ddf_dn_2: 0.0046 (0.0666)  loss_ddf_dn_3: 0.0007 (0.0038)  loss_ddf_dn_4: 0.0000 (0.0000)  loss_ddf_dn_5: 0.0000 (0.0000)  loss_fgl: 1.0225 (1.0234)  loss_fgl_aux_0: 1.0567 (1.0527)  loss_fgl_aux_1: 1.0198 (1.0256)  loss_fgl_aux_2: 1.0211 (1.0230)  loss_fgl_aux_3: 1.0217 (1.0233)  loss_fgl_aux_4: 1.0222 (1.0233)  loss_fgl_dn_0: 1.1268 (1.1246)  loss_fgl_dn_1: 0.9836 (1.0002)  loss_fgl_dn_2: 0.9829 (0.9930)  loss_fgl_dn_3: 0.9826 (0.9937)  loss_fgl_dn_4: 0.9826 (0.9937)  loss_fgl_dn_5: 0.9825 (0.9937)  loss_giou: 0.2583 (0.2790)  loss_giou_aux_0: 0.2766 (0.2913)  loss_giou_aux_1: 0.2597 (0.2808)  loss_giou_aux_2: 0.2582 (0.2790)  loss_giou_aux_3: 0.2582 (0.2790)  loss_giou_aux_4: 0.2583 (0.2790)  loss_giou_dn_0: 0.2854 (0.2917)  loss_giou_dn_1: 0.2122 (0.2230)  loss_giou_dn_2: 0.2075 (0.2181)  loss_giou_dn_3: 0.2075 (0.2180)  loss_giou_dn_4: 0.2076 (0.2179)  loss_giou_dn_5: 0.2076 (0.2179)  loss_giou_dn_pre: 0.2830 (0.2917)  loss_giou_enc_0: 0.3635 (0.3757)  loss_giou_pre: 0.2781 (0.2907)  loss_vfl: 0.3089 (0.3260)  loss_vfl_aux_0: 0.3526 (0.3783)  loss_vfl_aux_1: 0.3208 (0.3426)  loss_vfl_aux_2: 0.3147 (0.3313)  loss_vfl_aux_3: 0.3120 (0.3271)  loss_vfl_aux_4: 0.3088 (0.3259)  loss_vfl_dn_0: 0.3734 (0.3749)  loss_vfl_dn_1: 0.2893 (0.2951)  loss_vfl_dn_2: 0.2840 (0.2879)  loss_vfl_dn_3: 0.2829 (0.2864)  loss_vfl_dn_4: 0.2830 (0.2860)  loss_vfl_dn_5: 0.2834 (0.2862)  loss_vfl_dn_pre: 0.3753 (0.3763)  loss_vfl_enc_0: 0.4070 (0.4177)  loss_vfl_pre: 0.3516 (0.3780)
Test:  [  0/109]  eta: 0:01:45    time: 0.9679  data: 0.8154  max mem: 17742
Test:  [ 10/109]  eta: 0:00:28    time: 0.2919  data: 0.0858  max mem: 17742
Test:  [ 20/109]  eta: 0:00:21    time: 0.2066  data: 0.0122  max mem: 17742
Test:  [ 30/109]  eta: 0:00:19    time: 0.2153  data: 0.0110  max mem: 17742
Test:  [ 40/109]  eta: 0:00:16    time: 0.2432  data: 0.0110  max mem: 17742
Test:  [ 50/109]  eta: 0:00:13    time: 0.2125  data: 0.0117  max mem: 17742
Test:  [ 60/109]  eta: 0:00:11    time: 0.2183  data: 0.0116  max mem: 17742
Test:  [ 70/109]  eta: 0:00:08    time: 0.2208  data: 0.0116  max mem: 17742
Test:  [ 80/109]  eta: 0:00:06    time: 0.2151  data: 0.0121  max mem: 17742
Test:  [ 90/109]  eta: 0:00:04    time: 0.2441  data: 0.0117  max mem: 17742
Test:  [100/109]  eta: 0:00:02    time: 0.1967  data: 0.0103  max mem: 17742
Test:  [108/109]  eta: 0:00:00    time: 0.1826  data: 0.0087  max mem: 17742
Test: Total time: 0:00:23 (0.2191 s / it)
Metrics: {'f1': 0.9487179487179487, 'precision': 0.9621749408983451, 'recall': 0.9356321839080459, 'iou': 0.7509280147150721, 'TPs': 814, 'FPs': 32, 'FNs': 56}
Averaged stats: 
Accumulating evaluation results...
COCOeval_opt.accumulate() finished...
DONE (t=0.40s).
IoU metric: bbox
 Average Precision  (AP) @[ IoU=0.50:0.95 | area=   all | maxDets=100 ] = 0.639
 Average Precision  (AP) @[ IoU=0.50      | area=   all | maxDets=100 ] = 0.950
 Average Precision  (AP) @[ IoU=0.75      | area=   all | maxDets=100 ] = 0.725
 Average Precision  (AP) @[ IoU=0.50:0.95 | area= small | maxDets=100 ] = 0.559
 Average Precision  (AP) @[ IoU=0.50:0.95 | area=medium | maxDets=100 ] = 0.736
 Average Precision  (AP) @[ IoU=0.50:0.95 | area= large | maxDets=100 ] = 0.732
 Average Recall     (AR) @[ IoU=0.50:0.95 | area=   all | maxDets=  1 ] = 0.658
 Average Recall     (AR) @[ IoU=0.50:0.95 | area=   all | maxDets= 10 ] = 0.688
 Average Recall     (AR) @[ IoU=0.50:0.95 | area=   all | maxDets=100 ] = 0.746
 Average Recall     (AR) @[ IoU=0.50:0.95 | area= small | maxDets=100 ] = 0.662
 Average Recall     (AR) @[ IoU=0.50:0.95 | area=medium | maxDets=100 ] = 0.827
 Average Recall     (AR) @[ IoU=0.50:0.95 | area= large | maxDets=100 ] = 0.888
 Average Recall     (AR) @[ IoU=0.50      | area=   all | maxDets=100 ] = 0.976
 Average Recall     (AR) @[ IoU=0.75      | area=   all | maxDets=100 ] = 0.847
best_stat: {'epoch': 4, 'coco_eval_bbox': 0.6389448204523939}
Epoch: [5/120]  [   0/2360]  eta: 2:56:58  lr: 0.000009  loss: 21.1620 (21.1620)  loss_bbox: 0.0452 (0.0452)  loss_bbox_aux_0: 0.0646 (0.0646)  loss_bbox_aux_1: 0.0492 (0.0492)  loss_bbox_aux_2: 0.0452 (0.0452)  loss_bbox_aux_3: 0.0452 (0.0452)  loss_bbox_aux_4: 0.0452 (0.0452)  loss_bbox_dn_0: 0.0721 (0.0721)  loss_bbox_dn_1: 0.0460 (0.0460)  loss_bbox_dn_2: 0.0428 (0.0428)  loss_bbox_dn_3: 0.0427 (0.0427)  loss_bbox_dn_4: 0.0428 (0.0428)  loss_bbox_dn_5: 0.0428 (0.0428)  loss_bbox_dn_pre: 0.0761 (0.0761)  loss_bbox_enc_0: 0.1490 (0.1490)  loss_bbox_pre: 0.0587 (0.0587)  loss_ddf_aux_0: 0.1001 (0.1001)  loss_ddf_aux_1: 0.0245 (0.0245)  loss_ddf_aux_2: 0.0024 (0.0024)  loss_ddf_aux_3: 0.0001 (0.0001)  loss_ddf_aux_4: 0.0000 (0.0000)  loss_ddf_dn_0: 0.5243 (0.5243)  loss_ddf_dn_1: 0.0342 (0.0342)  loss_ddf_dn_2: 0.0040 (0.0040)  loss_ddf_dn_3: 0.0007 (0.0007)  loss_ddf_dn_4: 0.0000 (0.0000)  loss_ddf_dn_5: 0.0000 (0.0000)  loss_fgl: 0.9682 (0.9682)  loss_fgl_aux_0: 1.0427 (1.0427)  loss_fgl_aux_1: 0.9835 (0.9835)  loss_fgl_aux_2: 0.9682 (0.9682)  loss_fgl_aux_3: 0.9685 (0.9685)  loss_fgl_aux_4: 0.9683 (0.9683)  loss_fgl_dn_0: 1.1236 (1.1236)  loss_fgl_dn_1: 0.9484 (0.9484)  loss_fgl_dn_2: 0.9364 (0.9364)  loss_fgl_dn_3: 0.9364 (0.9364)  loss_fgl_dn_4: 0.9364 (0.9364)  loss_fgl_dn_5: 0.9363 (0.9363)  loss_giou: 0.2227 (0.2227)  loss_giou_aux_0: 0.2453 (0.2453)  loss_giou_aux_1: 0.2243 (0.2243)  loss_giou_aux_2: 0.2227 (0.2227)  loss_giou_aux_3: 0.2228 (0.2228)  loss_giou_aux_4: 0.2227 (0.2227)  loss_giou_dn_0: 0.2632 (0.2632)  loss_giou_dn_1: 0.1850 (0.1850)  loss_giou_dn_2: 0.1833 (0.1833)  loss_giou_dn_3: 0.1833 (0.1833)  loss_giou_dn_4: 0.1833 (0.1833)  loss_giou_dn_5: 0.1833 (0.1833)  loss_giou_dn_pre: 0.2631 (0.2631)  loss_giou_enc_0: 0.3327 (0.3327)  loss_giou_pre: 0.2427 (0.2427)  loss_vfl: 0.2797 (0.2797)  loss_vfl_aux_0: 0.3336 (0.3336)  loss_vfl_aux_1: 0.2913 (0.2913)  loss_vfl_aux_2: 0.2799 (0.2799)  loss_vfl_aux_3: 0.2794 (0.2794)  loss_vfl_aux_4: 0.2796 (0.2796)  loss_vfl_dn_0: 0.3524 (0.3524)  loss_vfl_dn_1: 0.2654 (0.2654)  loss_vfl_dn_2: 0.2600 (0.2600)  loss_vfl_dn_3: 0.2592 (0.2592)  loss_vfl_dn_4: 0.2594 (0.2594)  loss_vfl_dn_5: 0.2598 (0.2598)  loss_vfl_dn_pre: 0.3542 (0.3542)  loss_vfl_enc_0: 0.4211 (0.4211)  loss_vfl_pre: 0.3315 (0.3315)  time: 4.4994  data: 1.8191  max mem: 17742
Epoch: [5/120]  [ 100/2360]  eta: 0:25:28  lr: 0.000009  loss: 22.5987 (23.0274)  loss_bbox: 0.0504 (0.0597)  loss_bbox_aux_0: 0.0549 (0.0651)  loss_bbox_aux_1: 0.0489 (0.0606)  loss_bbox_aux_2: 0.0504 (0.0598)  loss_bbox_aux_3: 0.0505 (0.0597)  loss_bbox_aux_4: 0.0504 (0.0597)  loss_bbox_dn_0: 0.0646 (0.0774)  loss_bbox_dn_1: 0.0438 (0.0548)  loss_bbox_dn_2: 0.0438 (0.0528)  loss_bbox_dn_3: 0.0438 (0.0527)  loss_bbox_dn_4: 0.0438 (0.0527)  loss_bbox_dn_5: 0.0438 (0.0527)  loss_bbox_dn_pre: 0.0642 (0.0807)  loss_bbox_enc_0: 0.0709 (0.0946)  loss_bbox_pre: 0.0552 (0.0647)  loss_ddf_aux_0: 0.0692 (0.0709)  loss_ddf_aux_1: 0.0161 (0.0171)  loss_ddf_aux_2: 0.0012 (0.0016)  loss_ddf_aux_3: 0.0000 (0.0000)  loss_ddf_aux_4: -0.0000 (0.0000)  loss_ddf_dn_0: 0.6740 (0.6832)  loss_ddf_dn_1: 0.0306 (0.0341)  loss_ddf_dn_2: 0.0030 (0.0031)  loss_ddf_dn_3: 0.0004 (0.0005)  loss_ddf_dn_4: 0.0000 (0.0000)  loss_ddf_dn_5: 0.0000 (0.0000)  loss_fgl: 1.0392 (1.0224)  loss_fgl_aux_0: 1.0518 (1.0534)  loss_fgl_aux_1: 1.0369 (1.0257)  loss_fgl_aux_2: 1.0394 (1.0221)  loss_fgl_aux_3: 1.0392 (1.0223)  loss_fgl_aux_4: 1.0391 (1.0223)  loss_fgl_dn_0: 1.1281 (1.1323)  loss_fgl_dn_1: 1.0104 (1.0012)  loss_fgl_dn_2: 1.0018 (0.9915)  loss_fgl_dn_3: 1.0020 (0.9915)  loss_fgl_dn_4: 1.0023 (0.9916)  loss_fgl_dn_5: 1.0024 (0.9916)  loss_giou: 0.2532 (0.2814)  loss_giou_aux_0: 0.2624 (0.2930)  loss_giou_aux_1: 0.2577 (0.2837)  loss_giou_aux_2: 0.2535 (0.2815)  loss_giou_aux_3: 0.2532 (0.2814)  loss_giou_aux_4: 0.2532 (0.2814)  loss_giou_dn_0: 0.2796 (0.2886)  loss_giou_dn_1: 0.2131 (0.2212)  loss_giou_dn_2: 0.2098 (0.2166)  loss_giou_dn_3: 0.2097 (0.2165)  loss_giou_dn_4: 0.2097 (0.2165)  loss_giou_dn_5: 0.2097 (0.2165)  loss_giou_dn_pre: 0.2823 (0.2888)  loss_giou_enc_0: 0.3444 (0.3746)  loss_giou_pre: 0.2614 (0.2923)  loss_vfl: 0.3268 (0.3245)  loss_vfl_aux_0: 0.3600 (0.3678)  loss_vfl_aux_1: 0.3342 (0.3416)  loss_vfl_aux_2: 0.3286 (0.3315)  loss_vfl_aux_3: 0.3265 (0.3246)  loss_vfl_aux_4: 0.3269 (0.3247)  loss_vfl_dn_0: 0.3713 (0.3716)  loss_vfl_dn_1: 0.2915 (0.2927)  loss_vfl_dn_2: 0.2856 (0.2867)  loss_vfl_dn_3: 0.2850 (0.2858)  loss_vfl_dn_4: 0.2846 (0.2856)  loss_vfl_dn_5: 0.2850 (0.2857)  loss_vfl_dn_pre: 0.3729 (0.3728)  loss_vfl_enc_0: 0.4010 (0.4042)  loss_vfl_pre: 0.3595 (0.3675)  time: 0.6789  data: 0.0093  max mem: 17742
Epoch: [5/120]  [ 200/2360]  eta: 0:23:59  lr: 0.000009  loss: 23.1959 (22.9173)  loss_bbox: 0.0545 (0.0594)  loss_bbox_aux_0: 0.0682 (0.0654)  loss_bbox_aux_1: 0.0587 (0.0603)  loss_bbox_aux_2: 0.0543 (0.0594)  loss_bbox_aux_3: 0.0544 (0.0594)  loss_bbox_aux_4: 0.0544 (0.0594)  loss_bbox_dn_0: 0.0764 (0.0777)  loss_bbox_dn_1: 0.0517 (0.0550)  loss_bbox_dn_2: 0.0489 (0.0530)  loss_bbox_dn_3: 0.0487 (0.0529)  loss_bbox_dn_4: 0.0488 (0.0529)  loss_bbox_dn_5: 0.0488 (0.0529)  loss_bbox_dn_pre: 0.0770 (0.0813)  loss_bbox_enc_0: 0.1018 (0.0963)  loss_bbox_pre: 0.0681 (0.0652)  loss_ddf_aux_0: 0.0984 (0.0750)  loss_ddf_aux_1: 0.0213 (0.0175)  loss_ddf_aux_2: 0.0011 (0.0013)  loss_ddf_aux_3: 0.0000 (0.0000)  loss_ddf_aux_4: 0.0000 (0.0000)  loss_ddf_dn_0: 0.7467 (0.6507)  loss_ddf_dn_1: 0.0564 (0.0380)  loss_ddf_dn_2: 0.0058 (0.0037)  loss_ddf_dn_3: 0.0004 (0.0004)  loss_ddf_dn_4: 0.0000 (0.0000)  loss_ddf_dn_5: 0.0000 (0.0000)  loss_fgl: 1.0016 (1.0206)  loss_fgl_aux_0: 1.0432 (1.0522)  loss_fgl_aux_1: 1.0046 (1.0242)  loss_fgl_aux_2: 1.0004 (1.0204)  loss_fgl_aux_3: 1.0009 (1.0205)  loss_fgl_aux_4: 1.0014 (1.0206)  loss_fgl_dn_0: 1.1223 (1.1270)  loss_fgl_dn_1: 0.9737 (0.9962)  loss_fgl_dn_2: 0.9617 (0.9867)  loss_fgl_dn_3: 0.9617 (0.9868)  loss_fgl_dn_4: 0.9617 (0.9869)  loss_fgl_dn_5: 0.9617 (0.9869)  loss_giou: 0.2996 (0.2759)  loss_giou_aux_0: 0.2964 (0.2883)  loss_giou_aux_1: 0.3017 (0.2779)  loss_giou_aux_2: 0.3002 (0.2759)  loss_giou_aux_3: 0.2994 (0.2759)  loss_giou_aux_4: 0.2996 (0.2758)  loss_giou_dn_0: 0.3002 (0.2862)  loss_giou_dn_1: 0.2229 (0.2189)  loss_giou_dn_2: 0.2170 (0.2146)  loss_giou_dn_3: 0.2169 (0.2145)  loss_giou_dn_4: 0.2169 (0.2145)  loss_giou_dn_5: 0.2169 (0.2145)  loss_giou_dn_pre: 0.3014 (0.2866)  loss_giou_enc_0: 0.3897 (0.3715)  loss_giou_pre: 0.2976 (0.2878)  loss_vfl: 0.3131 (0.3249)  loss_vfl_aux_0: 0.3678 (0.3716)  loss_vfl_aux_1: 0.3312 (0.3417)  loss_vfl_aux_2: 0.3248 (0.3318)  loss_vfl_aux_3: 0.3127 (0.3250)  loss_vfl_aux_4: 0.3120 (0.3248)  loss_vfl_dn_0: 0.3707 (0.3710)  loss_vfl_dn_1: 0.2893 (0.2916)  loss_vfl_dn_2: 0.2808 (0.2857)  loss_vfl_dn_3: 0.2789 (0.2848)  loss_vfl_dn_4: 0.2794 (0.2845)  loss_vfl_dn_5: 0.2791 (0.2846)  loss_vfl_dn_pre: 0.3726 (0.3721)  loss_vfl_enc_0: 0.4097 (0.4070)  loss_vfl_pre: 0.3677 (0.3713)  time: 0.6691  data: 0.0089  max mem: 17742
Epoch: [5/120]  [ 300/2360]  eta: 0:22:31  lr: 0.000009  loss: 22.3421 (22.7786)  loss_bbox: 0.0533 (0.0589)  loss_bbox_aux_0: 0.0560 (0.0648)  loss_bbox_aux_1: 0.0550 (0.0598)  loss_bbox_aux_2: 0.0533 (0.0590)  loss_bbox_aux_3: 0.0534 (0.0589)  loss_bbox_aux_4: 0.0534 (0.0589)  loss_bbox_dn_0: 0.0701 (0.0756)  loss_bbox_dn_1: 0.0462 (0.0534)  loss_bbox_dn_2: 0.0454 (0.0515)  loss_bbox_dn_3: 0.0454 (0.0514)  loss_bbox_dn_4: 0.0454 (0.0514)  loss_bbox_dn_5: 0.0454 (0.0514)  loss_bbox_dn_pre: 0.0731 (0.0793)  loss_bbox_enc_0: 0.0904 (0.0954)  loss_bbox_pre: 0.0545 (0.0647)  loss_ddf_aux_0: 0.0559 (0.0741)  loss_ddf_aux_1: 0.0125 (0.0172)  loss_ddf_aux_2: 0.0008 (0.0012)  loss_ddf_aux_3: 0.0000 (0.0000)  loss_ddf_aux_4: 0.0000 (0.0000)  loss_ddf_dn_0: 0.3975 (0.5974)  loss_ddf_dn_1: 0.0283 (0.0376)  loss_ddf_dn_2: 0.0043 (0.0042)  loss_ddf_dn_3: 0.0002 (0.0004)  loss_ddf_dn_4: 0.0000 (0.0000)  loss_ddf_dn_5: 0.0000 (0.0000)  loss_fgl: 1.0188 (1.0185)  loss_fgl_aux_0: 1.0429 (1.0493)  loss_fgl_aux_1: 1.0209 (1.0219)  loss_fgl_aux_2: 1.0188 (1.0183)  loss_fgl_aux_3: 1.0188 (1.0184)  loss_fgl_aux_4: 1.0188 (1.0185)  loss_fgl_dn_0: 1.1245 (1.1222)  loss_fgl_dn_1: 0.9898 (0.9931)  loss_fgl_dn_2: 0.9756 (0.9839)  loss_fgl_dn_3: 0.9753 (0.9840)  loss_fgl_dn_4: 0.9754 (0.9840)  loss_fgl_dn_5: 0.9754 (0.9841)  loss_giou: 0.2459 (0.2753)  loss_giou_aux_0: 0.2634 (0.2870)  loss_giou_aux_1: 0.2469 (0.2770)  loss_giou_aux_2: 0.2456 (0.2753)  loss_giou_aux_3: 0.2460 (0.2752)  loss_giou_aux_4: 0.2459 (0.2752)  loss_giou_dn_0: 0.2714 (0.2841)  loss_giou_dn_1: 0.2068 (0.2177)  loss_giou_dn_2: 0.2050 (0.2136)  loss_giou_dn_3: 0.2050 (0.2136)  loss_giou_dn_4: 0.2051 (0.2136)  loss_giou_dn_5: 0.2051 (0.2136)  loss_giou_dn_pre: 0.2731 (0.2846)  loss_giou_enc_0: 0.3383 (0.3672)  loss_giou_pre: 0.2634 (0.2865)  loss_vfl: 0.3129 (0.3246)  loss_vfl_aux_0: 0.3666 (0.3697)  loss_vfl_aux_1: 0.3267 (0.3405)  loss_vfl_aux_2: 0.3192 (0.3300)  loss_vfl_aux_3: 0.3154 (0.3248)  loss_vfl_aux_4: 0.3129 (0.3246)  loss_vfl_dn_0: 0.3678 (0.3699)  loss_vfl_dn_1: 0.2838 (0.2902)  loss_vfl_dn_2: 0.2788 (0.2845)  loss_vfl_dn_3: 0.2784 (0.2836)  loss_vfl_dn_4: 0.2789 (0.2833)  loss_vfl_dn_5: 0.2797 (0.2835)  loss_vfl_dn_pre: 0.3688 (0.3708)  loss_vfl_enc_0: 0.4109 (0.4071)  loss_vfl_pre: 0.3647 (0.3694)  time: 0.6581  data: 0.0084  max mem: 17742
Epoch: [5/120]  [ 400/2360]  eta: 0:21:19  lr: 0.000009  loss: 22.8924 (22.7862)  loss_bbox: 0.0531 (0.0593)  loss_bbox_aux_0: 0.0565 (0.0651)  loss_bbox_aux_1: 0.0522 (0.0602)  loss_bbox_aux_2: 0.0529 (0.0593)  loss_bbox_aux_3: 0.0532 (0.0593)  loss_bbox_aux_4: 0.0531 (0.0593)  loss_bbox_dn_0: 0.0731 (0.0756)  loss_bbox_dn_1: 0.0472 (0.0534)  loss_bbox_dn_2: 0.0450 (0.0514)  loss_bbox_dn_3: 0.0450 (0.0513)  loss_bbox_dn_4: 0.0450 (0.0512)  loss_bbox_dn_5: 0.0450 (0.0512)  loss_bbox_dn_pre: 0.0777 (0.0794)  loss_bbox_enc_0: 0.0919 (0.0963)  loss_bbox_pre: 0.0581 (0.0651)  loss_ddf_aux_0: 0.0629 (0.0708)  loss_ddf_aux_1: 0.0163 (0.0167)  loss_ddf_aux_2: 0.0008 (0.0011)  loss_ddf_aux_3: 0.0000 (0.0000)  loss_ddf_aux_4: 0.0000 (0.0000)  loss_ddf_dn_0: 0.6217 (0.6092)  loss_ddf_dn_1: 0.0672 (0.0421)  loss_ddf_dn_2: 0.0089 (0.0049)  loss_ddf_dn_3: 0.0004 (0.0004)  loss_ddf_dn_4: 0.0000 (0.0000)  loss_ddf_dn_5: 0.0000 (0.0000)  loss_fgl: 1.0171 (1.0183)  loss_fgl_aux_0: 1.0376 (1.0491)  loss_fgl_aux_1: 1.0217 (1.0218)  loss_fgl_aux_2: 1.0176 (1.0181)  loss_fgl_aux_3: 1.0174 (1.0182)  loss_fgl_aux_4: 1.0172 (1.0182)  loss_fgl_dn_0: 1.1150 (1.1217)  loss_fgl_dn_1: 0.9892 (0.9921)  loss_fgl_dn_2: 0.9767 (0.9828)  loss_fgl_dn_3: 0.9765 (0.9829)  loss_fgl_dn_4: 0.9766 (0.9829)  loss_fgl_dn_5: 0.9767 (0.9829)  loss_giou: 0.2783 (0.2754)  loss_giou_aux_0: 0.2923 (0.2871)  loss_giou_aux_1: 0.2809 (0.2770)  loss_giou_aux_2: 0.2777 (0.2754)  loss_giou_aux_3: 0.2782 (0.2754)  loss_giou_aux_4: 0.2783 (0.2754)  loss_giou_dn_0: 0.2891 (0.2850)  loss_giou_dn_1: 0.2194 (0.2180)  loss_giou_dn_2: 0.2171 (0.2138)  loss_giou_dn_3: 0.2170 (0.2138)  loss_giou_dn_4: 0.2170 (0.2138)  loss_giou_dn_5: 0.2170 (0.2138)  loss_giou_dn_pre: 0.2919 (0.2856)  loss_giou_enc_0: 0.3782 (0.3678)  loss_giou_pre: 0.2933 (0.2867)  loss_vfl: 0.3324 (0.3242)  loss_vfl_aux_0: 0.3543 (0.3683)  loss_vfl_aux_1: 0.3421 (0.3396)  loss_vfl_aux_2: 0.3324 (0.3296)  loss_vfl_aux_3: 0.3319 (0.3247)  loss_vfl_aux_4: 0.3324 (0.3241)  loss_vfl_dn_0: 0.3685 (0.3699)  loss_vfl_dn_1: 0.2881 (0.2901)  loss_vfl_dn_2: 0.2824 (0.2845)  loss_vfl_dn_3: 0.2815 (0.2835)  loss_vfl_dn_4: 0.2817 (0.2833)  loss_vfl_dn_5: 0.2815 (0.2834)  loss_vfl_dn_pre: 0.3677 (0.3707)  loss_vfl_enc_0: 0.4099 (0.4068)  loss_vfl_pre: 0.3568 (0.3679)  time: 0.6283  data: 0.0087  max mem: 17742
Epoch: [5/120]  [ 500/2360]  eta: 0:20:08  lr: 0.000009  loss: 23.0530 (22.7695)  loss_bbox: 0.0545 (0.0597)  loss_bbox_aux_0: 0.0613 (0.0657)  loss_bbox_aux_1: 0.0563 (0.0606)  loss_bbox_aux_2: 0.0545 (0.0597)  loss_bbox_aux_3: 0.0544 (0.0597)  loss_bbox_aux_4: 0.0545 (0.0597)  loss_bbox_dn_0: 0.0740 (0.0766)  loss_bbox_dn_1: 0.0507 (0.0539)  loss_bbox_dn_2: 0.0493 (0.0518)  loss_bbox_dn_3: 0.0493 (0.0517)  loss_bbox_dn_4: 0.0493 (0.0517)  loss_bbox_dn_5: 0.0493 (0.0517)  loss_bbox_dn_pre: 0.0760 (0.0805)  loss_bbox_enc_0: 0.0915 (0.0977)  loss_bbox_pre: 0.0620 (0.0658)  loss_ddf_aux_0: 0.0698 (0.0700)  loss_ddf_aux_1: 0.0180 (0.0165)  loss_ddf_aux_2: 0.0010 (0.0011)  loss_ddf_aux_3: 0.0000 (0.0000)  loss_ddf_aux_4: -0.0000 (0.0000)  loss_ddf_dn_0: 0.5745 (0.5901)  loss_ddf_dn_1: 0.0425 (0.0428)  loss_ddf_dn_2: 0.0108 (0.0063)  loss_ddf_dn_3: 0.0003 (0.0004)  loss_ddf_dn_4: 0.0000 (0.0000)  loss_ddf_dn_5: 0.0000 (0.0000)  loss_fgl: 1.0313 (1.0226)  loss_fgl_aux_0: 1.0513 (1.0511)  loss_fgl_aux_1: 1.0312 (1.0251)  loss_fgl_aux_2: 1.0306 (1.0225)  loss_fgl_aux_3: 1.0312 (1.0226)  loss_fgl_aux_4: 1.0313 (1.0226)  loss_fgl_dn_0: 1.1209 (1.1222)  loss_fgl_dn_1: 1.0106 (0.9920)  loss_fgl_dn_2: 1.0111 (0.9828)  loss_fgl_dn_3: 1.0112 (0.9829)  loss_fgl_dn_4: 1.0113 (0.9830)  loss_fgl_dn_5: 1.0114 (0.9830)  loss_giou: 0.2471 (0.2724)  loss_giou_aux_0: 0.2561 (0.2843)  loss_giou_aux_1: 0.2499 (0.2741)  loss_giou_aux_2: 0.2475 (0.2724)  loss_giou_aux_3: 0.2472 (0.2724)  loss_giou_aux_4: 0.2471 (0.2724)  loss_giou_dn_0: 0.2780 (0.2844)  loss_giou_dn_1: 0.2175 (0.2173)  loss_giou_dn_2: 0.2133 (0.2132)  loss_giou_dn_3: 0.2132 (0.2131)  loss_giou_dn_4: 0.2132 (0.2131)  loss_giou_dn_5: 0.2132 (0.2131)  loss_giou_dn_pre: 0.2781 (0.2850)  loss_giou_enc_0: 0.3428 (0.3659)  loss_giou_pre: 0.2538 (0.2839)  loss_vfl: 0.3232 (0.3235)  loss_vfl_aux_0: 0.3514 (0.3677)  loss_vfl_aux_1: 0.3222 (0.3387)  loss_vfl_aux_2: 0.3205 (0.3290)  loss_vfl_aux_3: 0.3219 (0.3241)  loss_vfl_aux_4: 0.3232 (0.3236)  loss_vfl_dn_0: 0.3673 (0.3702)  loss_vfl_dn_1: 0.2968 (0.2899)  loss_vfl_dn_2: 0.2926 (0.2842)  loss_vfl_dn_3: 0.2917 (0.2833)  loss_vfl_dn_4: 0.2913 (0.2831)  loss_vfl_dn_5: 0.2909 (0.2832)  loss_vfl_dn_pre: 0.3687 (0.3711)  loss_vfl_enc_0: 0.3984 (0.4073)  loss_vfl_pre: 0.3497 (0.3673)  time: 0.6037  data: 0.0087  max mem: 17742
Epoch: [5/120]  [ 600/2360]  eta: 0:18:53  lr: 0.000009  loss: 22.6590 (22.7910)  loss_bbox: 0.0550 (0.0610)  loss_bbox_aux_0: 0.0595 (0.0671)  loss_bbox_aux_1: 0.0557 (0.0620)  loss_bbox_aux_2: 0.0550 (0.0610)  loss_bbox_aux_3: 0.0551 (0.0610)  loss_bbox_aux_4: 0.0550 (0.0610)  loss_bbox_dn_0: 0.0705 (0.0776)  loss_bbox_dn_1: 0.0504 (0.0549)  loss_bbox_dn_2: 0.0492 (0.0527)  loss_bbox_dn_3: 0.0492 (0.0527)  loss_bbox_dn_4: 0.0492 (0.0526)  loss_bbox_dn_5: 0.0492 (0.0526)  loss_bbox_dn_pre: 0.0702 (0.0814)  loss_bbox_enc_0: 0.0915 (0.0996)  loss_bbox_pre: 0.0579 (0.0672)  loss_ddf_aux_0: 0.0942 (0.0714)  loss_ddf_aux_1: 0.0225 (0.0169)  loss_ddf_aux_2: 0.0011 (0.0010)  loss_ddf_aux_3: 0.0000 (0.0000)  loss_ddf_aux_4: -0.0000 (0.0000)  loss_ddf_dn_0: 0.5870 (0.5874)  loss_ddf_dn_1: 0.0582 (0.0446)  loss_ddf_dn_2: 0.0123 (0.0072)  loss_ddf_dn_3: 0.0004 (0.0004)  loss_ddf_dn_4: 0.0000 (0.0000)  loss_ddf_dn_5: 0.0000 (0.0000)  loss_fgl: 1.0025 (1.0206)  loss_fgl_aux_0: 1.0419 (1.0493)  loss_fgl_aux_1: 1.0064 (1.0232)  loss_fgl_aux_2: 1.0030 (1.0204)  loss_fgl_aux_3: 1.0033 (1.0205)  loss_fgl_aux_4: 1.0029 (1.0206)  loss_fgl_dn_0: 1.1125 (1.1222)  loss_fgl_dn_1: 0.9704 (0.9920)  loss_fgl_dn_2: 0.9559 (0.9828)  loss_fgl_dn_3: 0.9549 (0.9829)  loss_fgl_dn_4: 0.9549 (0.9830)  loss_fgl_dn_5: 0.9549 (0.9830)  loss_giou: 0.2738 (0.2739)  loss_giou_aux_0: 0.2811 (0.2857)  loss_giou_aux_1: 0.2806 (0.2756)  loss_giou_aux_2: 0.2741 (0.2739)  loss_giou_aux_3: 0.2739 (0.2739)  loss_giou_aux_4: 0.2739 (0.2739)  loss_giou_dn_0: 0.2851 (0.2850)  loss_giou_dn_1: 0.2164 (0.2177)  loss_giou_dn_2: 0.2129 (0.2135)  loss_giou_dn_3: 0.2128 (0.2135)  loss_giou_dn_4: 0.2128 (0.2135)  loss_giou_dn_5: 0.2128 (0.2135)  loss_giou_dn_pre: 0.2850 (0.2856)  loss_giou_enc_0: 0.3693 (0.3671)  loss_giou_pre: 0.2864 (0.2852)  loss_vfl: 0.3007 (0.3240)  loss_vfl_aux_0: 0.3569 (0.3665)  loss_vfl_aux_1: 0.3325 (0.3388)  loss_vfl_aux_2: 0.3070 (0.3295)  loss_vfl_aux_3: 0.3032 (0.3243)  loss_vfl_aux_4: 0.3031 (0.3240)  loss_vfl_dn_0: 0.3720 (0.3703)  loss_vfl_dn_1: 0.2861 (0.2900)  loss_vfl_dn_2: 0.2788 (0.2842)  loss_vfl_dn_3: 0.2776 (0.2833)  loss_vfl_dn_4: 0.2773 (0.2831)  loss_vfl_dn_5: 0.2773 (0.2833)  loss_vfl_dn_pre: 0.3732 (0.3711)  loss_vfl_enc_0: 0.4001 (0.4068)  loss_vfl_pre: 0.3556 (0.3663)  time: 0.6052  data: 0.0084  max mem: 17742
Epoch: [5/120]  [ 700/2360]  eta: 0:17:40  lr: 0.000009  loss: 22.4981 (22.8083)  loss_bbox: 0.0547 (0.0613)  loss_bbox_aux_0: 0.0583 (0.0677)  loss_bbox_aux_1: 0.0556 (0.0624)  loss_bbox_aux_2: 0.0547 (0.0613)  loss_bbox_aux_3: 0.0547 (0.0613)  loss_bbox_aux_4: 0.0547 (0.0613)  loss_bbox_dn_0: 0.0700 (0.0782)  loss_bbox_dn_1: 0.0489 (0.0553)  loss_bbox_dn_2: 0.0477 (0.0531)  loss_bbox_dn_3: 0.0478 (0.0530)  loss_bbox_dn_4: 0.0478 (0.0530)  loss_bbox_dn_5: 0.0478 (0.0530)  loss_bbox_dn_pre: 0.0780 (0.0820)  loss_bbox_enc_0: 0.0878 (0.1005)  loss_bbox_pre: 0.0589 (0.0678)  loss_ddf_aux_0: 0.0754 (0.0724)  loss_ddf_aux_1: 0.0185 (0.0175)  loss_ddf_aux_2: 0.0011 (0.0011)  loss_ddf_aux_3: 0.0000 (0.0000)  loss_ddf_aux_4: 0.0000 (0.0000)  loss_ddf_dn_0: 0.5583 (0.5815)  loss_ddf_dn_1: 0.0482 (0.0468)  loss_ddf_dn_2: 0.0099 (0.0080)  loss_ddf_dn_3: 0.0004 (0.0004)  loss_ddf_dn_4: 0.0000 (0.0000)  loss_ddf_dn_5: 0.0000 (0.0000)  loss_fgl: 0.9966 (1.0198)  loss_fgl_aux_0: 1.0304 (1.0494)  loss_fgl_aux_1: 1.0001 (1.0227)  loss_fgl_aux_2: 0.9964 (1.0197)  loss_fgl_aux_3: 0.9966 (1.0198)  loss_fgl_aux_4: 0.9966 (1.0198)  loss_fgl_dn_0: 1.0987 (1.1224)  loss_fgl_dn_1: 0.9686 (0.9911)  loss_fgl_dn_2: 0.9628 (0.9818)  loss_fgl_dn_3: 0.9629 (0.9819)  loss_fgl_dn_4: 0.9629 (0.9820)  loss_fgl_dn_5: 0.9630 (0.9820)  loss_giou: 0.2608 (0.2751)  loss_giou_aux_0: 0.2725 (0.2870)  loss_giou_aux_1: 0.2603 (0.2769)  loss_giou_aux_2: 0.2600 (0.2751)  loss_giou_aux_3: 0.2606 (0.2751)  loss_giou_aux_4: 0.2607 (0.2751)  loss_giou_dn_0: 0.2835 (0.2861)  loss_giou_dn_1: 0.2161 (0.2181)  loss_giou_dn_2: 0.2129 (0.2139)  loss_giou_dn_3: 0.2130 (0.2139)  loss_giou_dn_4: 0.2130 (0.2139)  loss_giou_dn_5: 0.2130 (0.2139)  loss_giou_dn_pre: 0.2844 (0.2866)  loss_giou_enc_0: 0.3388 (0.3682)  loss_giou_pre: 0.2720 (0.2865)  loss_vfl: 0.3018 (0.3242)  loss_vfl_aux_0: 0.3644 (0.3673)  loss_vfl_aux_1: 0.3342 (0.3393)  loss_vfl_aux_2: 0.3148 (0.3299)  loss_vfl_aux_3: 0.3058 (0.3246)  loss_vfl_aux_4: 0.3021 (0.3243)  loss_vfl_dn_0: 0.3686 (0.3708)  loss_vfl_dn_1: 0.2823 (0.2902)  loss_vfl_dn_2: 0.2805 (0.2844)  loss_vfl_dn_3: 0.2786 (0.2835)  loss_vfl_dn_4: 0.2787 (0.2833)  loss_vfl_dn_5: 0.2782 (0.2834)  loss_vfl_dn_pre: 0.3692 (0.3716)  loss_vfl_enc_0: 0.3978 (0.4074)  loss_vfl_pre: 0.3651 (0.3671)  time: 0.6051  data: 0.0086  max mem: 17742
Epoch: [5/120]  [ 800/2360]  eta: 0:16:42  lr: 0.000009  loss: 23.2500 (22.8215)  loss_bbox: 0.0562 (0.0614)  loss_bbox_aux_0: 0.0647 (0.0678)  loss_bbox_aux_1: 0.0565 (0.0625)  loss_bbox_aux_2: 0.0561 (0.0614)  loss_bbox_aux_3: 0.0562 (0.0614)  loss_bbox_aux_4: 0.0562 (0.0614)  loss_bbox_dn_0: 0.0790 (0.0784)  loss_bbox_dn_1: 0.0512 (0.0553)  loss_bbox_dn_2: 0.0504 (0.0532)  loss_bbox_dn_3: 0.0505 (0.0531)  loss_bbox_dn_4: 0.0504 (0.0531)  loss_bbox_dn_5: 0.0504 (0.0531)  loss_bbox_dn_pre: 0.0872 (0.0823)  loss_bbox_enc_0: 0.0986 (0.1011)  loss_bbox_pre: 0.0614 (0.0679)  loss_ddf_aux_0: 0.0730 (0.0728)  loss_ddf_aux_1: 0.0198 (0.0176)  loss_ddf_aux_2: 0.0010 (0.0011)  loss_ddf_aux_3: 0.0000 (0.0000)  loss_ddf_aux_4: 0.0000 (0.0000)  loss_ddf_dn_0: 0.4809 (0.5879)  loss_ddf_dn_1: 0.0492 (0.0472)  loss_ddf_dn_2: 0.0115 (0.0084)  loss_ddf_dn_3: 0.0004 (0.0004)  loss_ddf_dn_4: 0.0000 (0.0000)  loss_ddf_dn_5: 0.0000 (0.0000)  loss_fgl: 1.0403 (1.0187)  loss_fgl_aux_0: 1.0579 (1.0485)  loss_fgl_aux_1: 1.0374 (1.0216)  loss_fgl_aux_2: 1.0408 (1.0186)  loss_fgl_aux_3: 1.0404 (1.0187)  loss_fgl_aux_4: 1.0403 (1.0187)  loss_fgl_dn_0: 1.1330 (1.1226)  loss_fgl_dn_1: 1.0048 (0.9906)  loss_fgl_dn_2: 0.9939 (0.9815)  loss_fgl_dn_3: 0.9939 (0.9816)  loss_fgl_dn_4: 0.9942 (0.9817)  loss_fgl_dn_5: 0.9943 (0.9817)  loss_giou: 0.2727 (0.2760)  loss_giou_aux_0: 0.2901 (0.2879)  loss_giou_aux_1: 0.2737 (0.2777)  loss_giou_aux_2: 0.2725 (0.2760)  loss_giou_aux_3: 0.2725 (0.2760)  loss_giou_aux_4: 0.2726 (0.2760)  loss_giou_dn_0: 0.2911 (0.2870)  loss_giou_dn_1: 0.2262 (0.2185)  loss_giou_dn_2: 0.2198 (0.2143)  loss_giou_dn_3: 0.2198 (0.2143)  loss_giou_dn_4: 0.2198 (0.2142)  loss_giou_dn_5: 0.2198 (0.2142)  loss_giou_dn_pre: 0.2922 (0.2876)  loss_giou_enc_0: 0.3864 (0.3695)  loss_giou_pre: 0.2834 (0.2874)  loss_vfl: 0.3232 (0.3242)  loss_vfl_aux_0: 0.3739 (0.3675)  loss_vfl_aux_1: 0.3359 (0.3391)  loss_vfl_aux_2: 0.3236 (0.3297)  loss_vfl_aux_3: 0.3226 (0.3245)  loss_vfl_aux_4: 0.3240 (0.3242)  loss_vfl_dn_0: 0.3818 (0.3710)  loss_vfl_dn_1: 0.3018 (0.2903)  loss_vfl_dn_2: 0.2927 (0.2845)  loss_vfl_dn_3: 0.2914 (0.2836)  loss_vfl_dn_4: 0.2910 (0.2834)  loss_vfl_dn_5: 0.2905 (0.2836)  loss_vfl_dn_pre: 0.3836 (0.3718)  loss_vfl_enc_0: 0.4071 (0.4072)  loss_vfl_pre: 0.3725 (0.3673)  time: 0.7913  data: 0.0109  max mem: 17742
Epoch: [5/120]  [ 900/2360]  eta: 0:15:58  lr: 0.000009  loss: 22.8689 (22.8151)  loss_bbox: 0.0639 (0.0623)  loss_bbox_aux_0: 0.0659 (0.0687)  loss_bbox_aux_1: 0.0630 (0.0633)  loss_bbox_aux_2: 0.0639 (0.0623)  loss_bbox_aux_3: 0.0639 (0.0623)  loss_bbox_aux_4: 0.0639 (0.0623)  loss_bbox_dn_0: 0.0819 (0.0789)  loss_bbox_dn_1: 0.0558 (0.0556)  loss_bbox_dn_2: 0.0537 (0.0534)  loss_bbox_dn_3: 0.0537 (0.0533)  loss_bbox_dn_4: 0.0536 (0.0533)  loss_bbox_dn_5: 0.0536 (0.0533)  loss_bbox_dn_pre: 0.0847 (0.0827)  loss_bbox_enc_0: 0.0981 (0.1019)  loss_bbox_pre: 0.0645 (0.0686)  loss_ddf_aux_0: 0.0850 (0.0742)  loss_ddf_aux_1: 0.0205 (0.0181)  loss_ddf_aux_2: 0.0006 (0.0010)  loss_ddf_aux_3: 0.0000 (0.0000)  loss_ddf_aux_4: -0.0000 (0.0000)  loss_ddf_dn_0: 0.5243 (0.5800)  loss_ddf_dn_1: 0.0439 (0.0475)  loss_ddf_dn_2: 0.0130 (0.0089)  loss_ddf_dn_3: 0.0003 (0.0004)  loss_ddf_dn_4: 0.0000 (0.0000)  loss_ddf_dn_5: 0.0000 (0.0000)  loss_fgl: 0.9688 (1.0175)  loss_fgl_aux_0: 1.0047 (1.0477)  loss_fgl_aux_1: 0.9731 (1.0205)  loss_fgl_aux_2: 0.9695 (1.0174)  loss_fgl_aux_3: 0.9691 (1.0174)  loss_fgl_aux_4: 0.9689 (1.0175)  loss_fgl_dn_0: 1.0979 (1.1215)  loss_fgl_dn_1: 0.9649 (0.9892)  loss_fgl_dn_2: 0.9646 (0.9803)  loss_fgl_dn_3: 0.9653 (0.9804)  loss_fgl_dn_4: 0.9654 (0.9804)  loss_fgl_dn_5: 0.9654 (0.9805)  loss_giou: 0.2802 (0.2763)  loss_giou_aux_0: 0.2831 (0.2881)  loss_giou_aux_1: 0.2828 (0.2779)  loss_giou_aux_2: 0.2802 (0.2763)  loss_giou_aux_3: 0.2803 (0.2763)  loss_giou_aux_4: 0.2803 (0.2763)  loss_giou_dn_0: 0.2872 (0.2870)  loss_giou_dn_1: 0.2210 (0.2186)  loss_giou_dn_2: 0.2168 (0.2144)  loss_giou_dn_3: 0.2169 (0.2144)  loss_giou_dn_4: 0.2169 (0.2143)  loss_giou_dn_5: 0.2169 (0.2143)  loss_giou_dn_pre: 0.2866 (0.2876)  loss_giou_enc_0: 0.3697 (0.3697)  loss_giou_pre: 0.2857 (0.2875)  loss_vfl: 0.3157 (0.3239)  loss_vfl_aux_0: 0.3610 (0.3681)  loss_vfl_aux_1: 0.3312 (0.3397)  loss_vfl_aux_2: 0.3239 (0.3294)  loss_vfl_aux_3: 0.3166 (0.3244)  loss_vfl_aux_4: 0.3164 (0.3241)  loss_vfl_dn_0: 0.3695 (0.3711)  loss_vfl_dn_1: 0.2872 (0.2902)  loss_vfl_dn_2: 0.2818 (0.2843)  loss_vfl_dn_3: 0.2821 (0.2834)  loss_vfl_dn_4: 0.2807 (0.2832)  loss_vfl_dn_5: 0.2811 (0.2833)  loss_vfl_dn_pre: 0.3691 (0.3719)  loss_vfl_enc_0: 0.4121 (0.4092)  loss_vfl_pre: 0.3612 (0.3678)  time: 0.7517  data: 0.0105  max mem: 17742
Epoch: [5/120]  [1000/2360]  eta: 0:14:56  lr: 0.000009  loss: 22.5107 (22.8227)  loss_bbox: 0.0549 (0.0626)  loss_bbox_aux_0: 0.0633 (0.0690)  loss_bbox_aux_1: 0.0582 (0.0637)  loss_bbox_aux_2: 0.0551 (0.0626)  loss_bbox_aux_3: 0.0549 (0.0626)  loss_bbox_aux_4: 0.0549 (0.0626)  loss_bbox_dn_0: 0.0724 (0.0788)  loss_bbox_dn_1: 0.0435 (0.0555)  loss_bbox_dn_2: 0.0426 (0.0533)  loss_bbox_dn_3: 0.0425 (0.0532)  loss_bbox_dn_4: 0.0424 (0.0532)  loss_bbox_dn_5: 0.0424 (0.0532)  loss_bbox_dn_pre: 0.0758 (0.0827)  loss_bbox_enc_0: 0.0938 (0.1023)  loss_bbox_pre: 0.0647 (0.0689)  loss_ddf_aux_0: 0.0989 (0.0744)  loss_ddf_aux_1: 0.0325 (0.0187)  loss_ddf_aux_2: 0.0013 (0.0010)  loss_ddf_aux_3: 0.0000 (0.0000)  loss_ddf_aux_4: 0.0000 (0.0000)  loss_ddf_dn_0: 0.5652 (0.5794)  loss_ddf_dn_1: 0.0893 (0.0506)  loss_ddf_dn_2: 0.0256 (0.0101)  loss_ddf_dn_3: 0.0009 (0.0004)  loss_ddf_dn_4: 0.0000 (0.0000)  loss_ddf_dn_5: 0.0000 (0.0000)  loss_fgl: 0.9988 (1.0180)  loss_fgl_aux_0: 1.0398 (1.0479)  loss_fgl_aux_1: 1.0070 (1.0211)  loss_fgl_aux_2: 0.9992 (1.0179)  loss_fgl_aux_3: 0.9987 (1.0180)  loss_fgl_aux_4: 0.9989 (1.0180)  loss_fgl_dn_0: 1.1125 (1.1213)  loss_fgl_dn_1: 0.9736 (0.9889)  loss_fgl_dn_2: 0.9635 (0.9801)  loss_fgl_dn_3: 0.9638 (0.9802)  loss_fgl_dn_4: 0.9637 (0.9802)  loss_fgl_dn_5: 0.9637 (0.9802)  loss_giou: 0.2657 (0.2762)  loss_giou_aux_0: 0.2750 (0.2880)  loss_giou_aux_1: 0.2641 (0.2779)  loss_giou_aux_2: 0.2662 (0.2762)  loss_giou_aux_3: 0.2659 (0.2762)  loss_giou_aux_4: 0.2658 (0.2762)  loss_giou_dn_0: 0.2883 (0.2868)  loss_giou_dn_1: 0.2185 (0.2183)  loss_giou_dn_2: 0.2136 (0.2142)  loss_giou_dn_3: 0.2123 (0.2141)  loss_giou_dn_4: 0.2127 (0.2141)  loss_giou_dn_5: 0.2128 (0.2141)  loss_giou_dn_pre: 0.2868 (0.2874)  loss_giou_enc_0: 0.3795 (0.3704)  loss_giou_pre: 0.2751 (0.2874)  loss_vfl: 0.3090 (0.3235)  loss_vfl_aux_0: 0.3686 (0.3684)  loss_vfl_aux_1: 0.3182 (0.3400)  loss_vfl_aux_2: 0.3087 (0.3295)  loss_vfl_aux_3: 0.3108 (0.3239)  loss_vfl_aux_4: 0.3110 (0.3236)  loss_vfl_dn_0: 0.3683 (0.3711)  loss_vfl_dn_1: 0.2828 (0.2901)  loss_vfl_dn_2: 0.2756 (0.2843)  loss_vfl_dn_3: 0.2753 (0.2833)  loss_vfl_dn_4: 0.2751 (0.2832)  loss_vfl_dn_5: 0.2750 (0.2833)  loss_vfl_dn_pre: 0.3692 (0.3719)  loss_vfl_enc_0: 0.4050 (0.4103)  loss_vfl_pre: 0.3697 (0.3682)  time: 0.6240  data: 0.0084  max mem: 17742
Epoch: [5/120]  [1100/2360]  eta: 0:13:46  lr: 0.000009  loss: 24.0955 (22.8657)  loss_bbox: 0.0554 (0.0623)  loss_bbox_aux_0: 0.0685 (0.0688)  loss_bbox_aux_1: 0.0545 (0.0633)  loss_bbox_aux_2: 0.0556 (0.0623)  loss_bbox_aux_3: 0.0555 (0.0623)  loss_bbox_aux_4: 0.0554 (0.0623)  loss_bbox_dn_0: 0.0824 (0.0789)  loss_bbox_dn_1: 0.0551 (0.0554)  loss_bbox_dn_2: 0.0513 (0.0532)  loss_bbox_dn_3: 0.0511 (0.0531)  loss_bbox_dn_4: 0.0510 (0.0530)  loss_bbox_dn_5: 0.0510 (0.0530)  loss_bbox_dn_pre: 0.0872 (0.0828)  loss_bbox_enc_0: 0.1074 (0.1025)  loss_bbox_pre: 0.0681 (0.0688)  loss_ddf_aux_0: 0.1509 (0.0803)  loss_ddf_aux_1: 0.0291 (0.0208)  loss_ddf_aux_2: 0.0014 (0.0011)  loss_ddf_aux_3: 0.0000 (0.0000)  loss_ddf_aux_4: 0.0000 (0.0000)  loss_ddf_dn_0: 1.5396 (0.6230)  loss_ddf_dn_1: 0.0758 (0.0566)  loss_ddf_dn_2: 0.0247 (0.0130)  loss_ddf_dn_3: 0.0003 (0.0005)  loss_ddf_dn_4: 0.0000 (0.0000)  loss_ddf_dn_5: 0.0000 (0.0000)  loss_fgl: 1.0130 (1.0174)  loss_fgl_aux_0: 1.0545 (1.0476)  loss_fgl_aux_1: 1.0168 (1.0205)  loss_fgl_aux_2: 1.0139 (1.0173)  loss_fgl_aux_3: 1.0128 (1.0174)  loss_fgl_aux_4: 1.0129 (1.0174)  loss_fgl_dn_0: 1.1236 (1.1211)  loss_fgl_dn_1: 0.9971 (0.9887)  loss_fgl_dn_2: 0.9942 (0.9800)  loss_fgl_dn_3: 0.9942 (0.9801)  loss_fgl_dn_4: 0.9941 (0.9801)  loss_fgl_dn_5: 0.9941 (0.9802)  loss_giou: 0.2668 (0.2753)  loss_giou_aux_0: 0.2766 (0.2873)  loss_giou_aux_1: 0.2685 (0.2770)  loss_giou_aux_2: 0.2664 (0.2753)  loss_giou_aux_3: 0.2669 (0.2753)  loss_giou_aux_4: 0.2669 (0.2753)  loss_giou_dn_0: 0.2875 (0.2865)  loss_giou_dn_1: 0.2194 (0.2179)  loss_giou_dn_2: 0.2138 (0.2137)  loss_giou_dn_3: 0.2136 (0.2137)  loss_giou_dn_4: 0.2136 (0.2137)  loss_giou_dn_5: 0.2136 (0.2137)  loss_giou_dn_pre: 0.2896 (0.2871)  loss_giou_enc_0: 0.3724 (0.3701)  loss_giou_pre: 0.2776 (0.2867)  loss_vfl: 0.3126 (0.3232)  loss_vfl_aux_0: 0.3579 (0.3682)  loss_vfl_aux_1: 0.3256 (0.3396)  loss_vfl_aux_2: 0.3213 (0.3291)  loss_vfl_aux_3: 0.3141 (0.3236)  loss_vfl_aux_4: 0.3126 (0.3232)  loss_vfl_dn_0: 0.3733 (0.3712)  loss_vfl_dn_1: 0.2916 (0.2899)  loss_vfl_dn_2: 0.2842 (0.2840)  loss_vfl_dn_3: 0.2846 (0.2831)  loss_vfl_dn_4: 0.2838 (0.2829)  loss_vfl_dn_5: 0.2837 (0.2831)  loss_vfl_dn_pre: 0.3768 (0.3721)  loss_vfl_enc_0: 0.4278 (0.4108)  loss_vfl_pre: 0.3580 (0.3680)  time: 0.6349  data: 0.0087  max mem: 17742
Epoch: [5/120]  [1200/2360]  eta: 0:12:37  lr: 0.000009  loss: 23.1775 (22.8745)  loss_bbox: 0.0572 (0.0620)  loss_bbox_aux_0: 0.0665 (0.0686)  loss_bbox_aux_1: 0.0581 (0.0631)  loss_bbox_aux_2: 0.0572 (0.0620)  loss_bbox_aux_3: 0.0571 (0.0620)  loss_bbox_aux_4: 0.0572 (0.0620)  loss_bbox_dn_0: 0.0723 (0.0787)  loss_bbox_dn_1: 0.0491 (0.0551)  loss_bbox_dn_2: 0.0462 (0.0528)  loss_bbox_dn_3: 0.0461 (0.0528)  loss_bbox_dn_4: 0.0462 (0.0527)  loss_bbox_dn_5: 0.0462 (0.0527)  loss_bbox_dn_pre: 0.0756 (0.0825)  loss_bbox_enc_0: 0.0873 (0.1018)  loss_bbox_pre: 0.0637 (0.0685)  loss_ddf_aux_0: 0.0783 (0.0815)  loss_ddf_aux_1: 0.0272 (0.0208)  loss_ddf_aux_2: 0.0015 (0.0011)  loss_ddf_aux_3: -0.0000 (0.0000)  loss_ddf_aux_4: -0.0000 (0.0000)  loss_ddf_dn_0: 0.8046 (0.6410)  loss_ddf_dn_1: 0.0877 (0.0563)  loss_ddf_dn_2: 0.0193 (0.0130)  loss_ddf_dn_3: 0.0005 (0.0004)  loss_ddf_dn_4: 0.0000 (0.0000)  loss_ddf_dn_5: 0.0000 (0.0000)  loss_fgl: 0.9880 (1.0169)  loss_fgl_aux_0: 1.0222 (1.0472)  loss_fgl_aux_1: 0.9893 (1.0200)  loss_fgl_aux_2: 0.9878 (1.0168)  loss_fgl_aux_3: 0.9882 (1.0169)  loss_fgl_aux_4: 0.9881 (1.0169)  loss_fgl_dn_0: 1.1085 (1.1220)  loss_fgl_dn_1: 0.9707 (0.9890)  loss_fgl_dn_2: 0.9652 (0.9803)  loss_fgl_dn_3: 0.9650 (0.9804)  loss_fgl_dn_4: 0.9649 (0.9805)  loss_fgl_dn_5: 0.9651 (0.9805)  loss_giou: 0.2708 (0.2757)  loss_giou_aux_0: 0.2844 (0.2879)  loss_giou_aux_1: 0.2830 (0.2773)  loss_giou_aux_2: 0.2710 (0.2757)  loss_giou_aux_3: 0.2709 (0.2757)  loss_giou_aux_4: 0.2708 (0.2757)  loss_giou_dn_0: 0.2916 (0.2867)  loss_giou_dn_1: 0.2188 (0.2178)  loss_giou_dn_2: 0.2140 (0.2137)  loss_giou_dn_3: 0.2136 (0.2136)  loss_giou_dn_4: 0.2136 (0.2136)  loss_giou_dn_5: 0.2136 (0.2136)  loss_giou_dn_pre: 0.2927 (0.2873)  loss_giou_enc_0: 0.3449 (0.3701)  loss_giou_pre: 0.2872 (0.2872)  loss_vfl: 0.3172 (0.3223)  loss_vfl_aux_0: 0.3493 (0.3671)  loss_vfl_aux_1: 0.3328 (0.3384)  loss_vfl_aux_2: 0.3228 (0.3281)  loss_vfl_aux_3: 0.3184 (0.3227)  loss_vfl_aux_4: 0.3200 (0.3223)  loss_vfl_dn_0: 0.3717 (0.3713)  loss_vfl_dn_1: 0.2911 (0.2899)  loss_vfl_dn_2: 0.2817 (0.2840)  loss_vfl_dn_3: 0.2822 (0.2830)  loss_vfl_dn_4: 0.2814 (0.2828)  loss_vfl_dn_5: 0.2811 (0.2830)  loss_vfl_dn_pre: 0.3732 (0.3721)  loss_vfl_enc_0: 0.3787 (0.4099)  loss_vfl_pre: 0.3470 (0.3668)  time: 0.6252  data: 0.0086  max mem: 17742
Epoch: [5/120]  [1300/2360]  eta: 0:11:31  lr: 0.000009  loss: 21.6862 (22.8638)  loss_bbox: 0.0518 (0.0621)  loss_bbox_aux_0: 0.0598 (0.0687)  loss_bbox_aux_1: 0.0513 (0.0632)  loss_bbox_aux_2: 0.0518 (0.0622)  loss_bbox_aux_3: 0.0518 (0.0621)  loss_bbox_aux_4: 0.0518 (0.0621)  loss_bbox_dn_0: 0.0680 (0.0787)  loss_bbox_dn_1: 0.0455 (0.0551)  loss_bbox_dn_2: 0.0447 (0.0529)  loss_bbox_dn_3: 0.0441 (0.0528)  loss_bbox_dn_4: 0.0438 (0.0528)  loss_bbox_dn_5: 0.0438 (0.0528)  loss_bbox_dn_pre: 0.0692 (0.0825)  loss_bbox_enc_0: 0.0833 (0.1025)  loss_bbox_pre: 0.0596 (0.0690)  loss_ddf_aux_0: 0.0566 (0.0800)  loss_ddf_aux_1: 0.0165 (0.0208)  loss_ddf_aux_2: 0.0009 (0.0011)  loss_ddf_aux_3: 0.0000 (0.0000)  loss_ddf_aux_4: 0.0000 (0.0000)  loss_ddf_dn_0: 0.5394 (0.6309)  loss_ddf_dn_1: 0.0884 (0.0579)  loss_ddf_dn_2: 0.0303 (0.0139)  loss_ddf_dn_3: 0.0010 (0.0005)  loss_ddf_dn_4: 0.0000 (0.0000)  loss_ddf_dn_5: 0.0000 (0.0000)  loss_fgl: 0.9783 (1.0191)  loss_fgl_aux_0: 1.0108 (1.0484)  loss_fgl_aux_1: 0.9853 (1.0215)  loss_fgl_aux_2: 0.9781 (1.0185)  loss_fgl_aux_3: 0.9783 (1.0190)  loss_fgl_aux_4: 0.9784 (1.0190)  loss_fgl_dn_0: 1.0754 (1.1208)  loss_fgl_dn_1: 0.9515 (0.9881)  loss_fgl_dn_2: 0.9352 (0.9795)  loss_fgl_dn_3: 0.9358 (0.9796)  loss_fgl_dn_4: 0.9356 (0.9796)  loss_fgl_dn_5: 0.9356 (0.9797)  loss_giou: 0.2432 (0.2755)  loss_giou_aux_0: 0.2562 (0.2878)  loss_giou_aux_1: 0.2445 (0.2772)  loss_giou_aux_2: 0.2408 (0.2755)  loss_giou_aux_3: 0.2429 (0.2755)  loss_giou_aux_4: 0.2431 (0.2755)  loss_giou_dn_0: 0.2655 (0.2861)  loss_giou_dn_1: 0.2040 (0.2174)  loss_giou_dn_2: 0.2000 (0.2133)  loss_giou_dn_3: 0.1998 (0.2132)  loss_giou_dn_4: 0.1999 (0.2132)  loss_giou_dn_5: 0.1999 (0.2132)  loss_giou_dn_pre: 0.2704 (0.2866)  loss_giou_enc_0: 0.3311 (0.3700)  loss_giou_pre: 0.2549 (0.2872)  loss_vfl: 0.2990 (0.3219)  loss_vfl_aux_0: 0.3424 (0.3666)  loss_vfl_aux_1: 0.3105 (0.3380)  loss_vfl_aux_2: 0.3013 (0.3278)  loss_vfl_aux_3: 0.2996 (0.3224)  loss_vfl_aux_4: 0.2990 (0.3219)  loss_vfl_dn_0: 0.3641 (0.3709)  loss_vfl_dn_1: 0.2852 (0.2898)  loss_vfl_dn_2: 0.2778 (0.2838)  loss_vfl_dn_3: 0.2761 (0.2828)  loss_vfl_dn_4: 0.2756 (0.2826)  loss_vfl_dn_5: 0.2760 (0.2827)  loss_vfl_dn_pre: 0.3654 (0.3718)  loss_vfl_enc_0: 0.3988 (0.4096)  loss_vfl_pre: 0.3427 (0.3662)  time: 0.6260  data: 0.0088  max mem: 17742
Epoch: [5/120]  [1400/2360]  eta: 0:10:24  lr: 0.000009  loss: 22.6351 (22.8853)  loss_bbox: 0.0527 (0.0620)  loss_bbox_aux_0: 0.0639 (0.0685)  loss_bbox_aux_1: 0.0560 (0.0630)  loss_bbox_aux_2: 0.0531 (0.0620)  loss_bbox_aux_3: 0.0528 (0.0620)  loss_bbox_aux_4: 0.0527 (0.0620)  loss_bbox_dn_0: 0.0647 (0.0783)  loss_bbox_dn_1: 0.0432 (0.0549)  loss_bbox_dn_2: 0.0415 (0.0526)  loss_bbox_dn_3: 0.0415 (0.0526)  loss_bbox_dn_4: 0.0414 (0.0525)  loss_bbox_dn_5: 0.0414 (0.0525)  loss_bbox_dn_pre: 0.0655 (0.0821)  loss_bbox_enc_0: 0.0899 (0.1019)  loss_bbox_pre: 0.0619 (0.0689)  loss_ddf_aux_0: 0.0778 (0.0800)  loss_ddf_aux_1: 0.0287 (0.0211)  loss_ddf_aux_2: 0.0014 (0.0011)  loss_ddf_aux_3: 0.0000 (0.0000)  loss_ddf_aux_4: 0.0000 (0.0000)  loss_ddf_dn_0: 0.6528 (0.6286)  loss_ddf_dn_1: 0.1280 (0.0613)  loss_ddf_dn_2: 0.0384 (0.0152)  loss_ddf_dn_3: 0.0013 (0.0005)  loss_ddf_dn_4: 0.0000 (0.0000)  loss_ddf_dn_5: 0.0000 (0.0000)  loss_fgl: 1.0425 (1.0196)  loss_fgl_aux_0: 1.0652 (1.0486)  loss_fgl_aux_1: 1.0377 (1.0221)  loss_fgl_aux_2: 1.0422 (1.0192)  loss_fgl_aux_3: 1.0423 (1.0196)  loss_fgl_aux_4: 1.0424 (1.0196)  loss_fgl_dn_0: 1.1125 (1.1206)  loss_fgl_dn_1: 0.9920 (0.9886)  loss_fgl_dn_2: 0.9855 (0.9800)  loss_fgl_dn_3: 0.9857 (0.9801)  loss_fgl_dn_4: 0.9857 (0.9802)  loss_fgl_dn_5: 0.9858 (0.9802)  loss_giou: 0.2695 (0.2768)  loss_giou_aux_0: 0.2821 (0.2890)  loss_giou_aux_1: 0.2760 (0.2785)  loss_giou_aux_2: 0.2697 (0.2768)  loss_giou_aux_3: 0.2696 (0.2768)  loss_giou_aux_4: 0.2695 (0.2768)  loss_giou_dn_0: 0.2815 (0.2864)  loss_giou_dn_1: 0.2133 (0.2179)  loss_giou_dn_2: 0.2084 (0.2137)  loss_giou_dn_3: 0.2084 (0.2136)  loss_giou_dn_4: 0.2084 (0.2136)  loss_giou_dn_5: 0.2084 (0.2136)  loss_giou_dn_pre: 0.2797 (0.2869)  loss_giou_enc_0: 0.3554 (0.3709)  loss_giou_pre: 0.2798 (0.2884)  loss_vfl: 0.3248 (0.3224)  loss_vfl_aux_0: 0.3566 (0.3670)  loss_vfl_aux_1: 0.3408 (0.3384)  loss_vfl_aux_2: 0.3284 (0.3281)  loss_vfl_aux_3: 0.3280 (0.3228)  loss_vfl_aux_4: 0.3239 (0.3224)  loss_vfl_dn_0: 0.3667 (0.3710)  loss_vfl_dn_1: 0.2831 (0.2900)  loss_vfl_dn_2: 0.2797 (0.2840)  loss_vfl_dn_3: 0.2771 (0.2830)  loss_vfl_dn_4: 0.2774 (0.2829)  loss_vfl_dn_5: 0.2777 (0.2830)  loss_vfl_dn_pre: 0.3668 (0.3718)  loss_vfl_enc_0: 0.4120 (0.4102)  loss_vfl_pre: 0.3562 (0.3666)  time: 0.6548  data: 0.0094  max mem: 17742
Epoch: [5/120]  [1500/2360]  eta: 0:09:20  lr: 0.000009  loss: 22.9517 (22.8889)  loss_bbox: 0.0607 (0.0622)  loss_bbox_aux_0: 0.0712 (0.0688)  loss_bbox_aux_1: 0.0630 (0.0632)  loss_bbox_aux_2: 0.0607 (0.0622)  loss_bbox_aux_3: 0.0607 (0.0622)  loss_bbox_aux_4: 0.0607 (0.0622)  loss_bbox_dn_0: 0.0836 (0.0787)  loss_bbox_dn_1: 0.0666 (0.0551)  loss_bbox_dn_2: 0.0642 (0.0529)  loss_bbox_dn_3: 0.0634 (0.0528)  loss_bbox_dn_4: 0.0618 (0.0528)  loss_bbox_dn_5: 0.0618 (0.0528)  loss_bbox_dn_pre: 0.0817 (0.0824)  loss_bbox_enc_0: 0.0984 (0.1025)  loss_bbox_pre: 0.0690 (0.0692)  loss_ddf_aux_0: 0.0802 (0.0797)  loss_ddf_aux_1: 0.0206 (0.0214)  loss_ddf_aux_2: 0.0019 (0.0012)  loss_ddf_aux_3: 0.0000 (0.0000)  loss_ddf_aux_4: 0.0000 (0.0000)  loss_ddf_dn_0: 0.8502 (0.6290)  loss_ddf_dn_1: 0.0685 (0.0651)  loss_ddf_dn_2: 0.0282 (0.0176)  loss_ddf_dn_3: 0.0004 (0.0005)  loss_ddf_dn_4: 0.0000 (0.0000)  loss_ddf_dn_5: 0.0000 (0.0000)  loss_fgl: 0.9845 (1.0191)  loss_fgl_aux_0: 1.0293 (1.0484)  loss_fgl_aux_1: 0.9910 (1.0217)  loss_fgl_aux_2: 0.9841 (1.0187)  loss_fgl_aux_3: 0.9844 (1.0191)  loss_fgl_aux_4: 0.9845 (1.0191)  loss_fgl_dn_0: 1.1070 (1.1205)  loss_fgl_dn_1: 0.9618 (0.9883)  loss_fgl_dn_2: 0.9616 (0.9798)  loss_fgl_dn_3: 0.9618 (0.9799)  loss_fgl_dn_4: 0.9616 (0.9799)  loss_fgl_dn_5: 0.9615 (0.9800)  loss_giou: 0.2707 (0.2763)  loss_giou_aux_0: 0.2874 (0.2886)  loss_giou_aux_1: 0.2756 (0.2780)  loss_giou_aux_2: 0.2707 (0.2763)  loss_giou_aux_3: 0.2706 (0.2763)  loss_giou_aux_4: 0.2707 (0.2763)  loss_giou_dn_0: 0.2726 (0.2863)  loss_giou_dn_1: 0.2117 (0.2177)  loss_giou_dn_2: 0.2091 (0.2135)  loss_giou_dn_3: 0.2095 (0.2135)  loss_giou_dn_4: 0.2096 (0.2134)  loss_giou_dn_5: 0.2096 (0.2135)  loss_giou_dn_pre: 0.2716 (0.2869)  loss_giou_enc_0: 0.3485 (0.3710)  loss_giou_pre: 0.2808 (0.2881)  loss_vfl: 0.3058 (0.3223)  loss_vfl_aux_0: 0.3553 (0.3671)  loss_vfl_aux_1: 0.3381 (0.3384)  loss_vfl_aux_2: 0.3077 (0.3282)  loss_vfl_aux_3: 0.3064 (0.3228)  loss_vfl_aux_4: 0.3060 (0.3223)  loss_vfl_dn_0: 0.3657 (0.3712)  loss_vfl_dn_1: 0.2844 (0.2899)  loss_vfl_dn_2: 0.2761 (0.2839)  loss_vfl_dn_3: 0.2774 (0.2830)  loss_vfl_dn_4: 0.2765 (0.2828)  loss_vfl_dn_5: 0.2769 (0.2829)  loss_vfl_dn_pre: 0.3669 (0.3720)  loss_vfl_enc_0: 0.3968 (0.4107)  loss_vfl_pre: 0.3536 (0.3668)  time: 0.7218  data: 0.0102  max mem: 17742
Epoch: [5/120]  [1600/2360]  eta: 0:08:19  lr: 0.000009  loss: 23.3365 (22.8815)  loss_bbox: 0.0556 (0.0619)  loss_bbox_aux_0: 0.0586 (0.0684)  loss_bbox_aux_1: 0.0549 (0.0629)  loss_bbox_aux_2: 0.0556 (0.0619)  loss_bbox_aux_3: 0.0556 (0.0619)  loss_bbox_aux_4: 0.0556 (0.0619)  loss_bbox_dn_0: 0.0768 (0.0783)  loss_bbox_dn_1: 0.0528 (0.0549)  loss_bbox_dn_2: 0.0499 (0.0526)  loss_bbox_dn_3: 0.0500 (0.0526)  loss_bbox_dn_4: 0.0500 (0.0525)  loss_bbox_dn_5: 0.0500 (0.0525)  loss_bbox_dn_pre: 0.0786 (0.0820)  loss_bbox_enc_0: 0.0948 (0.1020)  loss_bbox_pre: 0.0593 (0.0687)  loss_ddf_aux_0: 0.0803 (0.0780)  loss_ddf_aux_1: 0.0464 (0.0216)  loss_ddf_aux_2: 0.0020 (0.0012)  loss_ddf_aux_3: 0.0000 (0.0000)  loss_ddf_aux_4: -0.0000 (0.0000)  loss_ddf_dn_0: 0.6615 (0.6207)  loss_ddf_dn_1: 0.2095 (0.0688)  loss_ddf_dn_2: 0.1026 (0.0196)  loss_ddf_dn_3: 0.0016 (0.0006)  loss_ddf_dn_4: 0.0000 (0.0000)  loss_ddf_dn_5: 0.0000 (0.0000)  loss_fgl: 1.0209 (1.0193)  loss_fgl_aux_0: 1.0349 (1.0485)  loss_fgl_aux_1: 1.0159 (1.0219)  loss_fgl_aux_2: 1.0200 (1.0189)  loss_fgl_aux_3: 1.0205 (1.0192)  loss_fgl_aux_4: 1.0207 (1.0193)  loss_fgl_dn_0: 1.1100 (1.1204)  loss_fgl_dn_1: 0.9846 (0.9885)  loss_fgl_dn_2: 0.9776 (0.9800)  loss_fgl_dn_3: 0.9785 (0.9802)  loss_fgl_dn_4: 0.9784 (0.9802)  loss_fgl_dn_5: 0.9783 (0.9802)  loss_giou: 0.2617 (0.2763)  loss_giou_aux_0: 0.2744 (0.2886)  loss_giou_aux_1: 0.2612 (0.2781)  loss_giou_aux_2: 0.2619 (0.2763)  loss_giou_aux_3: 0.2617 (0.2763)  loss_giou_aux_4: 0.2617 (0.2763)  loss_giou_dn_0: 0.2845 (0.2865)  loss_giou_dn_1: 0.2193 (0.2178)  loss_giou_dn_2: 0.2142 (0.2136)  loss_giou_dn_3: 0.2143 (0.2136)  loss_giou_dn_4: 0.2142 (0.2135)  loss_giou_dn_5: 0.2142 (0.2135)  loss_giou_dn_pre: 0.2831 (0.2870)  loss_giou_enc_0: 0.3670 (0.3711)  loss_giou_pre: 0.2728 (0.2881)  loss_vfl: 0.3131 (0.3223)  loss_vfl_aux_0: 0.3678 (0.3668)  loss_vfl_aux_1: 0.3185 (0.3381)  loss_vfl_aux_2: 0.3084 (0.3279)  loss_vfl_aux_3: 0.3090 (0.3227)  loss_vfl_aux_4: 0.3136 (0.3222)  loss_vfl_dn_0: 0.3725 (0.3711)  loss_vfl_dn_1: 0.2928 (0.2900)  loss_vfl_dn_2: 0.2841 (0.2840)  loss_vfl_dn_3: 0.2832 (0.2830)  loss_vfl_dn_4: 0.2835 (0.2828)  loss_vfl_dn_5: 0.2839 (0.2830)  loss_vfl_dn_pre: 0.3734 (0.3720)  loss_vfl_enc_0: 0.4037 (0.4105)  loss_vfl_pre: 0.3633 (0.3665)  time: 0.7210  data: 0.0101  max mem: 17742
Epoch: [5/120]  [1700/2360]  eta: 0:07:13  lr: 0.000009  loss: 22.3402 (22.9456)  loss_bbox: 0.0434 (0.0619)  loss_bbox_aux_0: 0.0528 (0.0684)  loss_bbox_aux_1: 0.0442 (0.0629)  loss_bbox_aux_2: 0.0434 (0.0619)  loss_bbox_aux_3: 0.0434 (0.0619)  loss_bbox_aux_4: 0.0434 (0.0619)  loss_bbox_dn_0: 0.0685 (0.0784)  loss_bbox_dn_1: 0.0409 (0.0549)  loss_bbox_dn_2: 0.0383 (0.0527)  loss_bbox_dn_3: 0.0381 (0.0526)  loss_bbox_dn_4: 0.0375 (0.0526)  loss_bbox_dn_5: 0.0375 (0.0526)  loss_bbox_dn_pre: 0.0729 (0.0820)  loss_bbox_enc_0: 0.0929 (0.1021)  loss_bbox_pre: 0.0546 (0.0688)  loss_ddf_aux_0: 0.0500 (0.0810)  loss_ddf_aux_1: 0.0045 (0.0235)  loss_ddf_aux_2: 0.0008 (0.0013)  loss_ddf_aux_3: 0.0000 (0.0000)  loss_ddf_aux_4: 0.0000 (0.0000)  loss_ddf_dn_0: 0.5228 (0.6579)  loss_ddf_dn_1: 0.0319 (0.0823)  loss_ddf_dn_2: 0.0068 (0.0240)  loss_ddf_dn_3: 0.0004 (0.0006)  loss_ddf_dn_4: 0.0000 (0.0000)  loss_ddf_dn_5: 0.0000 (0.0000)  loss_fgl: 0.9762 (1.0201)  loss_fgl_aux_0: 1.0241 (1.0489)  loss_fgl_aux_1: 0.9791 (1.0224)  loss_fgl_aux_2: 0.9752 (1.0197)  loss_fgl_aux_3: 0.9757 (1.0201)  loss_fgl_aux_4: 0.9760 (1.0201)  loss_fgl_dn_0: 1.1289 (1.1208)  loss_fgl_dn_1: 0.9833 (0.9890)  loss_fgl_dn_2: 0.9715 (0.9807)  loss_fgl_dn_3: 0.9715 (0.9809)  loss_fgl_dn_4: 0.9706 (0.9809)  loss_fgl_dn_5: 0.9706 (0.9810)  loss_giou: 0.2541 (0.2758)  loss_giou_aux_0: 0.2726 (0.2880)  loss_giou_aux_1: 0.2548 (0.2775)  loss_giou_aux_2: 0.2541 (0.2757)  loss_giou_aux_3: 0.2542 (0.2757)  loss_giou_aux_4: 0.2542 (0.2757)  loss_giou_dn_0: 0.2787 (0.2864)  loss_giou_dn_1: 0.2163 (0.2177)  loss_giou_dn_2: 0.2117 (0.2135)  loss_giou_dn_3: 0.2118 (0.2135)  loss_giou_dn_4: 0.2116 (0.2135)  loss_giou_dn_5: 0.2116 (0.2135)  loss_giou_dn_pre: 0.2792 (0.2869)  loss_giou_enc_0: 0.3660 (0.3706)  loss_giou_pre: 0.2738 (0.2875)  loss_vfl: 0.2972 (0.3221)  loss_vfl_aux_0: 0.3501 (0.3668)  loss_vfl_aux_1: 0.3244 (0.3382)  loss_vfl_aux_2: 0.3071 (0.3279)  loss_vfl_aux_3: 0.2964 (0.3226)  loss_vfl_aux_4: 0.2954 (0.3220)  loss_vfl_dn_0: 0.3688 (0.3713)  loss_vfl_dn_1: 0.2955 (0.2903)  loss_vfl_dn_2: 0.2851 (0.2840)  loss_vfl_dn_3: 0.2808 (0.2830)  loss_vfl_dn_4: 0.2799 (0.2828)  loss_vfl_dn_5: 0.2802 (0.2829)  loss_vfl_dn_pre: 0.3726 (0.3722)  loss_vfl_enc_0: 0.3975 (0.4107)  loss_vfl_pre: 0.3516 (0.3665)  time: 0.6614  data: 0.0094  max mem: 17742
Epoch: [5/120]  [1800/2360]  eta: 0:06:06  lr: 0.000009  loss: 23.9108 (22.9374)  loss_bbox: 0.0494 (0.0619)  loss_bbox_aux_0: 0.0564 (0.0685)  loss_bbox_aux_1: 0.0504 (0.0629)  loss_bbox_aux_2: 0.0494 (0.0619)  loss_bbox_aux_3: 0.0494 (0.0619)  loss_bbox_aux_4: 0.0494 (0.0619)  loss_bbox_dn_0: 0.0673 (0.0783)  loss_bbox_dn_1: 0.0495 (0.0549)  loss_bbox_dn_2: 0.0416 (0.0526)  loss_bbox_dn_3: 0.0414 (0.0526)  loss_bbox_dn_4: 0.0414 (0.0525)  loss_bbox_dn_5: 0.0414 (0.0525)  loss_bbox_dn_pre: 0.0673 (0.0819)  loss_bbox_enc_0: 0.0941 (0.1023)  loss_bbox_pre: 0.0542 (0.0688)  loss_ddf_aux_0: 0.0409 (0.0789)  loss_ddf_aux_1: 0.0105 (0.0228)  loss_ddf_aux_2: 0.0012 (0.0012)  loss_ddf_aux_3: 0.0000 (0.0000)  loss_ddf_aux_4: 0.0000 (0.0000)  loss_ddf_dn_0: 0.8529 (0.6475)  loss_ddf_dn_1: 0.3421 (0.0849)  loss_ddf_dn_2: 0.3053 (0.0280)  loss_ddf_dn_3: 0.0041 (0.0007)  loss_ddf_dn_4: 0.0000 (0.0000)  loss_ddf_dn_5: 0.0000 (0.0000)  loss_fgl: 1.0134 (1.0193)  loss_fgl_aux_0: 1.0518 (1.0483)  loss_fgl_aux_1: 1.0158 (1.0216)  loss_fgl_aux_2: 1.0120 (1.0189)  loss_fgl_aux_3: 1.0129 (1.0192)  loss_fgl_aux_4: 1.0132 (1.0193)  loss_fgl_dn_0: 1.1129 (1.1204)  loss_fgl_dn_1: 0.9818 (0.9884)  loss_fgl_dn_2: 0.9728 (0.9801)  loss_fgl_dn_3: 0.9728 (0.9803)  loss_fgl_dn_4: 0.9727 (0.9803)  loss_fgl_dn_5: 0.9728 (0.9803)  loss_giou: 0.2615 (0.2759)  loss_giou_aux_0: 0.2825 (0.2882)  loss_giou_aux_1: 0.2604 (0.2776)  loss_giou_aux_2: 0.2616 (0.2759)  loss_giou_aux_3: 0.2615 (0.2759)  loss_giou_aux_4: 0.2615 (0.2759)  loss_giou_dn_0: 0.2877 (0.2868)  loss_giou_dn_1: 0.2213 (0.2179)  loss_giou_dn_2: 0.2156 (0.2137)  loss_giou_dn_3: 0.2155 (0.2136)  loss_giou_dn_4: 0.2155 (0.2136)  loss_giou_dn_5: 0.2154 (0.2136)  loss_giou_dn_pre: 0.2885 (0.2873)  loss_giou_enc_0: 0.3554 (0.3707)  loss_giou_pre: 0.2806 (0.2877)  loss_vfl: 0.3134 (0.3221)  loss_vfl_aux_0: 0.3618 (0.3672)  loss_vfl_aux_1: 0.3294 (0.3384)  loss_vfl_aux_2: 0.3070 (0.3279)  loss_vfl_aux_3: 0.3165 (0.3226)  loss_vfl_aux_4: 0.3122 (0.3220)  loss_vfl_dn_0: 0.3910 (0.3719)  loss_vfl_dn_1: 0.2979 (0.2910)  loss_vfl_dn_2: 0.2895 (0.2844)  loss_vfl_dn_3: 0.2849 (0.2830)  loss_vfl_dn_4: 0.2851 (0.2828)  loss_vfl_dn_5: 0.2851 (0.2829)  loss_vfl_dn_pre: 0.3915 (0.3729)  loss_vfl_enc_0: 0.4001 (0.4112)  loss_vfl_pre: 0.3602 (0.3670)  time: 0.6034  data: 0.0084  max mem: 17742
Epoch: [5/120]  [1900/2360]  eta: 0:05:00  lr: 0.000009  loss: 25.7861 (23.0821)  loss_bbox: 0.0518 (0.0621)  loss_bbox_aux_0: 0.0595 (0.0687)  loss_bbox_aux_1: 0.0531 (0.0631)  loss_bbox_aux_2: 0.0519 (0.0621)  loss_bbox_aux_3: 0.0518 (0.0621)  loss_bbox_aux_4: 0.0518 (0.0621)  loss_bbox_dn_0: 0.0752 (0.0785)  loss_bbox_dn_1: 0.0507 (0.0552)  loss_bbox_dn_2: 0.0457 (0.0529)  loss_bbox_dn_3: 0.0456 (0.0528)  loss_bbox_dn_4: 0.0452 (0.0527)  loss_bbox_dn_5: 0.0452 (0.0527)  loss_bbox_dn_pre: 0.0761 (0.0821)  loss_bbox_enc_0: 0.0771 (0.1025)  loss_bbox_pre: 0.0595 (0.0690)  loss_ddf_aux_0: 0.1971 (0.0835)  loss_ddf_aux_1: 0.0139 (0.0224)  loss_ddf_aux_2: 0.0018 (0.0013)  loss_ddf_aux_3: 0.0001 (0.0000)  loss_ddf_aux_4: 0.0000 (0.0000)  loss_ddf_dn_0: 2.4902 (0.7354)  loss_ddf_dn_1: 0.4110 (0.1023)  loss_ddf_dn_2: 0.3450 (0.0454)  loss_ddf_dn_3: 0.0077 (0.0010)  loss_ddf_dn_4: 0.0000 (0.0000)  loss_ddf_dn_5: 0.0000 (0.0000)  loss_fgl: 1.0436 (1.0196)  loss_fgl_aux_0: 1.0608 (1.0486)  loss_fgl_aux_1: 1.0405 (1.0219)  loss_fgl_aux_2: 1.0437 (1.0192)  loss_fgl_aux_3: 1.0437 (1.0195)  loss_fgl_aux_4: 1.0437 (1.0195)  loss_fgl_dn_0: 1.1352 (1.1205)  loss_fgl_dn_1: 1.0294 (0.9895)  loss_fgl_dn_2: 1.0140 (0.9813)  loss_fgl_dn_3: 1.0161 (0.9815)  loss_fgl_dn_4: 1.0140 (0.9815)  loss_fgl_dn_5: 1.0137 (0.9816)  loss_giou: 0.2767 (0.2759)  loss_giou_aux_0: 0.2939 (0.2882)  loss_giou_aux_1: 0.2775 (0.2776)  loss_giou_aux_2: 0.2768 (0.2758)  loss_giou_aux_3: 0.2767 (0.2758)  loss_giou_aux_4: 0.2768 (0.2758)  loss_giou_dn_0: 0.2880 (0.2871)  loss_giou_dn_1: 0.2250 (0.2184)  loss_giou_dn_2: 0.2164 (0.2141)  loss_giou_dn_3: 0.2169 (0.2141)  loss_giou_dn_4: 0.2166 (0.2140)  loss_giou_dn_5: 0.2166 (0.2140)  loss_giou_dn_pre: 0.2888 (0.2876)  loss_giou_enc_0: 0.3592 (0.3705)  loss_giou_pre: 0.2918 (0.2877)  loss_vfl: 0.3155 (0.3219)  loss_vfl_aux_0: 0.3777 (0.3677)  loss_vfl_aux_1: 0.3343 (0.3385)  loss_vfl_aux_2: 0.3171 (0.3279)  loss_vfl_aux_3: 0.3192 (0.3225)  loss_vfl_aux_4: 0.3154 (0.3219)  loss_vfl_dn_0: 0.3759 (0.3723)  loss_vfl_dn_1: 0.3004 (0.2915)  loss_vfl_dn_2: 0.2879 (0.2847)  loss_vfl_dn_3: 0.2897 (0.2834)  loss_vfl_dn_4: 0.2869 (0.2831)  loss_vfl_dn_5: 0.2868 (0.2832)  loss_vfl_dn_pre: 0.3751 (0.3733)  loss_vfl_enc_0: 0.4041 (0.4115)  loss_vfl_pre: 0.3631 (0.3674)  time: 0.6285  data: 0.0087  max mem: 17742
Epoch: [5/120]  [2000/2360]  eta: 0:03:54  lr: 0.000009  loss: 25.0499 (23.2109)  loss_bbox: 0.0576 (0.0621)  loss_bbox_aux_0: 0.0592 (0.0687)  loss_bbox_aux_1: 0.0590 (0.0631)  loss_bbox_aux_2: 0.0575 (0.0622)  loss_bbox_aux_3: 0.0576 (0.0621)  loss_bbox_aux_4: 0.0576 (0.0621)  loss_bbox_dn_0: 0.0772 (0.0787)  loss_bbox_dn_1: 0.0537 (0.0554)  loss_bbox_dn_2: 0.0505 (0.0530)  loss_bbox_dn_3: 0.0505 (0.0529)  loss_bbox_dn_4: 0.0504 (0.0529)  loss_bbox_dn_5: 0.0504 (0.0529)  loss_bbox_dn_pre: 0.0820 (0.0822)  loss_bbox_enc_0: 0.1020 (0.1024)  loss_bbox_pre: 0.0615 (0.0689)  loss_ddf_aux_0: 0.2026 (0.0873)  loss_ddf_aux_1: 0.1299 (0.0244)  loss_ddf_aux_2: 0.0125 (0.0016)  loss_ddf_aux_3: 0.0001 (0.0000)  loss_ddf_aux_4: 0.0000 (0.0000)  loss_ddf_dn_0: 1.3638 (0.7854)  loss_ddf_dn_1: 0.7291 (0.1343)  loss_ddf_dn_2: 0.2808 (0.0683)  loss_ddf_dn_3: 0.0035 (0.0015)  loss_ddf_dn_4: 0.0000 (0.0000)  loss_ddf_dn_5: 0.0000 (0.0000)  loss_fgl: 0.9902 (1.0197)  loss_fgl_aux_0: 1.0254 (1.0487)  loss_fgl_aux_1: 0.9890 (1.0221)  loss_fgl_aux_2: 0.9903 (1.0193)  loss_fgl_aux_3: 0.9904 (1.0197)  loss_fgl_aux_4: 0.9903 (1.0197)  loss_fgl_dn_0: 1.1077 (1.1206)  loss_fgl_dn_1: 0.9913 (0.9906)  loss_fgl_dn_2: 0.9747 (0.9822)  loss_fgl_dn_3: 0.9745 (0.9825)  loss_fgl_dn_4: 0.9744 (0.9825)  loss_fgl_dn_5: 0.9743 (0.9825)  loss_giou: 0.2639 (0.2762)  loss_giou_aux_0: 0.2699 (0.2886)  loss_giou_aux_1: 0.2641 (0.2780)  loss_giou_aux_2: 0.2641 (0.2761)  loss_giou_aux_3: 0.2641 (0.2761)  loss_giou_aux_4: 0.2639 (0.2762)  loss_giou_dn_0: 0.2924 (0.2878)  loss_giou_dn_1: 0.2252 (0.2192)  loss_giou_dn_2: 0.2140 (0.2148)  loss_giou_dn_3: 0.2140 (0.2147)  loss_giou_dn_4: 0.2140 (0.2147)  loss_giou_dn_5: 0.2141 (0.2147)  loss_giou_dn_pre: 0.2917 (0.2882)  loss_giou_enc_0: 0.3570 (0.3706)  loss_giou_pre: 0.2680 (0.2880)  loss_vfl: 0.3105 (0.3219)  loss_vfl_aux_0: 0.3411 (0.3678)  loss_vfl_aux_1: 0.3119 (0.3384)  loss_vfl_aux_2: 0.3094 (0.3279)  loss_vfl_aux_3: 0.3101 (0.3224)  loss_vfl_aux_4: 0.3102 (0.3219)  loss_vfl_dn_0: 0.3752 (0.3727)  loss_vfl_dn_1: 0.2977 (0.2924)  loss_vfl_dn_2: 0.2887 (0.2851)  loss_vfl_dn_3: 0.2875 (0.2839)  loss_vfl_dn_4: 0.2871 (0.2835)  loss_vfl_dn_5: 0.2874 (0.2836)  loss_vfl_dn_pre: 0.3775 (0.3737)  loss_vfl_enc_0: 0.4097 (0.4118)  loss_vfl_pre: 0.3398 (0.3675)  time: 0.5921  data: 0.0082  max mem: 17742
Epoch: [5/120]  [2100/2360]  eta: 0:02:48  lr: 0.000009  loss: 23.4616 (23.2638)  loss_bbox: 0.0519 (0.0622)  loss_bbox_aux_0: 0.0565 (0.0687)  loss_bbox_aux_1: 0.0537 (0.0632)  loss_bbox_aux_2: 0.0519 (0.0622)  loss_bbox_aux_3: 0.0519 (0.0622)  loss_bbox_aux_4: 0.0519 (0.0622)  loss_bbox_dn_0: 0.0666 (0.0788)  loss_bbox_dn_1: 0.0455 (0.0555)  loss_bbox_dn_2: 0.0429 (0.0531)  loss_bbox_dn_3: 0.0427 (0.0530)  loss_bbox_dn_4: 0.0427 (0.0529)  loss_bbox_dn_5: 0.0427 (0.0529)  loss_bbox_dn_pre: 0.0704 (0.0823)  loss_bbox_enc_0: 0.0893 (0.1029)  loss_bbox_pre: 0.0588 (0.0689)  loss_ddf_aux_0: 0.1301 (0.0939)  loss_ddf_aux_1: 0.0409 (0.0270)  loss_ddf_aux_2: 0.0061 (0.0020)  loss_ddf_aux_3: 0.0000 (0.0000)  loss_ddf_aux_4: 0.0000 (0.0000)  loss_ddf_dn_0: 0.6801 (0.8039)  loss_ddf_dn_1: 0.1639 (0.1458)  loss_ddf_dn_2: 0.0339 (0.0706)  loss_ddf_dn_3: 0.0031 (0.0016)  loss_ddf_dn_4: 0.0000 (0.0000)  loss_ddf_dn_5: 0.0000 (0.0000)  loss_fgl: 1.0214 (1.0195)  loss_fgl_aux_0: 1.0602 (1.0486)  loss_fgl_aux_1: 1.0278 (1.0220)  loss_fgl_aux_2: 1.0216 (1.0192)  loss_fgl_aux_3: 1.0212 (1.0195)  loss_fgl_aux_4: 1.0212 (1.0195)  loss_fgl_dn_0: 1.1304 (1.1207)  loss_fgl_dn_1: 1.0114 (0.9914)  loss_fgl_dn_2: 0.9957 (0.9830)  loss_fgl_dn_3: 0.9960 (0.9833)  loss_fgl_dn_4: 0.9948 (0.9833)  loss_fgl_dn_5: 0.9947 (0.9833)  loss_giou: 0.2606 (0.2763)  loss_giou_aux_0: 0.2738 (0.2888)  loss_giou_aux_1: 0.2645 (0.2782)  loss_giou_aux_2: 0.2615 (0.2763)  loss_giou_aux_3: 0.2602 (0.2763)  loss_giou_aux_4: 0.2606 (0.2763)  loss_giou_dn_0: 0.2857 (0.2881)  loss_giou_dn_1: 0.2244 (0.2196)  loss_giou_dn_2: 0.2158 (0.2150)  loss_giou_dn_3: 0.2156 (0.2150)  loss_giou_dn_4: 0.2155 (0.2149)  loss_giou_dn_5: 0.2155 (0.2149)  loss_giou_dn_pre: 0.2878 (0.2885)  loss_giou_enc_0: 0.3617 (0.3714)  loss_giou_pre: 0.2723 (0.2882)  loss_vfl: 0.3158 (0.3220)  loss_vfl_aux_0: 0.3663 (0.3681)  loss_vfl_aux_1: 0.3375 (0.3385)  loss_vfl_aux_2: 0.3278 (0.3280)  loss_vfl_aux_3: 0.3188 (0.3225)  loss_vfl_aux_4: 0.3116 (0.3219)  loss_vfl_dn_0: 0.3730 (0.3727)  loss_vfl_dn_1: 0.2939 (0.2924)  loss_vfl_dn_2: 0.2874 (0.2852)  loss_vfl_dn_3: 0.2878 (0.2840)  loss_vfl_dn_4: 0.2874 (0.2836)  loss_vfl_dn_5: 0.2874 (0.2838)  loss_vfl_dn_pre: 0.3744 (0.3738)  loss_vfl_enc_0: 0.4094 (0.4120)  loss_vfl_pre: 0.3664 (0.3678)  time: 0.5873  data: 0.0086  max mem: 17742
Epoch: [5/120]  [2200/2360]  eta: 0:01:43  lr: 0.000009  loss: 22.5690 (23.2364)  loss_bbox: 0.0515 (0.0623)  loss_bbox_aux_0: 0.0578 (0.0687)  loss_bbox_aux_1: 0.0522 (0.0633)  loss_bbox_aux_2: 0.0519 (0.0623)  loss_bbox_aux_3: 0.0517 (0.0623)  loss_bbox_aux_4: 0.0515 (0.0623)  loss_bbox_dn_0: 0.0739 (0.0788)  loss_bbox_dn_1: 0.0494 (0.0555)  loss_bbox_dn_2: 0.0453 (0.0532)  loss_bbox_dn_3: 0.0453 (0.0531)  loss_bbox_dn_4: 0.0452 (0.0530)  loss_bbox_dn_5: 0.0452 (0.0530)  loss_bbox_dn_pre: 0.0767 (0.0823)  loss_bbox_enc_0: 0.1035 (0.1029)  loss_bbox_pre: 0.0608 (0.0689)  loss_ddf_aux_0: 0.0734 (0.0934)  loss_ddf_aux_1: 0.0251 (0.0270)  loss_ddf_aux_2: 0.0023 (0.0021)  loss_ddf_aux_3: 0.0001 (0.0000)  loss_ddf_aux_4: 0.0000 (0.0000)  loss_ddf_dn_0: 0.4339 (0.7889)  loss_ddf_dn_1: 0.0642 (0.1432)  loss_ddf_dn_2: 0.0140 (0.0683)  loss_ddf_dn_3: 0.0024 (0.0017)  loss_ddf_dn_4: 0.0000 (0.0000)  loss_ddf_dn_5: 0.0000 (0.0000)  loss_fgl: 0.9787 (1.0191)  loss_fgl_aux_0: 1.0212 (1.0481)  loss_fgl_aux_1: 0.9839 (1.0215)  loss_fgl_aux_2: 0.9788 (1.0187)  loss_fgl_aux_3: 0.9786 (1.0191)  loss_fgl_aux_4: 0.9786 (1.0191)  loss_fgl_dn_0: 1.1031 (1.1203)  loss_fgl_dn_1: 0.9684 (0.9914)  loss_fgl_dn_2: 0.9651 (0.9829)  loss_fgl_dn_3: 0.9651 (0.9832)  loss_fgl_dn_4: 0.9651 (0.9832)  loss_fgl_dn_5: 0.9651 (0.9832)  loss_giou: 0.2883 (0.2762)  loss_giou_aux_0: 0.3096 (0.2887)  loss_giou_aux_1: 0.2910 (0.2780)  loss_giou_aux_2: 0.2883 (0.2762)  loss_giou_aux_3: 0.2882 (0.2762)  loss_giou_aux_4: 0.2882 (0.2762)  loss_giou_dn_0: 0.2972 (0.2880)  loss_giou_dn_1: 0.2224 (0.2195)  loss_giou_dn_2: 0.2176 (0.2149)  loss_giou_dn_3: 0.2176 (0.2149)  loss_giou_dn_4: 0.2178 (0.2149)  loss_giou_dn_5: 0.2178 (0.2149)  loss_giou_dn_pre: 0.2930 (0.2883)  loss_giou_enc_0: 0.3821 (0.3712)  loss_giou_pre: 0.3102 (0.2881)  loss_vfl: 0.2988 (0.3218)  loss_vfl_aux_0: 0.3485 (0.3678)  loss_vfl_aux_1: 0.3117 (0.3381)  loss_vfl_aux_2: 0.3081 (0.3277)  loss_vfl_aux_3: 0.3009 (0.3223)  loss_vfl_aux_4: 0.2987 (0.3217)  loss_vfl_dn_0: 0.3708 (0.3726)  loss_vfl_dn_1: 0.2883 (0.2922)  loss_vfl_dn_2: 0.2834 (0.2852)  loss_vfl_dn_3: 0.2819 (0.2840)  loss_vfl_dn_4: 0.2814 (0.2836)  loss_vfl_dn_5: 0.2815 (0.2837)  loss_vfl_dn_pre: 0.3738 (0.3737)  loss_vfl_enc_0: 0.4104 (0.4122)  loss_vfl_pre: 0.3469 (0.3675)  time: 0.5856  data: 0.0085  max mem: 17742
Epoch: [5/120]  [2300/2360]  eta: 0:00:38  lr: 0.000009  loss: 21.8916 (23.1983)  loss_bbox: 0.0500 (0.0622)  loss_bbox_aux_0: 0.0611 (0.0686)  loss_bbox_aux_1: 0.0544 (0.0631)  loss_bbox_aux_2: 0.0506 (0.0622)  loss_bbox_aux_3: 0.0500 (0.0622)  loss_bbox_aux_4: 0.0500 (0.0622)  loss_bbox_dn_0: 0.0649 (0.0788)  loss_bbox_dn_1: 0.0417 (0.0555)  loss_bbox_dn_2: 0.0386 (0.0531)  loss_bbox_dn_3: 0.0386 (0.0530)  loss_bbox_dn_4: 0.0386 (0.0529)  loss_bbox_dn_5: 0.0386 (0.0529)  loss_bbox_dn_pre: 0.0744 (0.0823)  loss_bbox_enc_0: 0.0894 (0.1029)  loss_bbox_pre: 0.0608 (0.0687)  loss_ddf_aux_0: 0.0645 (0.0923)  loss_ddf_aux_1: 0.0233 (0.0268)  loss_ddf_aux_2: 0.0024 (0.0021)  loss_ddf_aux_3: 0.0000 (0.0000)  loss_ddf_aux_4: 0.0000 (0.0000)  loss_ddf_dn_0: 0.4308 (0.7727)  loss_ddf_dn_1: 0.0563 (0.1395)  loss_ddf_dn_2: 0.0090 (0.0658)  loss_ddf_dn_3: 0.0022 (0.0017)  loss_ddf_dn_4: 0.0000 (0.0000)  loss_ddf_dn_5: 0.0000 (0.0000)  loss_fgl: 0.9723 (1.0187)  loss_fgl_aux_0: 1.0112 (1.0475)  loss_fgl_aux_1: 0.9791 (1.0211)  loss_fgl_aux_2: 0.9717 (1.0184)  loss_fgl_aux_3: 0.9720 (1.0187)  loss_fgl_aux_4: 0.9722 (1.0187)  loss_fgl_dn_0: 1.1153 (1.1196)  loss_fgl_dn_1: 0.9521 (0.9908)  loss_fgl_dn_2: 0.9429 (0.9824)  loss_fgl_dn_3: 0.9428 (0.9826)  loss_fgl_dn_4: 0.9430 (0.9826)  loss_fgl_dn_5: 0.9430 (0.9826)  loss_giou: 0.2466 (0.2759)  loss_giou_aux_0: 0.2588 (0.2884)  loss_giou_aux_1: 0.2451 (0.2778)  loss_giou_aux_2: 0.2458 (0.2759)  loss_giou_aux_3: 0.2466 (0.2759)  loss_giou_aux_4: 0.2466 (0.2759)  loss_giou_dn_0: 0.2746 (0.2877)  loss_giou_dn_1: 0.2073 (0.2193)  loss_giou_dn_2: 0.2025 (0.2147)  loss_giou_dn_3: 0.2023 (0.2147)  loss_giou_dn_4: 0.2022 (0.2146)  loss_giou_dn_5: 0.2022 (0.2146)  loss_giou_dn_pre: 0.2759 (0.2881)  loss_giou_enc_0: 0.3483 (0.3709)  loss_giou_pre: 0.2566 (0.2878)  loss_vfl: 0.3172 (0.3217)  loss_vfl_aux_0: 0.3619 (0.3673)  loss_vfl_aux_1: 0.3311 (0.3377)  loss_vfl_aux_2: 0.3228 (0.3275)  loss_vfl_aux_3: 0.3215 (0.3221)  loss_vfl_aux_4: 0.3162 (0.3215)  loss_vfl_dn_0: 0.3689 (0.3725)  loss_vfl_dn_1: 0.2873 (0.2920)  loss_vfl_dn_2: 0.2811 (0.2850)  loss_vfl_dn_3: 0.2797 (0.2838)  loss_vfl_dn_4: 0.2794 (0.2834)  loss_vfl_dn_5: 0.2794 (0.2835)  loss_vfl_dn_pre: 0.3691 (0.3736)  loss_vfl_enc_0: 0.4007 (0.4120)  loss_vfl_pre: 0.3515 (0.3671)  time: 0.6396  data: 0.0084  max mem: 17742
Epoch: [5/120]  [2359/2360]  eta: 0:00:00  lr: 0.000009  loss: 23.4581 (23.1973)  loss_bbox: 0.0597 (0.0622)  loss_bbox_aux_0: 0.0623 (0.0686)  loss_bbox_aux_1: 0.0594 (0.0631)  loss_bbox_aux_2: 0.0597 (0.0622)  loss_bbox_aux_3: 0.0597 (0.0622)  loss_bbox_aux_4: 0.0597 (0.0622)  loss_bbox_dn_0: 0.0724 (0.0788)  loss_bbox_dn_1: 0.0491 (0.0555)  loss_bbox_dn_2: 0.0462 (0.0532)  loss_bbox_dn_3: 0.0462 (0.0531)  loss_bbox_dn_4: 0.0462 (0.0530)  loss_bbox_dn_5: 0.0462 (0.0530)  loss_bbox_dn_pre: 0.0779 (0.0824)  loss_bbox_enc_0: 0.0913 (0.1029)  loss_bbox_pre: 0.0622 (0.0687)  loss_ddf_aux_0: 0.0767 (0.0920)  loss_ddf_aux_1: 0.0263 (0.0268)  loss_ddf_aux_2: 0.0032 (0.0021)  loss_ddf_aux_3: 0.0001 (0.0000)  loss_ddf_aux_4: 0.0000 (0.0000)  loss_ddf_dn_0: 0.4948 (0.7684)  loss_ddf_dn_1: 0.0470 (0.1379)  loss_ddf_dn_2: 0.0045 (0.0644)  loss_ddf_dn_3: 0.0016 (0.0017)  loss_ddf_dn_4: 0.0000 (0.0000)  loss_ddf_dn_5: 0.0000 (0.0000)  loss_fgl: 1.0402 (1.0187)  loss_fgl_aux_0: 1.0688 (1.0475)  loss_fgl_aux_1: 1.0405 (1.0211)  loss_fgl_aux_2: 1.0398 (1.0183)  loss_fgl_aux_3: 1.0397 (1.0187)  loss_fgl_aux_4: 1.0401 (1.0187)  loss_fgl_dn_0: 1.1271 (1.1197)  loss_fgl_dn_1: 1.0210 (0.9911)  loss_fgl_dn_2: 1.0149 (0.9826)  loss_fgl_dn_3: 1.0151 (0.9829)  loss_fgl_dn_4: 1.0150 (0.9829)  loss_fgl_dn_5: 1.0149 (0.9829)  loss_giou: 0.2938 (0.2761)  loss_giou_aux_0: 0.3089 (0.2886)  loss_giou_aux_1: 0.2944 (0.2779)  loss_giou_aux_2: 0.2928 (0.2761)  loss_giou_aux_3: 0.2936 (0.2761)  loss_giou_aux_4: 0.2937 (0.2761)  loss_giou_dn_0: 0.3101 (0.2880)  loss_giou_dn_1: 0.2395 (0.2195)  loss_giou_dn_2: 0.2351 (0.2149)  loss_giou_dn_3: 0.2352 (0.2148)  loss_giou_dn_4: 0.2352 (0.2148)  loss_giou_dn_5: 0.2352 (0.2148)  loss_giou_dn_pre: 0.3100 (0.2883)  loss_giou_enc_0: 0.3767 (0.3711)  loss_giou_pre: 0.3052 (0.2880)  loss_vfl: 0.3302 (0.3219)  loss_vfl_aux_0: 0.3744 (0.3674)  loss_vfl_aux_1: 0.3516 (0.3378)  loss_vfl_aux_2: 0.3305 (0.3276)  loss_vfl_aux_3: 0.3330 (0.3224)  loss_vfl_aux_4: 0.3274 (0.3218)  loss_vfl_dn_0: 0.3724 (0.3726)  loss_vfl_dn_1: 0.2996 (0.2921)  loss_vfl_dn_2: 0.2946 (0.2851)  loss_vfl_dn_3: 0.2938 (0.2839)  loss_vfl_dn_4: 0.2932 (0.2835)  loss_vfl_dn_5: 0.2932 (0.2837)  loss_vfl_dn_pre: 0.3746 (0.3737)  loss_vfl_enc_0: 0.4197 (0.4120)  loss_vfl_pre: 0.3748 (0.3672)  time: 0.5560  data: 0.0085  max mem: 17742
Epoch: [5/120] Total time: 0:25:21 (0.6449 s / it)
Averaged stats: lr: 0.000009  loss: 23.4581 (23.1973)  loss_bbox: 0.0597 (0.0622)  loss_bbox_aux_0: 0.0623 (0.0686)  loss_bbox_aux_1: 0.0594 (0.0631)  loss_bbox_aux_2: 0.0597 (0.0622)  loss_bbox_aux_3: 0.0597 (0.0622)  loss_bbox_aux_4: 0.0597 (0.0622)  loss_bbox_dn_0: 0.0724 (0.0788)  loss_bbox_dn_1: 0.0491 (0.0555)  loss_bbox_dn_2: 0.0462 (0.0532)  loss_bbox_dn_3: 0.0462 (0.0531)  loss_bbox_dn_4: 0.0462 (0.0530)  loss_bbox_dn_5: 0.0462 (0.0530)  loss_bbox_dn_pre: 0.0779 (0.0824)  loss_bbox_enc_0: 0.0913 (0.1029)  loss_bbox_pre: 0.0622 (0.0687)  loss_ddf_aux_0: 0.0767 (0.0920)  loss_ddf_aux_1: 0.0263 (0.0268)  loss_ddf_aux_2: 0.0032 (0.0021)  loss_ddf_aux_3: 0.0001 (0.0000)  loss_ddf_aux_4: 0.0000 (0.0000)  loss_ddf_dn_0: 0.4948 (0.7684)  loss_ddf_dn_1: 0.0470 (0.1379)  loss_ddf_dn_2: 0.0045 (0.0644)  loss_ddf_dn_3: 0.0016 (0.0017)  loss_ddf_dn_4: 0.0000 (0.0000)  loss_ddf_dn_5: 0.0000 (0.0000)  loss_fgl: 1.0402 (1.0187)  loss_fgl_aux_0: 1.0688 (1.0475)  loss_fgl_aux_1: 1.0405 (1.0211)  loss_fgl_aux_2: 1.0398 (1.0183)  loss_fgl_aux_3: 1.0397 (1.0187)  loss_fgl_aux_4: 1.0401 (1.0187)  loss_fgl_dn_0: 1.1271 (1.1197)  loss_fgl_dn_1: 1.0210 (0.9911)  loss_fgl_dn_2: 1.0149 (0.9826)  loss_fgl_dn_3: 1.0151 (0.9829)  loss_fgl_dn_4: 1.0150 (0.9829)  loss_fgl_dn_5: 1.0149 (0.9829)  loss_giou: 0.2938 (0.2761)  loss_giou_aux_0: 0.3089 (0.2886)  loss_giou_aux_1: 0.2944 (0.2779)  loss_giou_aux_2: 0.2928 (0.2761)  loss_giou_aux_3: 0.2936 (0.2761)  loss_giou_aux_4: 0.2937 (0.2761)  loss_giou_dn_0: 0.3101 (0.2880)  loss_giou_dn_1: 0.2395 (0.2195)  loss_giou_dn_2: 0.2351 (0.2149)  loss_giou_dn_3: 0.2352 (0.2148)  loss_giou_dn_4: 0.2352 (0.2148)  loss_giou_dn_5: 0.2352 (0.2148)  loss_giou_dn_pre: 0.3100 (0.2883)  loss_giou_enc_0: 0.3767 (0.3711)  loss_giou_pre: 0.3052 (0.2880)  loss_vfl: 0.3302 (0.3219)  loss_vfl_aux_0: 0.3744 (0.3674)  loss_vfl_aux_1: 0.3516 (0.3378)  loss_vfl_aux_2: 0.3305 (0.3276)  loss_vfl_aux_3: 0.3330 (0.3224)  loss_vfl_aux_4: 0.3274 (0.3218)  loss_vfl_dn_0: 0.3724 (0.3726)  loss_vfl_dn_1: 0.2996 (0.2921)  loss_vfl_dn_2: 0.2946 (0.2851)  loss_vfl_dn_3: 0.2938 (0.2839)  loss_vfl_dn_4: 0.2932 (0.2835)  loss_vfl_dn_5: 0.2932 (0.2837)  loss_vfl_dn_pre: 0.3746 (0.3737)  loss_vfl_enc_0: 0.4197 (0.4120)  loss_vfl_pre: 0.3748 (0.3672)
Test:  [  0/109]  eta: 0:01:59    time: 1.0945  data: 0.9350  max mem: 17742
Test:  [ 10/109]  eta: 0:00:28    time: 0.2927  data: 0.0956  max mem: 17742
Test:  [ 20/109]  eta: 0:00:22    time: 0.2109  data: 0.0113  max mem: 17742
Test:  [ 30/109]  eta: 0:00:18    time: 0.1996  data: 0.0111  max mem: 17742
Test:  [ 40/109]  eta: 0:00:15    time: 0.2000  data: 0.0109  max mem: 17742
Test:  [ 50/109]  eta: 0:00:12    time: 0.1969  data: 0.0113  max mem: 17742
Test:  [ 60/109]  eta: 0:00:10    time: 0.1949  data: 0.0112  max mem: 17742
Test:  [ 70/109]  eta: 0:00:08    time: 0.2047  data: 0.0106  max mem: 17742
Test:  [ 80/109]  eta: 0:00:06    time: 0.1966  data: 0.0108  max mem: 17742
Test:  [ 90/109]  eta: 0:00:04    time: 0.1994  data: 0.0106  max mem: 17742
Test:  [100/109]  eta: 0:00:01    time: 0.1829  data: 0.0100  max mem: 17742
Test:  [108/109]  eta: 0:00:00    time: 0.1590  data: 0.0089  max mem: 17742
Test: Total time: 0:00:22 (0.2034 s / it)
Metrics: {'f1': 0.9517722254503196, 'precision': 0.9623971797884842, 'recall': 0.9413793103448276, 'iou': 0.7554292937207909, 'TPs': 819, 'FPs': 32, 'FNs': 51}
Averaged stats: 
Accumulating evaluation results...
COCOeval_opt.accumulate() finished...
DONE (t=0.39s).
IoU metric: bbox
 Average Precision  (AP) @[ IoU=0.50:0.95 | area=   all | maxDets=100 ] = 0.643
 Average Precision  (AP) @[ IoU=0.50      | area=   all | maxDets=100 ] = 0.954
 Average Precision  (AP) @[ IoU=0.75      | area=   all | maxDets=100 ] = 0.733
 Average Precision  (AP) @[ IoU=0.50:0.95 | area= small | maxDets=100 ] = 0.562
 Average Precision  (AP) @[ IoU=0.50:0.95 | area=medium | maxDets=100 ] = 0.736
 Average Precision  (AP) @[ IoU=0.50:0.95 | area= large | maxDets=100 ] = 0.739
 Average Recall     (AR) @[ IoU=0.50:0.95 | area=   all | maxDets=  1 ] = 0.662
 Average Recall     (AR) @[ IoU=0.50:0.95 | area=   all | maxDets= 10 ] = 0.689
 Average Recall     (AR) @[ IoU=0.50:0.95 | area=   all | maxDets=100 ] = 0.742
 Average Recall     (AR) @[ IoU=0.50:0.95 | area= small | maxDets=100 ] = 0.656
 Average Recall     (AR) @[ IoU=0.50:0.95 | area=medium | maxDets=100 ] = 0.826
 Average Recall     (AR) @[ IoU=0.50:0.95 | area= large | maxDets=100 ] = 0.879
 Average Recall     (AR) @[ IoU=0.50      | area=   all | maxDets=100 ] = 0.979
 Average Recall     (AR) @[ IoU=0.75      | area=   all | maxDets=100 ] = 0.839
best_stat: {'epoch': 5, 'coco_eval_bbox': 0.6425167679812612}
Epoch: [6/120]  [   0/2360]  eta: 2:17:18  lr: 0.000009  loss: 22.6386 (22.6386)  loss_bbox: 0.0980 (0.0980)  loss_bbox_aux_0: 0.1008 (0.1008)  loss_bbox_aux_1: 0.1002 (0.1002)  loss_bbox_aux_2: 0.0988 (0.0988)  loss_bbox_aux_3: 0.0980 (0.0980)  loss_bbox_aux_4: 0.0980 (0.0980)  loss_bbox_dn_0: 0.1497 (0.1497)  loss_bbox_dn_1: 0.1078 (0.1078)  loss_bbox_dn_2: 0.0991 (0.0991)  loss_bbox_dn_3: 0.0987 (0.0987)  loss_bbox_dn_4: 0.0986 (0.0986)  loss_bbox_dn_5: 0.0986 (0.0986)  loss_bbox_dn_pre: 0.1549 (0.1549)  loss_bbox_enc_0: 0.1422 (0.1422)  loss_bbox_pre: 0.0968 (0.0968)  loss_ddf_aux_0: 0.0755 (0.0755)  loss_ddf_aux_1: 0.0220 (0.0220)  loss_ddf_aux_2: 0.0025 (0.0025)  loss_ddf_aux_3: -0.0000 (-0.0000)  loss_ddf_aux_4: -0.0000 (-0.0000)  loss_ddf_dn_0: 0.4342 (0.4342)  loss_ddf_dn_1: 0.0412 (0.0412)  loss_ddf_dn_2: 0.0036 (0.0036)  loss_ddf_dn_3: 0.0010 (0.0010)  loss_ddf_dn_4: 0.0000 (0.0000)  loss_ddf_dn_5: 0.0000 (0.0000)  loss_fgl: 0.9940 (0.9940)  loss_fgl_aux_0: 1.0050 (1.0050)  loss_fgl_aux_1: 0.9976 (0.9976)  loss_fgl_aux_2: 0.9942 (0.9942)  loss_fgl_aux_3: 0.9942 (0.9942)  loss_fgl_aux_4: 0.9941 (0.9941)  loss_fgl_dn_0: 1.1400 (1.1400)  loss_fgl_dn_1: 0.9853 (0.9853)  loss_fgl_dn_2: 0.9677 (0.9677)  loss_fgl_dn_3: 0.9686 (0.9686)  loss_fgl_dn_4: 0.9684 (0.9684)  loss_fgl_dn_5: 0.9684 (0.9684)  loss_giou: 0.2594 (0.2594)  loss_giou_aux_0: 0.2666 (0.2666)  loss_giou_aux_1: 0.2692 (0.2692)  loss_giou_aux_2: 0.2598 (0.2598)  loss_giou_aux_3: 0.2594 (0.2594)  loss_giou_aux_4: 0.2594 (0.2594)  loss_giou_dn_0: 0.2918 (0.2918)  loss_giou_dn_1: 0.2190 (0.2190)  loss_giou_dn_2: 0.2091 (0.2091)  loss_giou_dn_3: 0.2088 (0.2088)  loss_giou_dn_4: 0.2087 (0.2087)  loss_giou_dn_5: 0.2087 (0.2087)  loss_giou_dn_pre: 0.2925 (0.2925)  loss_giou_enc_0: 0.3387 (0.3387)  loss_giou_pre: 0.2640 (0.2640)  loss_vfl: 0.2822 (0.2822)  loss_vfl_aux_0: 0.3164 (0.3164)  loss_vfl_aux_1: 0.2906 (0.2906)  loss_vfl_aux_2: 0.2831 (0.2831)  loss_vfl_aux_3: 0.2829 (0.2829)  loss_vfl_aux_4: 0.2816 (0.2816)  loss_vfl_dn_0: 0.3778 (0.3778)  loss_vfl_dn_1: 0.2933 (0.2933)  loss_vfl_dn_2: 0.2851 (0.2851)  loss_vfl_dn_3: 0.2820 (0.2820)  loss_vfl_dn_4: 0.2829 (0.2829)  loss_vfl_dn_5: 0.2827 (0.2827)  loss_vfl_dn_pre: 0.3798 (0.3798)  loss_vfl_enc_0: 0.3893 (0.3893)  loss_vfl_pre: 0.3158 (0.3158)  time: 3.4909  data: 1.3152  max mem: 17742
Epoch: [6/120]  [ 100/2360]  eta: 0:24:10  lr: 0.000009  loss: 21.5724 (22.5734)  loss_bbox: 0.0497 (0.0620)  loss_bbox_aux_0: 0.0565 (0.0689)  loss_bbox_aux_1: 0.0533 (0.0630)  loss_bbox_aux_2: 0.0494 (0.0620)  loss_bbox_aux_3: 0.0495 (0.0620)  loss_bbox_aux_4: 0.0497 (0.0620)  loss_bbox_dn_0: 0.0684 (0.0793)  loss_bbox_dn_1: 0.0445 (0.0556)  loss_bbox_dn_2: 0.0421 (0.0530)  loss_bbox_dn_3: 0.0422 (0.0530)  loss_bbox_dn_4: 0.0422 (0.0530)  loss_bbox_dn_5: 0.0422 (0.0530)  loss_bbox_dn_pre: 0.0758 (0.0831)  loss_bbox_enc_0: 0.0832 (0.1062)  loss_bbox_pre: 0.0567 (0.0689)  loss_ddf_aux_0: 0.0933 (0.0726)  loss_ddf_aux_1: 0.0323 (0.0249)  loss_ddf_aux_2: 0.0034 (0.0026)  loss_ddf_aux_3: 0.0001 (0.0001)  loss_ddf_aux_4: 0.0000 (0.0000)  loss_ddf_dn_0: 0.5575 (0.4597)  loss_ddf_dn_1: 0.0507 (0.0429)  loss_ddf_dn_2: 0.0045 (0.0035)  loss_ddf_dn_3: 0.0008 (0.0009)  loss_ddf_dn_4: 0.0000 (0.0000)  loss_ddf_dn_5: 0.0000 (0.0000)  loss_fgl: 0.9612 (1.0139)  loss_fgl_aux_0: 0.9989 (1.0457)  loss_fgl_aux_1: 0.9680 (1.0175)  loss_fgl_aux_2: 0.9560 (1.0140)  loss_fgl_aux_3: 0.9606 (1.0140)  loss_fgl_aux_4: 0.9612 (1.0139)  loss_fgl_dn_0: 1.0867 (1.1175)  loss_fgl_dn_1: 0.9685 (0.9891)  loss_fgl_dn_2: 0.9599 (0.9804)  loss_fgl_dn_3: 0.9601 (0.9805)  loss_fgl_dn_4: 0.9602 (0.9806)  loss_fgl_dn_5: 0.9604 (0.9806)  loss_giou: 0.2564 (0.2677)  loss_giou_aux_0: 0.2593 (0.2802)  loss_giou_aux_1: 0.2589 (0.2699)  loss_giou_aux_2: 0.2560 (0.2677)  loss_giou_aux_3: 0.2562 (0.2676)  loss_giou_aux_4: 0.2563 (0.2677)  loss_giou_dn_0: 0.2744 (0.2877)  loss_giou_dn_1: 0.2081 (0.2184)  loss_giou_dn_2: 0.2042 (0.2137)  loss_giou_dn_3: 0.2042 (0.2137)  loss_giou_dn_4: 0.2042 (0.2137)  loss_giou_dn_5: 0.2042 (0.2137)  loss_giou_dn_pre: 0.2739 (0.2876)  loss_giou_enc_0: 0.3342 (0.3620)  loss_giou_pre: 0.2598 (0.2798)  loss_vfl: 0.3035 (0.3210)  loss_vfl_aux_0: 0.3582 (0.3655)  loss_vfl_aux_1: 0.3215 (0.3346)  loss_vfl_aux_2: 0.3075 (0.3274)  loss_vfl_aux_3: 0.3046 (0.3218)  loss_vfl_aux_4: 0.3041 (0.3221)  loss_vfl_dn_0: 0.3595 (0.3685)  loss_vfl_dn_1: 0.2784 (0.2880)  loss_vfl_dn_2: 0.2712 (0.2826)  loss_vfl_dn_3: 0.2706 (0.2820)  loss_vfl_dn_4: 0.2716 (0.2819)  loss_vfl_dn_5: 0.2719 (0.2822)  loss_vfl_dn_pre: 0.3600 (0.3697)  loss_vfl_enc_0: 0.4029 (0.4092)  loss_vfl_pre: 0.3573 (0.3657)  time: 0.6241  data: 0.0084  max mem: 17742
Epoch: [6/120]  [ 200/2360]  eta: 0:22:29  lr: 0.000009  loss: 22.0482 (22.4141)  loss_bbox: 0.0567 (0.0613)  loss_bbox_aux_0: 0.0581 (0.0678)  loss_bbox_aux_1: 0.0557 (0.0626)  loss_bbox_aux_2: 0.0556 (0.0613)  loss_bbox_aux_3: 0.0567 (0.0613)  loss_bbox_aux_4: 0.0567 (0.0613)  loss_bbox_dn_0: 0.0776 (0.0780)  loss_bbox_dn_1: 0.0549 (0.0549)  loss_bbox_dn_2: 0.0529 (0.0526)  loss_bbox_dn_3: 0.0528 (0.0525)  loss_bbox_dn_4: 0.0529 (0.0525)  loss_bbox_dn_5: 0.0529 (0.0525)  loss_bbox_dn_pre: 0.0792 (0.0815)  loss_bbox_enc_0: 0.0870 (0.1036)  loss_bbox_pre: 0.0577 (0.0677)  loss_ddf_aux_0: 0.0431 (0.0624)  loss_ddf_aux_1: 0.0179 (0.0228)  loss_ddf_aux_2: 0.0015 (0.0023)  loss_ddf_aux_3: 0.0000 (0.0000)  loss_ddf_aux_4: 0.0000 (0.0000)  loss_ddf_dn_0: 0.4259 (0.4290)  loss_ddf_dn_1: 0.0318 (0.0378)  loss_ddf_dn_2: 0.0031 (0.0032)  loss_ddf_dn_3: 0.0004 (0.0007)  loss_ddf_dn_4: 0.0000 (0.0000)  loss_ddf_dn_5: 0.0000 (0.0000)  loss_fgl: 1.0052 (1.0118)  loss_fgl_aux_0: 1.0351 (1.0428)  loss_fgl_aux_1: 1.0115 (1.0153)  loss_fgl_aux_2: 1.0053 (1.0119)  loss_fgl_aux_3: 1.0053 (1.0119)  loss_fgl_aux_4: 1.0052 (1.0118)  loss_fgl_dn_0: 1.1125 (1.1149)  loss_fgl_dn_1: 0.9717 (0.9862)  loss_fgl_dn_2: 0.9648 (0.9774)  loss_fgl_dn_3: 0.9648 (0.9775)  loss_fgl_dn_4: 0.9646 (0.9775)  loss_fgl_dn_5: 0.9646 (0.9776)  loss_giou: 0.2522 (0.2647)  loss_giou_aux_0: 0.2707 (0.2773)  loss_giou_aux_1: 0.2548 (0.2670)  loss_giou_aux_2: 0.2506 (0.2647)  loss_giou_aux_3: 0.2523 (0.2647)  loss_giou_aux_4: 0.2522 (0.2647)  loss_giou_dn_0: 0.2690 (0.2832)  loss_giou_dn_1: 0.1994 (0.2156)  loss_giou_dn_2: 0.1957 (0.2110)  loss_giou_dn_3: 0.1957 (0.2110)  loss_giou_dn_4: 0.1957 (0.2110)  loss_giou_dn_5: 0.1957 (0.2110)  loss_giou_dn_pre: 0.2685 (0.2831)  loss_giou_enc_0: 0.3390 (0.3608)  loss_giou_pre: 0.2690 (0.2767)  loss_vfl: 0.3036 (0.3206)  loss_vfl_aux_0: 0.3345 (0.3611)  loss_vfl_aux_1: 0.3124 (0.3352)  loss_vfl_aux_2: 0.3069 (0.3255)  loss_vfl_aux_3: 0.3043 (0.3216)  loss_vfl_aux_4: 0.3081 (0.3217)  loss_vfl_dn_0: 0.3624 (0.3674)  loss_vfl_dn_1: 0.2761 (0.2869)  loss_vfl_dn_2: 0.2724 (0.2815)  loss_vfl_dn_3: 0.2719 (0.2809)  loss_vfl_dn_4: 0.2715 (0.2809)  loss_vfl_dn_5: 0.2714 (0.2811)  loss_vfl_dn_pre: 0.3634 (0.3686)  loss_vfl_enc_0: 0.3834 (0.4068)  loss_vfl_pre: 0.3370 (0.3612)  time: 0.6093  data: 0.0080  max mem: 17742
Epoch: [6/120]  [ 300/2360]  eta: 0:21:19  lr: 0.000009  loss: 22.4721 (22.5244)  loss_bbox: 0.0496 (0.0599)  loss_bbox_aux_0: 0.0581 (0.0666)  loss_bbox_aux_1: 0.0519 (0.0611)  loss_bbox_aux_2: 0.0496 (0.0599)  loss_bbox_aux_3: 0.0496 (0.0599)  loss_bbox_aux_4: 0.0496 (0.0599)  loss_bbox_dn_0: 0.0693 (0.0779)  loss_bbox_dn_1: 0.0492 (0.0545)  loss_bbox_dn_2: 0.0457 (0.0521)  loss_bbox_dn_3: 0.0456 (0.0521)  loss_bbox_dn_4: 0.0454 (0.0521)  loss_bbox_dn_5: 0.0454 (0.0521)  loss_bbox_dn_pre: 0.0702 (0.0816)  loss_bbox_enc_0: 0.0781 (0.1011)  loss_bbox_pre: 0.0576 (0.0665)  loss_ddf_aux_0: 0.0937 (0.0735)  loss_ddf_aux_1: 0.0408 (0.0303)  loss_ddf_aux_2: 0.0024 (0.0026)  loss_ddf_aux_3: 0.0001 (0.0000)  loss_ddf_aux_4: 0.0000 (0.0000)  loss_ddf_dn_0: 0.5083 (0.4830)  loss_ddf_dn_1: 0.0382 (0.0412)  loss_ddf_dn_2: 0.0051 (0.0042)  loss_ddf_dn_3: 0.0006 (0.0007)  loss_ddf_dn_4: 0.0000 (0.0000)  loss_ddf_dn_5: 0.0000 (0.0000)  loss_fgl: 1.0226 (1.0119)  loss_fgl_aux_0: 1.0533 (1.0427)  loss_fgl_aux_1: 1.0267 (1.0152)  loss_fgl_aux_2: 1.0226 (1.0118)  loss_fgl_aux_3: 1.0227 (1.0119)  loss_fgl_aux_4: 1.0226 (1.0119)  loss_fgl_dn_0: 1.1079 (1.1170)  loss_fgl_dn_1: 0.9853 (0.9875)  loss_fgl_dn_2: 0.9799 (0.9789)  loss_fgl_dn_3: 0.9797 (0.9790)  loss_fgl_dn_4: 0.9796 (0.9790)  loss_fgl_dn_5: 0.9796 (0.9791)  loss_giou: 0.2522 (0.2668)  loss_giou_aux_0: 0.2754 (0.2796)  loss_giou_aux_1: 0.2640 (0.2692)  loss_giou_aux_2: 0.2546 (0.2668)  loss_giou_aux_3: 0.2537 (0.2667)  loss_giou_aux_4: 0.2522 (0.2668)  loss_giou_dn_0: 0.2728 (0.2849)  loss_giou_dn_1: 0.2142 (0.2163)  loss_giou_dn_2: 0.2097 (0.2116)  loss_giou_dn_3: 0.2096 (0.2116)  loss_giou_dn_4: 0.2096 (0.2116)  loss_giou_dn_5: 0.2097 (0.2116)  loss_giou_dn_pre: 0.2753 (0.2846)  loss_giou_enc_0: 0.3507 (0.3636)  loss_giou_pre: 0.2723 (0.2790)  loss_vfl: 0.3237 (0.3235)  loss_vfl_aux_0: 0.3561 (0.3617)  loss_vfl_aux_1: 0.3306 (0.3355)  loss_vfl_aux_2: 0.3311 (0.3269)  loss_vfl_aux_3: 0.3333 (0.3240)  loss_vfl_aux_4: 0.3235 (0.3241)  loss_vfl_dn_0: 0.3681 (0.3680)  loss_vfl_dn_1: 0.2900 (0.2871)  loss_vfl_dn_2: 0.2852 (0.2818)  loss_vfl_dn_3: 0.2851 (0.2811)  loss_vfl_dn_4: 0.2842 (0.2810)  loss_vfl_dn_5: 0.2846 (0.2812)  loss_vfl_dn_pre: 0.3691 (0.3694)  loss_vfl_enc_0: 0.4039 (0.4083)  loss_vfl_pre: 0.3559 (0.3616)  time: 0.6133  data: 0.0083  max mem: 17742
Epoch: [6/120]  [ 400/2360]  eta: 0:20:08  lr: 0.000009  loss: 22.4744 (22.4971)  loss_bbox: 0.0564 (0.0594)  loss_bbox_aux_0: 0.0610 (0.0662)  loss_bbox_aux_1: 0.0567 (0.0607)  loss_bbox_aux_2: 0.0564 (0.0595)  loss_bbox_aux_3: 0.0564 (0.0594)  loss_bbox_aux_4: 0.0564 (0.0594)  loss_bbox_dn_0: 0.0718 (0.0777)  loss_bbox_dn_1: 0.0465 (0.0540)  loss_bbox_dn_2: 0.0460 (0.0516)  loss_bbox_dn_3: 0.0461 (0.0516)  loss_bbox_dn_4: 0.0461 (0.0515)  loss_bbox_dn_5: 0.0461 (0.0515)  loss_bbox_dn_pre: 0.0734 (0.0815)  loss_bbox_enc_0: 0.0973 (0.1012)  loss_bbox_pre: 0.0651 (0.0661)  loss_ddf_aux_0: 0.0691 (0.0751)  loss_ddf_aux_1: 0.0235 (0.0314)  loss_ddf_aux_2: 0.0014 (0.0025)  loss_ddf_aux_3: 0.0000 (0.0000)  loss_ddf_aux_4: 0.0000 (0.0000)  loss_ddf_dn_0: 0.4901 (0.4809)  loss_ddf_dn_1: 0.0391 (0.0404)  loss_ddf_dn_2: 0.0048 (0.0043)  loss_ddf_dn_3: 0.0009 (0.0007)  loss_ddf_dn_4: 0.0000 (0.0000)  loss_ddf_dn_5: 0.0000 (0.0000)  loss_fgl: 1.0099 (1.0120)  loss_fgl_aux_0: 1.0389 (1.0425)  loss_fgl_aux_1: 1.0133 (1.0152)  loss_fgl_aux_2: 1.0101 (1.0119)  loss_fgl_aux_3: 1.0100 (1.0120)  loss_fgl_aux_4: 1.0100 (1.0120)  loss_fgl_dn_0: 1.1022 (1.1164)  loss_fgl_dn_1: 0.9792 (0.9863)  loss_fgl_dn_2: 0.9745 (0.9777)  loss_fgl_dn_3: 0.9744 (0.9778)  loss_fgl_dn_4: 0.9744 (0.9778)  loss_fgl_dn_5: 0.9745 (0.9778)  loss_giou: 0.2574 (0.2671)  loss_giou_aux_0: 0.2660 (0.2793)  loss_giou_aux_1: 0.2594 (0.2693)  loss_giou_aux_2: 0.2577 (0.2671)  loss_giou_aux_3: 0.2575 (0.2671)  loss_giou_aux_4: 0.2575 (0.2671)  loss_giou_dn_0: 0.2807 (0.2841)  loss_giou_dn_1: 0.2100 (0.2155)  loss_giou_dn_2: 0.2082 (0.2108)  loss_giou_dn_3: 0.2081 (0.2108)  loss_giou_dn_4: 0.2080 (0.2108)  loss_giou_dn_5: 0.2080 (0.2108)  loss_giou_dn_pre: 0.2829 (0.2839)  loss_giou_enc_0: 0.3243 (0.3634)  loss_giou_pre: 0.2666 (0.2788)  loss_vfl: 0.3224 (0.3228)  loss_vfl_aux_0: 0.3477 (0.3606)  loss_vfl_aux_1: 0.3275 (0.3347)  loss_vfl_aux_2: 0.3159 (0.3260)  loss_vfl_aux_3: 0.3259 (0.3229)  loss_vfl_aux_4: 0.3218 (0.3228)  loss_vfl_dn_0: 0.3690 (0.3683)  loss_vfl_dn_1: 0.2916 (0.2869)  loss_vfl_dn_2: 0.2883 (0.2815)  loss_vfl_dn_3: 0.2860 (0.2807)  loss_vfl_dn_4: 0.2858 (0.2806)  loss_vfl_dn_5: 0.2860 (0.2807)  loss_vfl_dn_pre: 0.3704 (0.3697)  loss_vfl_enc_0: 0.3933 (0.4067)  loss_vfl_pre: 0.3486 (0.3603)  time: 0.6060  data: 0.0081  max mem: 17742
Epoch: [6/120]  [ 500/2360]  eta: 0:19:04  lr: 0.000009  loss: 22.4505 (22.5202)  loss_bbox: 0.0556 (0.0595)  loss_bbox_aux_0: 0.0609 (0.0663)  loss_bbox_aux_1: 0.0561 (0.0608)  loss_bbox_aux_2: 0.0555 (0.0596)  loss_bbox_aux_3: 0.0556 (0.0595)  loss_bbox_aux_4: 0.0555 (0.0595)  loss_bbox_dn_0: 0.0698 (0.0775)  loss_bbox_dn_1: 0.0485 (0.0538)  loss_bbox_dn_2: 0.0471 (0.0514)  loss_bbox_dn_3: 0.0471 (0.0514)  loss_bbox_dn_4: 0.0471 (0.0513)  loss_bbox_dn_5: 0.0471 (0.0513)  loss_bbox_dn_pre: 0.0739 (0.0814)  loss_bbox_enc_0: 0.0864 (0.1020)  loss_bbox_pre: 0.0611 (0.0662)  loss_ddf_aux_0: 0.0827 (0.0748)  loss_ddf_aux_1: 0.0332 (0.0305)  loss_ddf_aux_2: 0.0017 (0.0023)  loss_ddf_aux_3: 0.0001 (0.0001)  loss_ddf_aux_4: 0.0000 (0.0000)  loss_ddf_dn_0: 0.5236 (0.4909)  loss_ddf_dn_1: 0.0346 (0.0396)  loss_ddf_dn_2: 0.0045 (0.0044)  loss_ddf_dn_3: 0.0004 (0.0007)  loss_ddf_dn_4: 0.0000 (0.0000)  loss_ddf_dn_5: 0.0000 (0.0000)  loss_fgl: 1.0100 (1.0112)  loss_fgl_aux_0: 1.0479 (1.0420)  loss_fgl_aux_1: 1.0114 (1.0144)  loss_fgl_aux_2: 1.0094 (1.0111)  loss_fgl_aux_3: 1.0098 (1.0112)  loss_fgl_aux_4: 1.0099 (1.0112)  loss_fgl_dn_0: 1.1209 (1.1160)  loss_fgl_dn_1: 0.9905 (0.9866)  loss_fgl_dn_2: 0.9825 (0.9780)  loss_fgl_dn_3: 0.9825 (0.9781)  loss_fgl_dn_4: 0.9828 (0.9781)  loss_fgl_dn_5: 0.9828 (0.9781)  loss_giou: 0.2684 (0.2685)  loss_giou_aux_0: 0.2871 (0.2808)  loss_giou_aux_1: 0.2727 (0.2707)  loss_giou_aux_2: 0.2684 (0.2685)  loss_giou_aux_3: 0.2683 (0.2685)  loss_giou_aux_4: 0.2684 (0.2685)  loss_giou_dn_0: 0.2912 (0.2846)  loss_giou_dn_1: 0.2247 (0.2161)  loss_giou_dn_2: 0.2144 (0.2114)  loss_giou_dn_3: 0.2133 (0.2114)  loss_giou_dn_4: 0.2134 (0.2114)  loss_giou_dn_5: 0.2134 (0.2114)  loss_giou_dn_pre: 0.2899 (0.2845)  loss_giou_enc_0: 0.3632 (0.3656)  loss_giou_pre: 0.2876 (0.2803)  loss_vfl: 0.3100 (0.3216)  loss_vfl_aux_0: 0.3533 (0.3615)  loss_vfl_aux_1: 0.3184 (0.3346)  loss_vfl_aux_2: 0.3149 (0.3257)  loss_vfl_aux_3: 0.3101 (0.3222)  loss_vfl_aux_4: 0.3114 (0.3217)  loss_vfl_dn_0: 0.3736 (0.3686)  loss_vfl_dn_1: 0.2879 (0.2871)  loss_vfl_dn_2: 0.2807 (0.2817)  loss_vfl_dn_3: 0.2808 (0.2809)  loss_vfl_dn_4: 0.2803 (0.2808)  loss_vfl_dn_5: 0.2794 (0.2810)  loss_vfl_dn_pre: 0.3752 (0.3700)  loss_vfl_enc_0: 0.4014 (0.4082)  loss_vfl_pre: 0.3535 (0.3611)  time: 0.6002  data: 0.0086  max mem: 17742
Epoch: [6/120]  [ 600/2360]  eta: 0:17:58  lr: 0.000009  loss: 21.9602 (22.4803)  loss_bbox: 0.0488 (0.0592)  loss_bbox_aux_0: 0.0612 (0.0659)  loss_bbox_aux_1: 0.0507 (0.0604)  loss_bbox_aux_2: 0.0485 (0.0592)  loss_bbox_aux_3: 0.0488 (0.0592)  loss_bbox_aux_4: 0.0488 (0.0592)  loss_bbox_dn_0: 0.0638 (0.0766)  loss_bbox_dn_1: 0.0437 (0.0532)  loss_bbox_dn_2: 0.0426 (0.0509)  loss_bbox_dn_3: 0.0426 (0.0509)  loss_bbox_dn_4: 0.0425 (0.0508)  loss_bbox_dn_5: 0.0425 (0.0508)  loss_bbox_dn_pre: 0.0690 (0.0806)  loss_bbox_enc_0: 0.0931 (0.1007)  loss_bbox_pre: 0.0617 (0.0657)  loss_ddf_aux_0: 0.0937 (0.0766)  loss_ddf_aux_1: 0.0419 (0.0320)  loss_ddf_aux_2: 0.0024 (0.0023)  loss_ddf_aux_3: 0.0001 (0.0000)  loss_ddf_aux_4: 0.0000 (0.0000)  loss_ddf_dn_0: 0.4729 (0.4973)  loss_ddf_dn_1: 0.0380 (0.0399)  loss_ddf_dn_2: 0.0056 (0.0047)  loss_ddf_dn_3: 0.0006 (0.0007)  loss_ddf_dn_4: 0.0000 (0.0000)  loss_ddf_dn_5: 0.0000 (0.0000)  loss_fgl: 0.9743 (1.0097)  loss_fgl_aux_0: 1.0130 (1.0407)  loss_fgl_aux_1: 0.9794 (1.0130)  loss_fgl_aux_2: 0.9746 (1.0097)  loss_fgl_aux_3: 0.9746 (1.0097)  loss_fgl_aux_4: 0.9744 (1.0097)  loss_fgl_dn_0: 1.0901 (1.1151)  loss_fgl_dn_1: 0.9525 (0.9852)  loss_fgl_dn_2: 0.9446 (0.9766)  loss_fgl_dn_3: 0.9447 (0.9767)  loss_fgl_dn_4: 0.9447 (0.9768)  loss_fgl_dn_5: 0.9447 (0.9768)  loss_giou: 0.2676 (0.2672)  loss_giou_aux_0: 0.2650 (0.2796)  loss_giou_aux_1: 0.2689 (0.2693)  loss_giou_aux_2: 0.2677 (0.2672)  loss_giou_aux_3: 0.2675 (0.2671)  loss_giou_aux_4: 0.2676 (0.2672)  loss_giou_dn_0: 0.2798 (0.2832)  loss_giou_dn_1: 0.2107 (0.2151)  loss_giou_dn_2: 0.2068 (0.2105)  loss_giou_dn_3: 0.2067 (0.2105)  loss_giou_dn_4: 0.2068 (0.2105)  loss_giou_dn_5: 0.2068 (0.2105)  loss_giou_dn_pre: 0.2810 (0.2832)  loss_giou_enc_0: 0.3713 (0.3643)  loss_giou_pre: 0.2632 (0.2791)  loss_vfl: 0.3114 (0.3215)  loss_vfl_aux_0: 0.3436 (0.3611)  loss_vfl_aux_1: 0.3160 (0.3337)  loss_vfl_aux_2: 0.3015 (0.3251)  loss_vfl_aux_3: 0.3088 (0.3219)  loss_vfl_aux_4: 0.3093 (0.3214)  loss_vfl_dn_0: 0.3625 (0.3679)  loss_vfl_dn_1: 0.2769 (0.2865)  loss_vfl_dn_2: 0.2723 (0.2811)  loss_vfl_dn_3: 0.2707 (0.2804)  loss_vfl_dn_4: 0.2712 (0.2803)  loss_vfl_dn_5: 0.2714 (0.2805)  loss_vfl_dn_pre: 0.3638 (0.3693)  loss_vfl_enc_0: 0.3964 (0.4076)  loss_vfl_pre: 0.3433 (0.3607)  time: 0.5923  data: 0.0083  max mem: 17742
Epoch: [6/120]  [ 700/2360]  eta: 0:16:57  lr: 0.000009  loss: 23.6474 (22.4813)  loss_bbox: 0.0553 (0.0596)  loss_bbox_aux_0: 0.0592 (0.0663)  loss_bbox_aux_1: 0.0544 (0.0608)  loss_bbox_aux_2: 0.0552 (0.0597)  loss_bbox_aux_3: 0.0552 (0.0596)  loss_bbox_aux_4: 0.0553 (0.0596)  loss_bbox_dn_0: 0.0736 (0.0768)  loss_bbox_dn_1: 0.0458 (0.0535)  loss_bbox_dn_2: 0.0454 (0.0512)  loss_bbox_dn_3: 0.0454 (0.0511)  loss_bbox_dn_4: 0.0454 (0.0511)  loss_bbox_dn_5: 0.0454 (0.0511)  loss_bbox_dn_pre: 0.0825 (0.0808)  loss_bbox_enc_0: 0.0907 (0.1013)  loss_bbox_pre: 0.0597 (0.0662)  loss_ddf_aux_0: 0.0634 (0.0775)  loss_ddf_aux_1: 0.0276 (0.0327)  loss_ddf_aux_2: 0.0014 (0.0022)  loss_ddf_aux_3: 0.0001 (0.0000)  loss_ddf_aux_4: 0.0000 (0.0000)  loss_ddf_dn_0: 0.5359 (0.5025)  loss_ddf_dn_1: 0.0379 (0.0399)  loss_ddf_dn_2: 0.0049 (0.0049)  loss_ddf_dn_3: 0.0007 (0.0007)  loss_ddf_dn_4: 0.0000 (0.0000)  loss_ddf_dn_5: 0.0000 (0.0000)  loss_fgl: 1.0379 (1.0090)  loss_fgl_aux_0: 1.0618 (1.0395)  loss_fgl_aux_1: 1.0380 (1.0121)  loss_fgl_aux_2: 1.0376 (1.0089)  loss_fgl_aux_3: 1.0379 (1.0090)  loss_fgl_aux_4: 1.0379 (1.0090)  loss_fgl_dn_0: 1.1362 (1.1145)  loss_fgl_dn_1: 1.0156 (0.9847)  loss_fgl_dn_2: 1.0069 (0.9762)  loss_fgl_dn_3: 1.0072 (0.9763)  loss_fgl_dn_4: 1.0073 (0.9763)  loss_fgl_dn_5: 1.0074 (0.9764)  loss_giou: 0.2757 (0.2675)  loss_giou_aux_0: 0.2883 (0.2801)  loss_giou_aux_1: 0.2778 (0.2695)  loss_giou_aux_2: 0.2770 (0.2675)  loss_giou_aux_3: 0.2755 (0.2675)  loss_giou_aux_4: 0.2756 (0.2675)  loss_giou_dn_0: 0.2959 (0.2828)  loss_giou_dn_1: 0.2215 (0.2147)  loss_giou_dn_2: 0.2157 (0.2102)  loss_giou_dn_3: 0.2156 (0.2102)  loss_giou_dn_4: 0.2156 (0.2102)  loss_giou_dn_5: 0.2156 (0.2102)  loss_giou_dn_pre: 0.2945 (0.2828)  loss_giou_enc_0: 0.3672 (0.3638)  loss_giou_pre: 0.2893 (0.2795)  loss_vfl: 0.3280 (0.3215)  loss_vfl_aux_0: 0.3742 (0.3606)  loss_vfl_aux_1: 0.3376 (0.3335)  loss_vfl_aux_2: 0.3285 (0.3247)  loss_vfl_aux_3: 0.3289 (0.3218)  loss_vfl_aux_4: 0.3278 (0.3214)  loss_vfl_dn_0: 0.3809 (0.3676)  loss_vfl_dn_1: 0.2969 (0.2864)  loss_vfl_dn_2: 0.2901 (0.2810)  loss_vfl_dn_3: 0.2882 (0.2802)  loss_vfl_dn_4: 0.2882 (0.2801)  loss_vfl_dn_5: 0.2886 (0.2803)  loss_vfl_dn_pre: 0.3818 (0.3690)  loss_vfl_enc_0: 0.4092 (0.4080)  loss_vfl_pre: 0.3738 (0.3603)  time: 0.6148  data: 0.0085  max mem: 17742
Epoch: [6/120]  [ 800/2360]  eta: 0:15:57  lr: 0.000009  loss: 22.5058 (22.4891)  loss_bbox: 0.0485 (0.0599)  loss_bbox_aux_0: 0.0489 (0.0667)  loss_bbox_aux_1: 0.0466 (0.0612)  loss_bbox_aux_2: 0.0489 (0.0600)  loss_bbox_aux_3: 0.0484 (0.0599)  loss_bbox_aux_4: 0.0485 (0.0599)  loss_bbox_dn_0: 0.0658 (0.0771)  loss_bbox_dn_1: 0.0421 (0.0537)  loss_bbox_dn_2: 0.0397 (0.0514)  loss_bbox_dn_3: 0.0395 (0.0513)  loss_bbox_dn_4: 0.0394 (0.0513)  loss_bbox_dn_5: 0.0394 (0.0513)  loss_bbox_dn_pre: 0.0717 (0.0811)  loss_bbox_enc_0: 0.0797 (0.1015)  loss_bbox_pre: 0.0504 (0.0666)  loss_ddf_aux_0: 0.0814 (0.0773)  loss_ddf_aux_1: 0.0371 (0.0329)  loss_ddf_aux_2: 0.0019 (0.0022)  loss_ddf_aux_3: 0.0000 (0.0000)  loss_ddf_aux_4: 0.0000 (0.0000)  loss_ddf_dn_0: 0.4070 (0.4933)  loss_ddf_dn_1: 0.0305 (0.0388)  loss_ddf_dn_2: 0.0030 (0.0047)  loss_ddf_dn_3: 0.0005 (0.0007)  loss_ddf_dn_4: 0.0000 (0.0000)  loss_ddf_dn_5: 0.0000 (0.0000)  loss_fgl: 1.0015 (1.0093)  loss_fgl_aux_0: 1.0392 (1.0398)  loss_fgl_aux_1: 1.0074 (1.0125)  loss_fgl_aux_2: 0.9997 (1.0092)  loss_fgl_aux_3: 1.0015 (1.0092)  loss_fgl_aux_4: 1.0016 (1.0092)  loss_fgl_dn_0: 1.1062 (1.1148)  loss_fgl_dn_1: 0.9834 (0.9848)  loss_fgl_dn_2: 0.9668 (0.9761)  loss_fgl_dn_3: 0.9665 (0.9762)  loss_fgl_dn_4: 0.9665 (0.9763)  loss_fgl_dn_5: 0.9665 (0.9763)  loss_giou: 0.2594 (0.2684)  loss_giou_aux_0: 0.2656 (0.2809)  loss_giou_aux_1: 0.2593 (0.2705)  loss_giou_aux_2: 0.2605 (0.2685)  loss_giou_aux_3: 0.2591 (0.2684)  loss_giou_aux_4: 0.2593 (0.2684)  loss_giou_dn_0: 0.2926 (0.2836)  loss_giou_dn_1: 0.2183 (0.2153)  loss_giou_dn_2: 0.2133 (0.2107)  loss_giou_dn_3: 0.2134 (0.2107)  loss_giou_dn_4: 0.2134 (0.2107)  loss_giou_dn_5: 0.2134 (0.2107)  loss_giou_dn_pre: 0.2948 (0.2837)  loss_giou_enc_0: 0.3588 (0.3639)  loss_giou_pre: 0.2637 (0.2803)  loss_vfl: 0.3128 (0.3215)  loss_vfl_aux_0: 0.3503 (0.3601)  loss_vfl_aux_1: 0.3298 (0.3329)  loss_vfl_aux_2: 0.3195 (0.3246)  loss_vfl_aux_3: 0.3106 (0.3217)  loss_vfl_aux_4: 0.3105 (0.3215)  loss_vfl_dn_0: 0.3693 (0.3681)  loss_vfl_dn_1: 0.2891 (0.2869)  loss_vfl_dn_2: 0.2841 (0.2813)  loss_vfl_dn_3: 0.2834 (0.2805)  loss_vfl_dn_4: 0.2836 (0.2805)  loss_vfl_dn_5: 0.2834 (0.2806)  loss_vfl_dn_pre: 0.3696 (0.3695)  loss_vfl_enc_0: 0.3980 (0.4079)  loss_vfl_pre: 0.3510 (0.3598)  time: 0.6039  data: 0.0084  max mem: 17742
Epoch: [6/120]  [ 900/2360]  eta: 0:14:57  lr: 0.000009  loss: 21.8309 (22.5001)  loss_bbox: 0.0560 (0.0611)  loss_bbox_aux_0: 0.0619 (0.0682)  loss_bbox_aux_1: 0.0586 (0.0624)  loss_bbox_aux_2: 0.0564 (0.0612)  loss_bbox_aux_3: 0.0560 (0.0611)  loss_bbox_aux_4: 0.0560 (0.0611)  loss_bbox_dn_0: 0.0709 (0.0777)  loss_bbox_dn_1: 0.0520 (0.0544)  loss_bbox_dn_2: 0.0476 (0.0520)  loss_bbox_dn_3: 0.0476 (0.0519)  loss_bbox_dn_4: 0.0476 (0.0519)  loss_bbox_dn_5: 0.0476 (0.0519)  loss_bbox_dn_pre: 0.0756 (0.0817)  loss_bbox_enc_0: 0.0995 (0.1033)  loss_bbox_pre: 0.0645 (0.0681)  loss_ddf_aux_0: 0.0668 (0.0764)  loss_ddf_aux_1: 0.0287 (0.0327)  loss_ddf_aux_2: 0.0019 (0.0022)  loss_ddf_aux_3: 0.0000 (0.0000)  loss_ddf_aux_4: -0.0000 (0.0000)  loss_ddf_dn_0: 0.4213 (0.4827)  loss_ddf_dn_1: 0.0347 (0.0380)  loss_ddf_dn_2: 0.0044 (0.0046)  loss_ddf_dn_3: 0.0006 (0.0007)  loss_ddf_dn_4: 0.0000 (0.0000)  loss_ddf_dn_5: 0.0000 (0.0000)  loss_fgl: 0.9986 (1.0093)  loss_fgl_aux_0: 1.0363 (1.0399)  loss_fgl_aux_1: 0.9989 (1.0126)  loss_fgl_aux_2: 0.9983 (1.0092)  loss_fgl_aux_3: 0.9981 (1.0093)  loss_fgl_aux_4: 0.9984 (1.0093)  loss_fgl_dn_0: 1.1032 (1.1141)  loss_fgl_dn_1: 0.9799 (0.9847)  loss_fgl_dn_2: 0.9739 (0.9761)  loss_fgl_dn_3: 0.9742 (0.9762)  loss_fgl_dn_4: 0.9742 (0.9762)  loss_fgl_dn_5: 0.9742 (0.9762)  loss_giou: 0.2474 (0.2690)  loss_giou_aux_0: 0.2618 (0.2815)  loss_giou_aux_1: 0.2513 (0.2711)  loss_giou_aux_2: 0.2469 (0.2690)  loss_giou_aux_3: 0.2474 (0.2690)  loss_giou_aux_4: 0.2474 (0.2690)  loss_giou_dn_0: 0.2689 (0.2833)  loss_giou_dn_1: 0.2014 (0.2154)  loss_giou_dn_2: 0.1977 (0.2109)  loss_giou_dn_3: 0.1978 (0.2108)  loss_giou_dn_4: 0.1978 (0.2108)  loss_giou_dn_5: 0.1978 (0.2108)  loss_giou_dn_pre: 0.2689 (0.2835)  loss_giou_enc_0: 0.3450 (0.3643)  loss_giou_pre: 0.2629 (0.2809)  loss_vfl: 0.2930 (0.3219)  loss_vfl_aux_0: 0.3467 (0.3607)  loss_vfl_aux_1: 0.3118 (0.3332)  loss_vfl_aux_2: 0.3046 (0.3251)  loss_vfl_aux_3: 0.2953 (0.3222)  loss_vfl_aux_4: 0.2939 (0.3220)  loss_vfl_dn_0: 0.3656 (0.3682)  loss_vfl_dn_1: 0.2788 (0.2871)  loss_vfl_dn_2: 0.2698 (0.2815)  loss_vfl_dn_3: 0.2703 (0.2807)  loss_vfl_dn_4: 0.2704 (0.2807)  loss_vfl_dn_5: 0.2705 (0.2808)  loss_vfl_dn_pre: 0.3666 (0.3695)  loss_vfl_enc_0: 0.3840 (0.4083)  loss_vfl_pre: 0.3464 (0.3605)  time: 0.6146  data: 0.0085  max mem: 17742
Epoch: [6/120]  [1000/2360]  eta: 0:13:55  lr: 0.000009  loss: 22.6767 (22.5046)  loss_bbox: 0.0579 (0.0614)  loss_bbox_aux_0: 0.0653 (0.0685)  loss_bbox_aux_1: 0.0590 (0.0627)  loss_bbox_aux_2: 0.0578 (0.0615)  loss_bbox_aux_3: 0.0578 (0.0614)  loss_bbox_aux_4: 0.0579 (0.0614)  loss_bbox_dn_0: 0.0758 (0.0781)  loss_bbox_dn_1: 0.0531 (0.0547)  loss_bbox_dn_2: 0.0519 (0.0524)  loss_bbox_dn_3: 0.0527 (0.0523)  loss_bbox_dn_4: 0.0517 (0.0523)  loss_bbox_dn_5: 0.0517 (0.0523)  loss_bbox_dn_pre: 0.0785 (0.0821)  loss_bbox_enc_0: 0.0897 (0.1037)  loss_bbox_pre: 0.0638 (0.0684)  loss_ddf_aux_0: 0.0682 (0.0754)  loss_ddf_aux_1: 0.0326 (0.0325)  loss_ddf_aux_2: 0.0022 (0.0022)  loss_ddf_aux_3: 0.0000 (0.0000)  loss_ddf_aux_4: -0.0000 (0.0000)  loss_ddf_dn_0: 0.5006 (0.4825)  loss_ddf_dn_1: 0.0452 (0.0382)  loss_ddf_dn_2: 0.0070 (0.0047)  loss_ddf_dn_3: 0.0007 (0.0007)  loss_ddf_dn_4: 0.0000 (0.0000)  loss_ddf_dn_5: 0.0000 (0.0000)  loss_fgl: 1.0325 (1.0101)  loss_fgl_aux_0: 1.0599 (1.0407)  loss_fgl_aux_1: 1.0353 (1.0134)  loss_fgl_aux_2: 1.0330 (1.0100)  loss_fgl_aux_3: 1.0325 (1.0100)  loss_fgl_aux_4: 1.0325 (1.0100)  loss_fgl_dn_0: 1.1025 (1.1136)  loss_fgl_dn_1: 0.9809 (0.9842)  loss_fgl_dn_2: 0.9678 (0.9756)  loss_fgl_dn_3: 0.9680 (0.9757)  loss_fgl_dn_4: 0.9679 (0.9757)  loss_fgl_dn_5: 0.9677 (0.9758)  loss_giou: 0.2664 (0.2689)  loss_giou_aux_0: 0.2799 (0.2812)  loss_giou_aux_1: 0.2674 (0.2709)  loss_giou_aux_2: 0.2665 (0.2689)  loss_giou_aux_3: 0.2664 (0.2689)  loss_giou_aux_4: 0.2664 (0.2689)  loss_giou_dn_0: 0.2877 (0.2829)  loss_giou_dn_1: 0.2156 (0.2153)  loss_giou_dn_2: 0.2155 (0.2108)  loss_giou_dn_3: 0.2153 (0.2108)  loss_giou_dn_4: 0.2153 (0.2108)  loss_giou_dn_5: 0.2153 (0.2108)  loss_giou_dn_pre: 0.2870 (0.2832)  loss_giou_enc_0: 0.3576 (0.3639)  loss_giou_pre: 0.2783 (0.2806)  loss_vfl: 0.3098 (0.3218)  loss_vfl_aux_0: 0.3714 (0.3612)  loss_vfl_aux_1: 0.3210 (0.3332)  loss_vfl_aux_2: 0.3089 (0.3248)  loss_vfl_aux_3: 0.3089 (0.3222)  loss_vfl_aux_4: 0.3107 (0.3218)  loss_vfl_dn_0: 0.3682 (0.3682)  loss_vfl_dn_1: 0.2920 (0.2872)  loss_vfl_dn_2: 0.2847 (0.2816)  loss_vfl_dn_3: 0.2831 (0.2808)  loss_vfl_dn_4: 0.2842 (0.2807)  loss_vfl_dn_5: 0.2845 (0.2809)  loss_vfl_dn_pre: 0.3691 (0.3694)  loss_vfl_enc_0: 0.3954 (0.4087)  loss_vfl_pre: 0.3730 (0.3611)  time: 0.6234  data: 0.0082  max mem: 17742
Epoch: [6/120]  [1100/2360]  eta: 0:12:52  lr: 0.000009  loss: 22.3893 (22.4779)  loss_bbox: 0.0434 (0.0609)  loss_bbox_aux_0: 0.0460 (0.0678)  loss_bbox_aux_1: 0.0441 (0.0621)  loss_bbox_aux_2: 0.0434 (0.0609)  loss_bbox_aux_3: 0.0434 (0.0609)  loss_bbox_aux_4: 0.0434 (0.0609)  loss_bbox_dn_0: 0.0573 (0.0773)  loss_bbox_dn_1: 0.0402 (0.0542)  loss_bbox_dn_2: 0.0373 (0.0519)  loss_bbox_dn_3: 0.0372 (0.0518)  loss_bbox_dn_4: 0.0371 (0.0518)  loss_bbox_dn_5: 0.0371 (0.0518)  loss_bbox_dn_pre: 0.0571 (0.0814)  loss_bbox_enc_0: 0.0664 (0.1027)  loss_bbox_pre: 0.0462 (0.0677)  loss_ddf_aux_0: 0.0549 (0.0739)  loss_ddf_aux_1: 0.0258 (0.0319)  loss_ddf_aux_2: 0.0016 (0.0021)  loss_ddf_aux_3: 0.0000 (0.0000)  loss_ddf_aux_4: 0.0000 (0.0000)  loss_ddf_dn_0: 0.4665 (0.4845)  loss_ddf_dn_1: 0.0453 (0.0389)  loss_ddf_dn_2: 0.0051 (0.0048)  loss_ddf_dn_3: 0.0005 (0.0007)  loss_ddf_dn_4: 0.0000 (0.0000)  loss_ddf_dn_5: 0.0000 (0.0000)  loss_fgl: 1.0128 (1.0099)  loss_fgl_aux_0: 1.0572 (1.0406)  loss_fgl_aux_1: 1.0195 (1.0133)  loss_fgl_aux_2: 1.0132 (1.0098)  loss_fgl_aux_3: 1.0130 (1.0099)  loss_fgl_aux_4: 1.0129 (1.0099)  loss_fgl_dn_0: 1.1207 (1.1127)  loss_fgl_dn_1: 0.9674 (0.9833)  loss_fgl_dn_2: 0.9581 (0.9747)  loss_fgl_dn_3: 0.9582 (0.9748)  loss_fgl_dn_4: 0.9583 (0.9748)  loss_fgl_dn_5: 0.9583 (0.9749)  loss_giou: 0.2488 (0.2687)  loss_giou_aux_0: 0.2712 (0.2811)  loss_giou_aux_1: 0.2570 (0.2707)  loss_giou_aux_2: 0.2485 (0.2687)  loss_giou_aux_3: 0.2488 (0.2687)  loss_giou_aux_4: 0.2488 (0.2687)  loss_giou_dn_0: 0.2811 (0.2824)  loss_giou_dn_1: 0.2110 (0.2149)  loss_giou_dn_2: 0.2075 (0.2105)  loss_giou_dn_3: 0.2078 (0.2105)  loss_giou_dn_4: 0.2078 (0.2104)  loss_giou_dn_5: 0.2078 (0.2104)  loss_giou_dn_pre: 0.2809 (0.2826)  loss_giou_enc_0: 0.3401 (0.3636)  loss_giou_pre: 0.2719 (0.2805)  loss_vfl: 0.3143 (0.3211)  loss_vfl_aux_0: 0.3471 (0.3606)  loss_vfl_aux_1: 0.3206 (0.3326)  loss_vfl_aux_2: 0.3130 (0.3241)  loss_vfl_aux_3: 0.3142 (0.3216)  loss_vfl_aux_4: 0.3146 (0.3211)  loss_vfl_dn_0: 0.3657 (0.3678)  loss_vfl_dn_1: 0.2857 (0.2868)  loss_vfl_dn_2: 0.2782 (0.2813)  loss_vfl_dn_3: 0.2769 (0.2805)  loss_vfl_dn_4: 0.2763 (0.2804)  loss_vfl_dn_5: 0.2762 (0.2806)  loss_vfl_dn_pre: 0.3664 (0.3689)  loss_vfl_enc_0: 0.3984 (0.4085)  loss_vfl_pre: 0.3474 (0.3604)  time: 0.6170  data: 0.0086  max mem: 17742
Epoch: [6/120]  [1200/2360]  eta: 0:11:50  lr: 0.000009  loss: 23.0341 (22.4889)  loss_bbox: 0.0535 (0.0606)  loss_bbox_aux_0: 0.0579 (0.0674)  loss_bbox_aux_1: 0.0556 (0.0618)  loss_bbox_aux_2: 0.0534 (0.0606)  loss_bbox_aux_3: 0.0534 (0.0606)  loss_bbox_aux_4: 0.0534 (0.0606)  loss_bbox_dn_0: 0.0707 (0.0771)  loss_bbox_dn_1: 0.0453 (0.0540)  loss_bbox_dn_2: 0.0430 (0.0516)  loss_bbox_dn_3: 0.0430 (0.0516)  loss_bbox_dn_4: 0.0430 (0.0516)  loss_bbox_dn_5: 0.0430 (0.0516)  loss_bbox_dn_pre: 0.0766 (0.0812)  loss_bbox_enc_0: 0.0821 (0.1020)  loss_bbox_pre: 0.0574 (0.0673)  loss_ddf_aux_0: 0.0515 (0.0721)  loss_ddf_aux_1: 0.0220 (0.0311)  loss_ddf_aux_2: 0.0012 (0.0021)  loss_ddf_aux_3: 0.0000 (0.0000)  loss_ddf_aux_4: 0.0000 (0.0000)  loss_ddf_dn_0: 0.4748 (0.4872)  loss_ddf_dn_1: 0.0435 (0.0398)  loss_ddf_dn_2: 0.0060 (0.0049)  loss_ddf_dn_3: 0.0004 (0.0006)  loss_ddf_dn_4: 0.0000 (0.0000)  loss_ddf_dn_5: 0.0000 (0.0000)  loss_fgl: 1.0230 (1.0109)  loss_fgl_aux_0: 1.0519 (1.0417)  loss_fgl_aux_1: 1.0234 (1.0144)  loss_fgl_aux_2: 1.0223 (1.0108)  loss_fgl_aux_3: 1.0226 (1.0109)  loss_fgl_aux_4: 1.0228 (1.0109)  loss_fgl_dn_0: 1.1128 (1.1130)  loss_fgl_dn_1: 0.9945 (0.9834)  loss_fgl_dn_2: 0.9869 (0.9748)  loss_fgl_dn_3: 0.9868 (0.9749)  loss_fgl_dn_4: 0.9869 (0.9749)  loss_fgl_dn_5: 0.9869 (0.9750)  loss_giou: 0.2770 (0.2689)  loss_giou_aux_0: 0.2919 (0.2812)  loss_giou_aux_1: 0.2823 (0.2709)  loss_giou_aux_2: 0.2770 (0.2689)  loss_giou_aux_3: 0.2769 (0.2689)  loss_giou_aux_4: 0.2770 (0.2689)  loss_giou_dn_0: 0.2958 (0.2826)  loss_giou_dn_1: 0.2315 (0.2151)  loss_giou_dn_2: 0.2236 (0.2107)  loss_giou_dn_3: 0.2235 (0.2106)  loss_giou_dn_4: 0.2235 (0.2106)  loss_giou_dn_5: 0.2235 (0.2106)  loss_giou_dn_pre: 0.2972 (0.2829)  loss_giou_enc_0: 0.3616 (0.3642)  loss_giou_pre: 0.2919 (0.2806)  loss_vfl: 0.3141 (0.3214)  loss_vfl_aux_0: 0.3537 (0.3611)  loss_vfl_aux_1: 0.3304 (0.3330)  loss_vfl_aux_2: 0.3227 (0.3242)  loss_vfl_aux_3: 0.3138 (0.3217)  loss_vfl_aux_4: 0.3141 (0.3214)  loss_vfl_dn_0: 0.3719 (0.3679)  loss_vfl_dn_1: 0.2993 (0.2870)  loss_vfl_dn_2: 0.2931 (0.2814)  loss_vfl_dn_3: 0.2900 (0.2806)  loss_vfl_dn_4: 0.2909 (0.2806)  loss_vfl_dn_5: 0.2900 (0.2807)  loss_vfl_dn_pre: 0.3730 (0.3691)  loss_vfl_enc_0: 0.4052 (0.4095)  loss_vfl_pre: 0.3537 (0.3609)  time: 0.6043  data: 0.0085  max mem: 17742
Epoch: [6/120]  [1300/2360]  eta: 0:10:50  lr: 0.000009  loss: 22.9152 (22.5154)  loss_bbox: 0.0511 (0.0608)  loss_bbox_aux_0: 0.0570 (0.0676)  loss_bbox_aux_1: 0.0527 (0.0620)  loss_bbox_aux_2: 0.0511 (0.0608)  loss_bbox_aux_3: 0.0511 (0.0608)  loss_bbox_aux_4: 0.0511 (0.0608)  loss_bbox_dn_0: 0.0732 (0.0773)  loss_bbox_dn_1: 0.0498 (0.0543)  loss_bbox_dn_2: 0.0464 (0.0519)  loss_bbox_dn_3: 0.0464 (0.0519)  loss_bbox_dn_4: 0.0464 (0.0518)  loss_bbox_dn_5: 0.0464 (0.0518)  loss_bbox_dn_pre: 0.0744 (0.0814)  loss_bbox_enc_0: 0.0820 (0.1025)  loss_bbox_pre: 0.0561 (0.0676)  loss_ddf_aux_0: 0.0557 (0.0708)  loss_ddf_aux_1: 0.0239 (0.0304)  loss_ddf_aux_2: 0.0010 (0.0020)  loss_ddf_aux_3: 0.0000 (0.0000)  loss_ddf_aux_4: 0.0000 (0.0000)  loss_ddf_dn_0: 0.5899 (0.4888)  loss_ddf_dn_1: 0.0443 (0.0404)  loss_ddf_dn_2: 0.0075 (0.0050)  loss_ddf_dn_3: 0.0005 (0.0006)  loss_ddf_dn_4: 0.0000 (0.0000)  loss_ddf_dn_5: 0.0000 (0.0000)  loss_fgl: 1.0209 (1.0123)  loss_fgl_aux_0: 1.0513 (1.0431)  loss_fgl_aux_1: 1.0266 (1.0157)  loss_fgl_aux_2: 1.0207 (1.0122)  loss_fgl_aux_3: 1.0209 (1.0122)  loss_fgl_aux_4: 1.0209 (1.0122)  loss_fgl_dn_0: 1.1164 (1.1135)  loss_fgl_dn_1: 0.9816 (0.9839)  loss_fgl_dn_2: 0.9733 (0.9753)  loss_fgl_dn_3: 0.9734 (0.9753)  loss_fgl_dn_4: 0.9732 (0.9754)  loss_fgl_dn_5: 0.9731 (0.9754)  loss_giou: 0.2608 (0.2690)  loss_giou_aux_0: 0.2762 (0.2813)  loss_giou_aux_1: 0.2634 (0.2710)  loss_giou_aux_2: 0.2612 (0.2690)  loss_giou_aux_3: 0.2609 (0.2690)  loss_giou_aux_4: 0.2608 (0.2690)  loss_giou_dn_0: 0.2811 (0.2829)  loss_giou_dn_1: 0.2148 (0.2154)  loss_giou_dn_2: 0.2106 (0.2110)  loss_giou_dn_3: 0.2105 (0.2109)  loss_giou_dn_4: 0.2105 (0.2109)  loss_giou_dn_5: 0.2105 (0.2109)  loss_giou_dn_pre: 0.2841 (0.2832)  loss_giou_enc_0: 0.3709 (0.3646)  loss_giou_pre: 0.2739 (0.2808)  loss_vfl: 0.3096 (0.3220)  loss_vfl_aux_0: 0.3660 (0.3620)  loss_vfl_aux_1: 0.3161 (0.3337)  loss_vfl_aux_2: 0.3118 (0.3249)  loss_vfl_aux_3: 0.3078 (0.3223)  loss_vfl_aux_4: 0.3068 (0.3219)  loss_vfl_dn_0: 0.3775 (0.3683)  loss_vfl_dn_1: 0.2914 (0.2873)  loss_vfl_dn_2: 0.2880 (0.2818)  loss_vfl_dn_3: 0.2871 (0.2810)  loss_vfl_dn_4: 0.2868 (0.2809)  loss_vfl_dn_5: 0.2869 (0.2810)  loss_vfl_dn_pre: 0.3780 (0.3695)  loss_vfl_enc_0: 0.4193 (0.4102)  loss_vfl_pre: 0.3663 (0.3618)  time: 0.6315  data: 0.0088  max mem: 17742
Epoch: [6/120]  [1400/2360]  eta: 0:09:49  lr: 0.000009  loss: 21.9591 (22.5027)  loss_bbox: 0.0463 (0.0605)  loss_bbox_aux_0: 0.0540 (0.0673)  loss_bbox_aux_1: 0.0465 (0.0617)  loss_bbox_aux_2: 0.0463 (0.0605)  loss_bbox_aux_3: 0.0463 (0.0605)  loss_bbox_aux_4: 0.0463 (0.0605)  loss_bbox_dn_0: 0.0724 (0.0772)  loss_bbox_dn_1: 0.0449 (0.0542)  loss_bbox_dn_2: 0.0412 (0.0518)  loss_bbox_dn_3: 0.0409 (0.0518)  loss_bbox_dn_4: 0.0408 (0.0518)  loss_bbox_dn_5: 0.0408 (0.0518)  loss_bbox_dn_pre: 0.0724 (0.0812)  loss_bbox_enc_0: 0.0937 (0.1024)  loss_bbox_pre: 0.0541 (0.0673)  loss_ddf_aux_0: 0.0489 (0.0699)  loss_ddf_aux_1: 0.0166 (0.0298)  loss_ddf_aux_2: 0.0008 (0.0019)  loss_ddf_aux_3: 0.0000 (0.0000)  loss_ddf_aux_4: 0.0000 (0.0000)  loss_ddf_dn_0: 0.4816 (0.4936)  loss_ddf_dn_1: 0.0449 (0.0409)  loss_ddf_dn_2: 0.0069 (0.0052)  loss_ddf_dn_3: 0.0006 (0.0006)  loss_ddf_dn_4: 0.0000 (0.0000)  loss_ddf_dn_5: 0.0000 (0.0000)  loss_fgl: 1.0002 (1.0124)  loss_fgl_aux_0: 1.0299 (1.0432)  loss_fgl_aux_1: 1.0096 (1.0157)  loss_fgl_aux_2: 0.9998 (1.0123)  loss_fgl_aux_3: 0.9998 (1.0123)  loss_fgl_aux_4: 1.0000 (1.0123)  loss_fgl_dn_0: 1.1062 (1.1132)  loss_fgl_dn_1: 0.9698 (0.9834)  loss_fgl_dn_2: 0.9628 (0.9747)  loss_fgl_dn_3: 0.9625 (0.9748)  loss_fgl_dn_4: 0.9625 (0.9749)  loss_fgl_dn_5: 0.9624 (0.9749)  loss_giou: 0.2471 (0.2681)  loss_giou_aux_0: 0.2535 (0.2804)  loss_giou_aux_1: 0.2508 (0.2701)  loss_giou_aux_2: 0.2472 (0.2681)  loss_giou_aux_3: 0.2471 (0.2681)  loss_giou_aux_4: 0.2471 (0.2681)  loss_giou_dn_0: 0.2625 (0.2826)  loss_giou_dn_1: 0.2053 (0.2151)  loss_giou_dn_2: 0.2022 (0.2107)  loss_giou_dn_3: 0.2021 (0.2107)  loss_giou_dn_4: 0.2020 (0.2106)  loss_giou_dn_5: 0.2020 (0.2106)  loss_giou_dn_pre: 0.2642 (0.2829)  loss_giou_enc_0: 0.3542 (0.3638)  loss_giou_pre: 0.2513 (0.2798)  loss_vfl: 0.3049 (0.3218)  loss_vfl_aux_0: 0.3290 (0.3616)  loss_vfl_aux_1: 0.3110 (0.3336)  loss_vfl_aux_2: 0.3059 (0.3248)  loss_vfl_aux_3: 0.2989 (0.3221)  loss_vfl_aux_4: 0.3004 (0.3217)  loss_vfl_dn_0: 0.3682 (0.3681)  loss_vfl_dn_1: 0.2861 (0.2872)  loss_vfl_dn_2: 0.2826 (0.2817)  loss_vfl_dn_3: 0.2813 (0.2809)  loss_vfl_dn_4: 0.2815 (0.2808)  loss_vfl_dn_5: 0.2808 (0.2809)  loss_vfl_dn_pre: 0.3692 (0.3693)  loss_vfl_enc_0: 0.3954 (0.4108)  loss_vfl_pre: 0.3291 (0.3614)  time: 0.6045  data: 0.0082  max mem: 17742
Epoch: [6/120]  [1500/2360]  eta: 0:08:47  lr: 0.000009  loss: 21.3195 (22.4896)  loss_bbox: 0.0609 (0.0605)  loss_bbox_aux_0: 0.0635 (0.0672)  loss_bbox_aux_1: 0.0624 (0.0616)  loss_bbox_aux_2: 0.0603 (0.0605)  loss_bbox_aux_3: 0.0609 (0.0604)  loss_bbox_aux_4: 0.0609 (0.0604)  loss_bbox_dn_0: 0.0798 (0.0772)  loss_bbox_dn_1: 0.0532 (0.0542)  loss_bbox_dn_2: 0.0492 (0.0519)  loss_bbox_dn_3: 0.0491 (0.0518)  loss_bbox_dn_4: 0.0491 (0.0518)  loss_bbox_dn_5: 0.0491 (0.0518)  loss_bbox_dn_pre: 0.0812 (0.0812)  loss_bbox_enc_0: 0.0998 (0.1021)  loss_bbox_pre: 0.0630 (0.0671)  loss_ddf_aux_0: 0.0464 (0.0682)  loss_ddf_aux_1: 0.0171 (0.0288)  loss_ddf_aux_2: 0.0012 (0.0018)  loss_ddf_aux_3: 0.0001 (0.0000)  loss_ddf_aux_4: 0.0000 (0.0000)  loss_ddf_dn_0: 0.4007 (0.4894)  loss_ddf_dn_1: 0.0394 (0.0409)  loss_ddf_dn_2: 0.0059 (0.0053)  loss_ddf_dn_3: 0.0006 (0.0006)  loss_ddf_dn_4: 0.0000 (0.0000)  loss_ddf_dn_5: 0.0000 (0.0000)  loss_fgl: 0.9784 (1.0123)  loss_fgl_aux_0: 1.0136 (1.0430)  loss_fgl_aux_1: 0.9864 (1.0156)  loss_fgl_aux_2: 0.9785 (1.0122)  loss_fgl_aux_3: 0.9786 (1.0122)  loss_fgl_aux_4: 0.9785 (1.0122)  loss_fgl_dn_0: 1.0833 (1.1128)  loss_fgl_dn_1: 0.9291 (0.9827)  loss_fgl_dn_2: 0.9185 (0.9741)  loss_fgl_dn_3: 0.9185 (0.9742)  loss_fgl_dn_4: 0.9189 (0.9742)  loss_fgl_dn_5: 0.9189 (0.9743)  loss_giou: 0.2469 (0.2683)  loss_giou_aux_0: 0.2621 (0.2806)  loss_giou_aux_1: 0.2514 (0.2703)  loss_giou_aux_2: 0.2469 (0.2683)  loss_giou_aux_3: 0.2469 (0.2683)  loss_giou_aux_4: 0.2469 (0.2683)  loss_giou_dn_0: 0.2596 (0.2826)  loss_giou_dn_1: 0.1917 (0.2151)  loss_giou_dn_2: 0.1858 (0.2107)  loss_giou_dn_3: 0.1857 (0.2107)  loss_giou_dn_4: 0.1858 (0.2106)  loss_giou_dn_5: 0.1858 (0.2106)  loss_giou_dn_pre: 0.2582 (0.2829)  loss_giou_enc_0: 0.3464 (0.3639)  loss_giou_pre: 0.2643 (0.2801)  loss_vfl: 0.3057 (0.3216)  loss_vfl_aux_0: 0.3477 (0.3609)  loss_vfl_aux_1: 0.3310 (0.3333)  loss_vfl_aux_2: 0.3075 (0.3246)  loss_vfl_aux_3: 0.3025 (0.3219)  loss_vfl_aux_4: 0.3035 (0.3215)  loss_vfl_dn_0: 0.3543 (0.3682)  loss_vfl_dn_1: 0.2692 (0.2872)  loss_vfl_dn_2: 0.2628 (0.2816)  loss_vfl_dn_3: 0.2619 (0.2808)  loss_vfl_dn_4: 0.2615 (0.2808)  loss_vfl_dn_5: 0.2616 (0.2809)  loss_vfl_dn_pre: 0.3563 (0.3694)  loss_vfl_enc_0: 0.3853 (0.4102)  loss_vfl_pre: 0.3475 (0.3608)  time: 0.6052  data: 0.0083  max mem: 17742
Epoch: [6/120]  [1600/2360]  eta: 0:07:46  lr: 0.000009  loss: 21.8146 (22.4797)  loss_bbox: 0.0423 (0.0603)  loss_bbox_aux_0: 0.0493 (0.0671)  loss_bbox_aux_1: 0.0432 (0.0615)  loss_bbox_aux_2: 0.0424 (0.0603)  loss_bbox_aux_3: 0.0423 (0.0603)  loss_bbox_aux_4: 0.0423 (0.0603)  loss_bbox_dn_0: 0.0575 (0.0771)  loss_bbox_dn_1: 0.0370 (0.0541)  loss_bbox_dn_2: 0.0363 (0.0518)  loss_bbox_dn_3: 0.0363 (0.0517)  loss_bbox_dn_4: 0.0362 (0.0517)  loss_bbox_dn_5: 0.0362 (0.0517)  loss_bbox_dn_pre: 0.0633 (0.0811)  loss_bbox_enc_0: 0.0838 (0.1020)  loss_bbox_pre: 0.0475 (0.0670)  loss_ddf_aux_0: 0.0469 (0.0667)  loss_ddf_aux_1: 0.0161 (0.0280)  loss_ddf_aux_2: 0.0009 (0.0018)  loss_ddf_aux_3: 0.0000 (0.0000)  loss_ddf_aux_4: 0.0000 (0.0000)  loss_ddf_dn_0: 0.3884 (0.4809)  loss_ddf_dn_1: 0.0421 (0.0406)  loss_ddf_dn_2: 0.0065 (0.0053)  loss_ddf_dn_3: 0.0005 (0.0006)  loss_ddf_dn_4: 0.0000 (0.0000)  loss_ddf_dn_5: 0.0000 (0.0000)  loss_fgl: 0.9918 (1.0130)  loss_fgl_aux_0: 1.0363 (1.0436)  loss_fgl_aux_1: 1.0057 (1.0162)  loss_fgl_aux_2: 0.9918 (1.0129)  loss_fgl_aux_3: 0.9919 (1.0130)  loss_fgl_aux_4: 0.9919 (1.0130)  loss_fgl_dn_0: 1.1011 (1.1123)  loss_fgl_dn_1: 0.9667 (0.9820)  loss_fgl_dn_2: 0.9525 (0.9733)  loss_fgl_dn_3: 0.9518 (0.9734)  loss_fgl_dn_4: 0.9531 (0.9735)  loss_fgl_dn_5: 0.9532 (0.9735)  loss_giou: 0.2504 (0.2685)  loss_giou_aux_0: 0.2617 (0.2809)  loss_giou_aux_1: 0.2488 (0.2706)  loss_giou_aux_2: 0.2504 (0.2686)  loss_giou_aux_3: 0.2504 (0.2685)  loss_giou_aux_4: 0.2504 (0.2685)  loss_giou_dn_0: 0.2621 (0.2826)  loss_giou_dn_1: 0.2058 (0.2149)  loss_giou_dn_2: 0.2030 (0.2105)  loss_giou_dn_3: 0.2029 (0.2105)  loss_giou_dn_4: 0.2029 (0.2105)  loss_giou_dn_5: 0.2029 (0.2105)  loss_giou_dn_pre: 0.2612 (0.2829)  loss_giou_enc_0: 0.3521 (0.3643)  loss_giou_pre: 0.2590 (0.2803)  loss_vfl: 0.3048 (0.3218)  loss_vfl_aux_0: 0.3529 (0.3610)  loss_vfl_aux_1: 0.3225 (0.3335)  loss_vfl_aux_2: 0.3114 (0.3248)  loss_vfl_aux_3: 0.3068 (0.3221)  loss_vfl_aux_4: 0.3043 (0.3217)  loss_vfl_dn_0: 0.3638 (0.3683)  loss_vfl_dn_1: 0.2834 (0.2872)  loss_vfl_dn_2: 0.2772 (0.2816)  loss_vfl_dn_3: 0.2729 (0.2808)  loss_vfl_dn_4: 0.2726 (0.2807)  loss_vfl_dn_5: 0.2725 (0.2809)  loss_vfl_dn_pre: 0.3646 (0.3694)  loss_vfl_enc_0: 0.4124 (0.4109)  loss_vfl_pre: 0.3528 (0.3609)  time: 0.6294  data: 0.0087  max mem: 17742
Epoch: [6/120]  [1700/2360]  eta: 0:06:45  lr: 0.000009  loss: 22.3674 (22.4693)  loss_bbox: 0.0437 (0.0603)  loss_bbox_aux_0: 0.0534 (0.0670)  loss_bbox_aux_1: 0.0488 (0.0614)  loss_bbox_aux_2: 0.0437 (0.0603)  loss_bbox_aux_3: 0.0437 (0.0603)  loss_bbox_aux_4: 0.0437 (0.0603)  loss_bbox_dn_0: 0.0600 (0.0770)  loss_bbox_dn_1: 0.0426 (0.0540)  loss_bbox_dn_2: 0.0413 (0.0516)  loss_bbox_dn_3: 0.0413 (0.0516)  loss_bbox_dn_4: 0.0412 (0.0516)  loss_bbox_dn_5: 0.0412 (0.0516)  loss_bbox_dn_pre: 0.0615 (0.0810)  loss_bbox_enc_0: 0.0790 (0.1019)  loss_bbox_pre: 0.0524 (0.0669)  loss_ddf_aux_0: 0.0470 (0.0655)  loss_ddf_aux_1: 0.0166 (0.0272)  loss_ddf_aux_2: 0.0012 (0.0017)  loss_ddf_aux_3: 0.0000 (0.0000)  loss_ddf_aux_4: -0.0000 (0.0000)  loss_ddf_dn_0: 0.3609 (0.4745)  loss_ddf_dn_1: 0.0474 (0.0408)  loss_ddf_dn_2: 0.0073 (0.0054)  loss_ddf_dn_3: 0.0005 (0.0006)  loss_ddf_dn_4: 0.0000 (0.0000)  loss_ddf_dn_5: 0.0000 (0.0000)  loss_fgl: 1.0177 (1.0130)  loss_fgl_aux_0: 1.0688 (1.0437)  loss_fgl_aux_1: 1.0223 (1.0162)  loss_fgl_aux_2: 1.0166 (1.0129)  loss_fgl_aux_3: 1.0175 (1.0129)  loss_fgl_aux_4: 1.0176 (1.0130)  loss_fgl_dn_0: 1.1101 (1.1120)  loss_fgl_dn_1: 0.9941 (0.9816)  loss_fgl_dn_2: 0.9846 (0.9729)  loss_fgl_dn_3: 0.9847 (0.9730)  loss_fgl_dn_4: 0.9848 (0.9731)  loss_fgl_dn_5: 0.9848 (0.9731)  loss_giou: 0.2563 (0.2687)  loss_giou_aux_0: 0.2706 (0.2811)  loss_giou_aux_1: 0.2644 (0.2707)  loss_giou_aux_2: 0.2558 (0.2687)  loss_giou_aux_3: 0.2563 (0.2687)  loss_giou_aux_4: 0.2563 (0.2687)  loss_giou_dn_0: 0.2752 (0.2825)  loss_giou_dn_1: 0.2148 (0.2149)  loss_giou_dn_2: 0.2100 (0.2105)  loss_giou_dn_3: 0.2103 (0.2105)  loss_giou_dn_4: 0.2107 (0.2105)  loss_giou_dn_5: 0.2108 (0.2105)  loss_giou_dn_pre: 0.2746 (0.2829)  loss_giou_enc_0: 0.3624 (0.3644)  loss_giou_pre: 0.2680 (0.2805)  loss_vfl: 0.3223 (0.3218)  loss_vfl_aux_0: 0.3660 (0.3610)  loss_vfl_aux_1: 0.3302 (0.3335)  loss_vfl_aux_2: 0.3180 (0.3248)  loss_vfl_aux_3: 0.3244 (0.3220)  loss_vfl_aux_4: 0.3271 (0.3216)  loss_vfl_dn_0: 0.3704 (0.3684)  loss_vfl_dn_1: 0.2926 (0.2872)  loss_vfl_dn_2: 0.2890 (0.2816)  loss_vfl_dn_3: 0.2880 (0.2809)  loss_vfl_dn_4: 0.2879 (0.2808)  loss_vfl_dn_5: 0.2883 (0.2809)  loss_vfl_dn_pre: 0.3710 (0.3695)  loss_vfl_enc_0: 0.3944 (0.4105)  loss_vfl_pre: 0.3654 (0.3609)  time: 0.6017  data: 0.0087  max mem: 17742
Epoch: [6/120]  [1800/2360]  eta: 0:05:43  lr: 0.000009  loss: 22.3712 (22.4932)  loss_bbox: 0.0588 (0.0604)  loss_bbox_aux_0: 0.0639 (0.0672)  loss_bbox_aux_1: 0.0579 (0.0615)  loss_bbox_aux_2: 0.0590 (0.0604)  loss_bbox_aux_3: 0.0588 (0.0604)  loss_bbox_aux_4: 0.0588 (0.0604)  loss_bbox_dn_0: 0.0694 (0.0771)  loss_bbox_dn_1: 0.0461 (0.0540)  loss_bbox_dn_2: 0.0457 (0.0517)  loss_bbox_dn_3: 0.0457 (0.0517)  loss_bbox_dn_4: 0.0456 (0.0516)  loss_bbox_dn_5: 0.0456 (0.0516)  loss_bbox_dn_pre: 0.0718 (0.0811)  loss_bbox_enc_0: 0.0843 (0.1019)  loss_bbox_pre: 0.0626 (0.0671)  loss_ddf_aux_0: 0.0401 (0.0644)  loss_ddf_aux_1: 0.0126 (0.0266)  loss_ddf_aux_2: 0.0010 (0.0017)  loss_ddf_aux_3: 0.0000 (0.0000)  loss_ddf_aux_4: -0.0000 (0.0000)  loss_ddf_dn_0: 0.7072 (0.4824)  loss_ddf_dn_1: 0.0562 (0.0417)  loss_ddf_dn_2: 0.0080 (0.0056)  loss_ddf_dn_3: 0.0004 (0.0006)  loss_ddf_dn_4: 0.0000 (0.0000)  loss_ddf_dn_5: 0.0000 (0.0000)  loss_fgl: 1.0116 (1.0131)  loss_fgl_aux_0: 1.0265 (1.0438)  loss_fgl_aux_1: 1.0138 (1.0164)  loss_fgl_aux_2: 1.0120 (1.0130)  loss_fgl_aux_3: 1.0116 (1.0131)  loss_fgl_aux_4: 1.0116 (1.0131)  loss_fgl_dn_0: 1.1031 (1.1118)  loss_fgl_dn_1: 0.9622 (0.9816)  loss_fgl_dn_2: 0.9584 (0.9730)  loss_fgl_dn_3: 0.9584 (0.9731)  loss_fgl_dn_4: 0.9584 (0.9732)  loss_fgl_dn_5: 0.9584 (0.9732)  loss_giou: 0.2580 (0.2697)  loss_giou_aux_0: 0.2684 (0.2822)  loss_giou_aux_1: 0.2603 (0.2717)  loss_giou_aux_2: 0.2578 (0.2698)  loss_giou_aux_3: 0.2581 (0.2697)  loss_giou_aux_4: 0.2581 (0.2697)  loss_giou_dn_0: 0.2863 (0.2832)  loss_giou_dn_1: 0.2135 (0.2154)  loss_giou_dn_2: 0.2087 (0.2110)  loss_giou_dn_3: 0.2087 (0.2110)  loss_giou_dn_4: 0.2085 (0.2110)  loss_giou_dn_5: 0.2085 (0.2110)  loss_giou_dn_pre: 0.2850 (0.2836)  loss_giou_enc_0: 0.3502 (0.3656)  loss_giou_pre: 0.2722 (0.2816)  loss_vfl: 0.3022 (0.3217)  loss_vfl_aux_0: 0.3569 (0.3614)  loss_vfl_aux_1: 0.3282 (0.3335)  loss_vfl_aux_2: 0.3119 (0.3247)  loss_vfl_aux_3: 0.3040 (0.3220)  loss_vfl_aux_4: 0.3028 (0.3216)  loss_vfl_dn_0: 0.3739 (0.3686)  loss_vfl_dn_1: 0.2878 (0.2874)  loss_vfl_dn_2: 0.2817 (0.2819)  loss_vfl_dn_3: 0.2812 (0.2811)  loss_vfl_dn_4: 0.2810 (0.2810)  loss_vfl_dn_5: 0.2805 (0.2811)  loss_vfl_dn_pre: 0.3731 (0.3696)  loss_vfl_enc_0: 0.3850 (0.4105)  loss_vfl_pre: 0.3554 (0.3612)  time: 0.6032  data: 0.0084  max mem: 17742
Epoch: [6/120]  [1900/2360]  eta: 0:04:42  lr: 0.000009  loss: 22.9090 (22.5121)  loss_bbox: 0.0556 (0.0605)  loss_bbox_aux_0: 0.0606 (0.0673)  loss_bbox_aux_1: 0.0545 (0.0617)  loss_bbox_aux_2: 0.0556 (0.0605)  loss_bbox_aux_3: 0.0556 (0.0605)  loss_bbox_aux_4: 0.0556 (0.0605)  loss_bbox_dn_0: 0.0653 (0.0771)  loss_bbox_dn_1: 0.0506 (0.0541)  loss_bbox_dn_2: 0.0478 (0.0518)  loss_bbox_dn_3: 0.0477 (0.0517)  loss_bbox_dn_4: 0.0477 (0.0517)  loss_bbox_dn_5: 0.0477 (0.0517)  loss_bbox_dn_pre: 0.0692 (0.0811)  loss_bbox_enc_0: 0.0823 (0.1021)  loss_bbox_pre: 0.0570 (0.0673)  loss_ddf_aux_0: 0.0633 (0.0642)  loss_ddf_aux_1: 0.0296 (0.0263)  loss_ddf_aux_2: 0.0023 (0.0017)  loss_ddf_aux_3: 0.0000 (0.0000)  loss_ddf_aux_4: 0.0000 (0.0000)  loss_ddf_dn_0: 0.9170 (0.5008)  loss_ddf_dn_1: 0.1161 (0.0443)  loss_ddf_dn_2: 0.0185 (0.0060)  loss_ddf_dn_3: 0.0003 (0.0006)  loss_ddf_dn_4: 0.0000 (0.0000)  loss_ddf_dn_5: 0.0000 (0.0000)  loss_fgl: 1.0206 (1.0130)  loss_fgl_aux_0: 1.0395 (1.0435)  loss_fgl_aux_1: 1.0263 (1.0162)  loss_fgl_aux_2: 1.0211 (1.0129)  loss_fgl_aux_3: 1.0205 (1.0130)  loss_fgl_aux_4: 1.0206 (1.0130)  loss_fgl_dn_0: 1.1179 (1.1115)  loss_fgl_dn_1: 0.9850 (0.9816)  loss_fgl_dn_2: 0.9787 (0.9731)  loss_fgl_dn_3: 0.9788 (0.9732)  loss_fgl_dn_4: 0.9787 (0.9732)  loss_fgl_dn_5: 0.9786 (0.9733)  loss_giou: 0.2632 (0.2695)  loss_giou_aux_0: 0.2743 (0.2820)  loss_giou_aux_1: 0.2665 (0.2715)  loss_giou_aux_2: 0.2640 (0.2696)  loss_giou_aux_3: 0.2632 (0.2695)  loss_giou_aux_4: 0.2632 (0.2695)  loss_giou_dn_0: 0.2833 (0.2831)  loss_giou_dn_1: 0.2132 (0.2153)  loss_giou_dn_2: 0.2130 (0.2110)  loss_giou_dn_3: 0.2129 (0.2109)  loss_giou_dn_4: 0.2129 (0.2109)  loss_giou_dn_5: 0.2129 (0.2109)  loss_giou_dn_pre: 0.2834 (0.2835)  loss_giou_enc_0: 0.3692 (0.3654)  loss_giou_pre: 0.2762 (0.2815)  loss_vfl: 0.3118 (0.3216)  loss_vfl_aux_0: 0.3398 (0.3615)  loss_vfl_aux_1: 0.3102 (0.3333)  loss_vfl_aux_2: 0.3066 (0.3247)  loss_vfl_aux_3: 0.3108 (0.3219)  loss_vfl_aux_4: 0.3103 (0.3215)  loss_vfl_dn_0: 0.3717 (0.3685)  loss_vfl_dn_1: 0.2879 (0.2874)  loss_vfl_dn_2: 0.2830 (0.2819)  loss_vfl_dn_3: 0.2826 (0.2811)  loss_vfl_dn_4: 0.2822 (0.2810)  loss_vfl_dn_5: 0.2826 (0.2811)  loss_vfl_dn_pre: 0.3727 (0.3696)  loss_vfl_enc_0: 0.4062 (0.4104)  loss_vfl_pre: 0.3363 (0.3612)  time: 0.6061  data: 0.0086  max mem: 17742
Epoch: [6/120]  [2000/2360]  eta: 0:03:40  lr: 0.000009  loss: 23.1721 (22.5222)  loss_bbox: 0.0498 (0.0604)  loss_bbox_aux_0: 0.0548 (0.0671)  loss_bbox_aux_1: 0.0516 (0.0615)  loss_bbox_aux_2: 0.0495 (0.0604)  loss_bbox_aux_3: 0.0497 (0.0604)  loss_bbox_aux_4: 0.0498 (0.0604)  loss_bbox_dn_0: 0.0667 (0.0768)  loss_bbox_dn_1: 0.0441 (0.0539)  loss_bbox_dn_2: 0.0428 (0.0516)  loss_bbox_dn_3: 0.0428 (0.0516)  loss_bbox_dn_4: 0.0427 (0.0515)  loss_bbox_dn_5: 0.0427 (0.0515)  loss_bbox_dn_pre: 0.0670 (0.0807)  loss_bbox_enc_0: 0.0923 (0.1019)  loss_bbox_pre: 0.0567 (0.0671)  loss_ddf_aux_0: 0.0547 (0.0639)  loss_ddf_aux_1: 0.0196 (0.0262)  loss_ddf_aux_2: 0.0017 (0.0017)  loss_ddf_aux_3: 0.0000 (0.0000)  loss_ddf_aux_4: 0.0000 (0.0000)  loss_ddf_dn_0: 0.6337 (0.5046)  loss_ddf_dn_1: 0.0674 (0.0454)  loss_ddf_dn_2: 0.0123 (0.0063)  loss_ddf_dn_3: 0.0003 (0.0006)  loss_ddf_dn_4: 0.0000 (0.0000)  loss_ddf_dn_5: 0.0000 (0.0000)  loss_fgl: 1.0269 (1.0127)  loss_fgl_aux_0: 1.0562 (1.0432)  loss_fgl_aux_1: 1.0266 (1.0159)  loss_fgl_aux_2: 1.0266 (1.0126)  loss_fgl_aux_3: 1.0267 (1.0127)  loss_fgl_aux_4: 1.0268 (1.0127)  loss_fgl_dn_0: 1.1167 (1.1115)  loss_fgl_dn_1: 0.9925 (0.9816)  loss_fgl_dn_2: 0.9873 (0.9732)  loss_fgl_dn_3: 0.9873 (0.9733)  loss_fgl_dn_4: 0.9873 (0.9733)  loss_fgl_dn_5: 0.9873 (0.9734)  loss_giou: 0.2776 (0.2704)  loss_giou_aux_0: 0.2835 (0.2829)  loss_giou_aux_1: 0.2791 (0.2724)  loss_giou_aux_2: 0.2775 (0.2705)  loss_giou_aux_3: 0.2776 (0.2704)  loss_giou_aux_4: 0.2776 (0.2704)  loss_giou_dn_0: 0.2859 (0.2832)  loss_giou_dn_1: 0.2217 (0.2154)  loss_giou_dn_2: 0.2192 (0.2111)  loss_giou_dn_3: 0.2192 (0.2110)  loss_giou_dn_4: 0.2191 (0.2110)  loss_giou_dn_5: 0.2191 (0.2110)  loss_giou_dn_pre: 0.2862 (0.2836)  loss_giou_enc_0: 0.3667 (0.3663)  loss_giou_pre: 0.2861 (0.2824)  loss_vfl: 0.3088 (0.3217)  loss_vfl_aux_0: 0.3561 (0.3617)  loss_vfl_aux_1: 0.3436 (0.3335)  loss_vfl_aux_2: 0.3151 (0.3248)  loss_vfl_aux_3: 0.3080 (0.3220)  loss_vfl_aux_4: 0.3081 (0.3216)  loss_vfl_dn_0: 0.3734 (0.3685)  loss_vfl_dn_1: 0.2983 (0.2875)  loss_vfl_dn_2: 0.2925 (0.2819)  loss_vfl_dn_3: 0.2915 (0.2812)  loss_vfl_dn_4: 0.2912 (0.2811)  loss_vfl_dn_5: 0.2909 (0.2812)  loss_vfl_dn_pre: 0.3737 (0.3696)  loss_vfl_enc_0: 0.4157 (0.4107)  loss_vfl_pre: 0.3567 (0.3614)  time: 0.6204  data: 0.0082  max mem: 17742
Epoch: [6/120]  [2100/2360]  eta: 0:02:39  lr: 0.000009  loss: 22.3201 (22.5176)  loss_bbox: 0.0481 (0.0603)  loss_bbox_aux_0: 0.0561 (0.0670)  loss_bbox_aux_1: 0.0504 (0.0614)  loss_bbox_aux_2: 0.0478 (0.0603)  loss_bbox_aux_3: 0.0480 (0.0603)  loss_bbox_aux_4: 0.0481 (0.0603)  loss_bbox_dn_0: 0.0737 (0.0769)  loss_bbox_dn_1: 0.0462 (0.0539)  loss_bbox_dn_2: 0.0454 (0.0516)  loss_bbox_dn_3: 0.0454 (0.0516)  loss_bbox_dn_4: 0.0454 (0.0515)  loss_bbox_dn_5: 0.0454 (0.0515)  loss_bbox_dn_pre: 0.0764 (0.0809)  loss_bbox_enc_0: 0.0875 (0.1022)  loss_bbox_pre: 0.0565 (0.0670)  loss_ddf_aux_0: 0.0815 (0.0645)  loss_ddf_aux_1: 0.0309 (0.0263)  loss_ddf_aux_2: 0.0024 (0.0018)  loss_ddf_aux_3: 0.0000 (0.0000)  loss_ddf_aux_4: -0.0000 (0.0000)  loss_ddf_dn_0: 0.6505 (0.5082)  loss_ddf_dn_1: 0.0754 (0.0467)  loss_ddf_dn_2: 0.0201 (0.0070)  loss_ddf_dn_3: 0.0005 (0.0006)  loss_ddf_dn_4: 0.0000 (0.0000)  loss_ddf_dn_5: 0.0000 (0.0000)  loss_fgl: 0.9964 (1.0123)  loss_fgl_aux_0: 1.0304 (1.0430)  loss_fgl_aux_1: 0.9991 (1.0155)  loss_fgl_aux_2: 0.9954 (1.0122)  loss_fgl_aux_3: 0.9960 (1.0123)  loss_fgl_aux_4: 0.9964 (1.0123)  loss_fgl_dn_0: 1.1073 (1.1116)  loss_fgl_dn_1: 0.9610 (0.9814)  loss_fgl_dn_2: 0.9527 (0.9729)  loss_fgl_dn_3: 0.9527 (0.9730)  loss_fgl_dn_4: 0.9528 (0.9730)  loss_fgl_dn_5: 0.9528 (0.9731)  loss_giou: 0.2499 (0.2698)  loss_giou_aux_0: 0.2735 (0.2824)  loss_giou_aux_1: 0.2490 (0.2718)  loss_giou_aux_2: 0.2493 (0.2699)  loss_giou_aux_3: 0.2498 (0.2698)  loss_giou_aux_4: 0.2499 (0.2698)  loss_giou_dn_0: 0.2723 (0.2830)  loss_giou_dn_1: 0.2064 (0.2151)  loss_giou_dn_2: 0.2039 (0.2108)  loss_giou_dn_3: 0.2038 (0.2108)  loss_giou_dn_4: 0.2038 (0.2108)  loss_giou_dn_5: 0.2038 (0.2108)  loss_giou_dn_pre: 0.2747 (0.2834)  loss_giou_enc_0: 0.3755 (0.3662)  loss_giou_pre: 0.2754 (0.2819)  loss_vfl: 0.3046 (0.3216)  loss_vfl_aux_0: 0.3542 (0.3616)  loss_vfl_aux_1: 0.3192 (0.3333)  loss_vfl_aux_2: 0.3044 (0.3247)  loss_vfl_aux_3: 0.3045 (0.3218)  loss_vfl_aux_4: 0.3079 (0.3214)  loss_vfl_dn_0: 0.3687 (0.3685)  loss_vfl_dn_1: 0.2874 (0.2873)  loss_vfl_dn_2: 0.2801 (0.2818)  loss_vfl_dn_3: 0.2794 (0.2810)  loss_vfl_dn_4: 0.2791 (0.2809)  loss_vfl_dn_5: 0.2791 (0.2810)  loss_vfl_dn_pre: 0.3696 (0.3696)  loss_vfl_enc_0: 0.4189 (0.4114)  loss_vfl_pre: 0.3533 (0.3613)  time: 0.5953  data: 0.0083  max mem: 17742
Epoch: [6/120]  [2200/2360]  eta: 0:01:38  lr: 0.000009  loss: 22.7824 (22.5453)  loss_bbox: 0.0456 (0.0603)  loss_bbox_aux_0: 0.0500 (0.0672)  loss_bbox_aux_1: 0.0446 (0.0615)  loss_bbox_aux_2: 0.0452 (0.0604)  loss_bbox_aux_3: 0.0457 (0.0603)  loss_bbox_aux_4: 0.0456 (0.0603)  loss_bbox_dn_0: 0.0626 (0.0770)  loss_bbox_dn_1: 0.0413 (0.0540)  loss_bbox_dn_2: 0.0399 (0.0517)  loss_bbox_dn_3: 0.0400 (0.0516)  loss_bbox_dn_4: 0.0396 (0.0516)  loss_bbox_dn_5: 0.0396 (0.0516)  loss_bbox_dn_pre: 0.0675 (0.0810)  loss_bbox_enc_0: 0.0771 (0.1027)  loss_bbox_pre: 0.0501 (0.0672)  loss_ddf_aux_0: 0.1031 (0.0657)  loss_ddf_aux_1: 0.0389 (0.0265)  loss_ddf_aux_2: 0.0029 (0.0018)  loss_ddf_aux_3: 0.0000 (0.0000)  loss_ddf_aux_4: -0.0000 (0.0000)  loss_ddf_dn_0: 1.0672 (0.5237)  loss_ddf_dn_1: 0.1931 (0.0495)  loss_ddf_dn_2: 0.0450 (0.0079)  loss_ddf_dn_3: 0.0004 (0.0006)  loss_ddf_dn_4: 0.0000 (0.0000)  loss_ddf_dn_5: 0.0000 (0.0000)  loss_fgl: 1.0187 (1.0122)  loss_fgl_aux_0: 1.0272 (1.0431)  loss_fgl_aux_1: 1.0228 (1.0155)  loss_fgl_aux_2: 1.0189 (1.0121)  loss_fgl_aux_3: 1.0186 (1.0122)  loss_fgl_aux_4: 1.0187 (1.0122)  loss_fgl_dn_0: 1.0895 (1.1115)  loss_fgl_dn_1: 0.9679 (0.9812)  loss_fgl_dn_2: 0.9592 (0.9728)  loss_fgl_dn_3: 0.9595 (0.9729)  loss_fgl_dn_4: 0.9594 (0.9729)  loss_fgl_dn_5: 0.9594 (0.9729)  loss_giou: 0.2418 (0.2698)  loss_giou_aux_0: 0.2507 (0.2824)  loss_giou_aux_1: 0.2453 (0.2718)  loss_giou_aux_2: 0.2421 (0.2698)  loss_giou_aux_3: 0.2418 (0.2698)  loss_giou_aux_4: 0.2418 (0.2698)  loss_giou_dn_0: 0.2670 (0.2832)  loss_giou_dn_1: 0.2103 (0.2152)  loss_giou_dn_2: 0.2039 (0.2109)  loss_giou_dn_3: 0.2037 (0.2109)  loss_giou_dn_4: 0.2036 (0.2109)  loss_giou_dn_5: 0.2036 (0.2109)  loss_giou_dn_pre: 0.2714 (0.2836)  loss_giou_enc_0: 0.3420 (0.3668)  loss_giou_pre: 0.2496 (0.2819)  loss_vfl: 0.3092 (0.3219)  loss_vfl_aux_0: 0.3560 (0.3625)  loss_vfl_aux_1: 0.3167 (0.3338)  loss_vfl_aux_2: 0.3116 (0.3251)  loss_vfl_aux_3: 0.3098 (0.3222)  loss_vfl_aux_4: 0.3088 (0.3218)  loss_vfl_dn_0: 0.3595 (0.3686)  loss_vfl_dn_1: 0.2779 (0.2873)  loss_vfl_dn_2: 0.2732 (0.2818)  loss_vfl_dn_3: 0.2717 (0.2810)  loss_vfl_dn_4: 0.2723 (0.2809)  loss_vfl_dn_5: 0.2723 (0.2811)  loss_vfl_dn_pre: 0.3607 (0.3696)  loss_vfl_enc_0: 0.4117 (0.4123)  loss_vfl_pre: 0.3560 (0.3622)  time: 0.5998  data: 0.0088  max mem: 17742
Epoch: [6/120]  [2300/2360]  eta: 0:00:36  lr: 0.000009  loss: 22.9629 (22.5606)  loss_bbox: 0.0598 (0.0604)  loss_bbox_aux_0: 0.0643 (0.0672)  loss_bbox_aux_1: 0.0597 (0.0615)  loss_bbox_aux_2: 0.0627 (0.0604)  loss_bbox_aux_3: 0.0597 (0.0604)  loss_bbox_aux_4: 0.0597 (0.0604)  loss_bbox_dn_0: 0.0722 (0.0772)  loss_bbox_dn_1: 0.0546 (0.0541)  loss_bbox_dn_2: 0.0501 (0.0518)  loss_bbox_dn_3: 0.0500 (0.0517)  loss_bbox_dn_4: 0.0485 (0.0517)  loss_bbox_dn_5: 0.0485 (0.0517)  loss_bbox_dn_pre: 0.0770 (0.0811)  loss_bbox_enc_0: 0.0850 (0.1027)  loss_bbox_pre: 0.0637 (0.0672)  loss_ddf_aux_0: 0.0664 (0.0660)  loss_ddf_aux_1: 0.0245 (0.0266)  loss_ddf_aux_2: 0.0018 (0.0018)  loss_ddf_aux_3: 0.0000 (0.0000)  loss_ddf_aux_4: 0.0000 (0.0000)  loss_ddf_dn_0: 0.7413 (0.5324)  loss_ddf_dn_1: 0.0896 (0.0527)  loss_ddf_dn_2: 0.0148 (0.0089)  loss_ddf_dn_3: 0.0004 (0.0006)  loss_ddf_dn_4: 0.0000 (0.0000)  loss_ddf_dn_5: 0.0000 (0.0000)  loss_fgl: 0.9883 (1.0124)  loss_fgl_aux_0: 1.0199 (1.0434)  loss_fgl_aux_1: 0.9891 (1.0156)  loss_fgl_aux_2: 0.9887 (1.0123)  loss_fgl_aux_3: 0.9881 (1.0123)  loss_fgl_aux_4: 0.9882 (1.0123)  loss_fgl_dn_0: 1.1210 (1.1118)  loss_fgl_dn_1: 0.9671 (0.9813)  loss_fgl_dn_2: 0.9565 (0.9728)  loss_fgl_dn_3: 0.9562 (0.9729)  loss_fgl_dn_4: 0.9563 (0.9730)  loss_fgl_dn_5: 0.9563 (0.9730)  loss_giou: 0.2690 (0.2697)  loss_giou_aux_0: 0.2737 (0.2823)  loss_giou_aux_1: 0.2646 (0.2716)  loss_giou_aux_2: 0.2676 (0.2697)  loss_giou_aux_3: 0.2690 (0.2697)  loss_giou_aux_4: 0.2690 (0.2697)  loss_giou_dn_0: 0.2792 (0.2831)  loss_giou_dn_1: 0.2209 (0.2152)  loss_giou_dn_2: 0.2205 (0.2109)  loss_giou_dn_3: 0.2210 (0.2108)  loss_giou_dn_4: 0.2211 (0.2108)  loss_giou_dn_5: 0.2211 (0.2108)  loss_giou_dn_pre: 0.2776 (0.2835)  loss_giou_enc_0: 0.3621 (0.3670)  loss_giou_pre: 0.2725 (0.2817)  loss_vfl: 0.3104 (0.3217)  loss_vfl_aux_0: 0.3745 (0.3629)  loss_vfl_aux_1: 0.3421 (0.3338)  loss_vfl_aux_2: 0.3138 (0.3250)  loss_vfl_aux_3: 0.3148 (0.3221)  loss_vfl_aux_4: 0.3123 (0.3217)  loss_vfl_dn_0: 0.3708 (0.3686)  loss_vfl_dn_1: 0.2922 (0.2873)  loss_vfl_dn_2: 0.2867 (0.2818)  loss_vfl_dn_3: 0.2847 (0.2810)  loss_vfl_dn_4: 0.2843 (0.2809)  loss_vfl_dn_5: 0.2843 (0.2811)  loss_vfl_dn_pre: 0.3736 (0.3697)  loss_vfl_enc_0: 0.4124 (0.4127)  loss_vfl_pre: 0.3725 (0.3626)  time: 0.6068  data: 0.0085  max mem: 17742
Epoch: [6/120]  [2359/2360]  eta: 0:00:00  lr: 0.000009  loss: 22.2982 (22.5586)  loss_bbox: 0.0505 (0.0603)  loss_bbox_aux_0: 0.0521 (0.0672)  loss_bbox_aux_1: 0.0513 (0.0614)  loss_bbox_aux_2: 0.0506 (0.0603)  loss_bbox_aux_3: 0.0505 (0.0603)  loss_bbox_aux_4: 0.0505 (0.0603)  loss_bbox_dn_0: 0.0704 (0.0772)  loss_bbox_dn_1: 0.0478 (0.0540)  loss_bbox_dn_2: 0.0465 (0.0517)  loss_bbox_dn_3: 0.0465 (0.0516)  loss_bbox_dn_4: 0.0464 (0.0516)  loss_bbox_dn_5: 0.0464 (0.0516)  loss_bbox_dn_pre: 0.0722 (0.0811)  loss_bbox_enc_0: 0.0768 (0.1028)  loss_bbox_pre: 0.0531 (0.0671)  loss_ddf_aux_0: 0.0830 (0.0668)  loss_ddf_aux_1: 0.0368 (0.0269)  loss_ddf_aux_2: 0.0026 (0.0018)  loss_ddf_aux_3: 0.0000 (0.0000)  loss_ddf_aux_4: 0.0000 (0.0000)  loss_ddf_dn_0: 0.6443 (0.5372)  loss_ddf_dn_1: 0.1024 (0.0541)  loss_ddf_dn_2: 0.0305 (0.0094)  loss_ddf_dn_3: 0.0004 (0.0006)  loss_ddf_dn_4: 0.0000 (0.0000)  loss_ddf_dn_5: 0.0000 (0.0000)  loss_fgl: 1.0065 (1.0117)  loss_fgl_aux_0: 1.0362 (1.0429)  loss_fgl_aux_1: 1.0122 (1.0150)  loss_fgl_aux_2: 1.0075 (1.0116)  loss_fgl_aux_3: 1.0065 (1.0117)  loss_fgl_aux_4: 1.0065 (1.0117)  loss_fgl_dn_0: 1.1007 (1.1118)  loss_fgl_dn_1: 0.9635 (0.9808)  loss_fgl_dn_2: 0.9535 (0.9723)  loss_fgl_dn_3: 0.9546 (0.9724)  loss_fgl_dn_4: 0.9547 (0.9725)  loss_fgl_dn_5: 0.9547 (0.9725)  loss_giou: 0.2606 (0.2696)  loss_giou_aux_0: 0.2697 (0.2823)  loss_giou_aux_1: 0.2636 (0.2716)  loss_giou_aux_2: 0.2614 (0.2697)  loss_giou_aux_3: 0.2606 (0.2696)  loss_giou_aux_4: 0.2606 (0.2696)  loss_giou_dn_0: 0.2686 (0.2830)  loss_giou_dn_1: 0.2049 (0.2150)  loss_giou_dn_2: 0.2015 (0.2107)  loss_giou_dn_3: 0.2014 (0.2106)  loss_giou_dn_4: 0.2014 (0.2106)  loss_giou_dn_5: 0.2014 (0.2106)  loss_giou_dn_pre: 0.2698 (0.2834)  loss_giou_enc_0: 0.3611 (0.3672)  loss_giou_pre: 0.2714 (0.2817)  loss_vfl: 0.3023 (0.3214)  loss_vfl_aux_0: 0.3567 (0.3631)  loss_vfl_aux_1: 0.3237 (0.3336)  loss_vfl_aux_2: 0.3132 (0.3247)  loss_vfl_aux_3: 0.3057 (0.3217)  loss_vfl_aux_4: 0.3042 (0.3213)  loss_vfl_dn_0: 0.3667 (0.3686)  loss_vfl_dn_1: 0.2832 (0.2871)  loss_vfl_dn_2: 0.2777 (0.2816)  loss_vfl_dn_3: 0.2781 (0.2808)  loss_vfl_dn_4: 0.2766 (0.2807)  loss_vfl_dn_5: 0.2767 (0.2809)  loss_vfl_dn_pre: 0.3665 (0.3696)  loss_vfl_enc_0: 0.4189 (0.4133)  loss_vfl_pre: 0.3551 (0.3628)  time: 0.5515  data: 0.0081  max mem: 17742
Epoch: [6/120] Total time: 0:24:02 (0.6113 s / it)
Averaged stats: lr: 0.000009  loss: 22.2982 (22.5586)  loss_bbox: 0.0505 (0.0603)  loss_bbox_aux_0: 0.0521 (0.0672)  loss_bbox_aux_1: 0.0513 (0.0614)  loss_bbox_aux_2: 0.0506 (0.0603)  loss_bbox_aux_3: 0.0505 (0.0603)  loss_bbox_aux_4: 0.0505 (0.0603)  loss_bbox_dn_0: 0.0704 (0.0772)  loss_bbox_dn_1: 0.0478 (0.0540)  loss_bbox_dn_2: 0.0465 (0.0517)  loss_bbox_dn_3: 0.0465 (0.0516)  loss_bbox_dn_4: 0.0464 (0.0516)  loss_bbox_dn_5: 0.0464 (0.0516)  loss_bbox_dn_pre: 0.0722 (0.0811)  loss_bbox_enc_0: 0.0768 (0.1028)  loss_bbox_pre: 0.0531 (0.0671)  loss_ddf_aux_0: 0.0830 (0.0668)  loss_ddf_aux_1: 0.0368 (0.0269)  loss_ddf_aux_2: 0.0026 (0.0018)  loss_ddf_aux_3: 0.0000 (0.0000)  loss_ddf_aux_4: 0.0000 (0.0000)  loss_ddf_dn_0: 0.6443 (0.5372)  loss_ddf_dn_1: 0.1024 (0.0541)  loss_ddf_dn_2: 0.0305 (0.0094)  loss_ddf_dn_3: 0.0004 (0.0006)  loss_ddf_dn_4: 0.0000 (0.0000)  loss_ddf_dn_5: 0.0000 (0.0000)  loss_fgl: 1.0065 (1.0117)  loss_fgl_aux_0: 1.0362 (1.0429)  loss_fgl_aux_1: 1.0122 (1.0150)  loss_fgl_aux_2: 1.0075 (1.0116)  loss_fgl_aux_3: 1.0065 (1.0117)  loss_fgl_aux_4: 1.0065 (1.0117)  loss_fgl_dn_0: 1.1007 (1.1118)  loss_fgl_dn_1: 0.9635 (0.9808)  loss_fgl_dn_2: 0.9535 (0.9723)  loss_fgl_dn_3: 0.9546 (0.9724)  loss_fgl_dn_4: 0.9547 (0.9725)  loss_fgl_dn_5: 0.9547 (0.9725)  loss_giou: 0.2606 (0.2696)  loss_giou_aux_0: 0.2697 (0.2823)  loss_giou_aux_1: 0.2636 (0.2716)  loss_giou_aux_2: 0.2614 (0.2697)  loss_giou_aux_3: 0.2606 (0.2696)  loss_giou_aux_4: 0.2606 (0.2696)  loss_giou_dn_0: 0.2686 (0.2830)  loss_giou_dn_1: 0.2049 (0.2150)  loss_giou_dn_2: 0.2015 (0.2107)  loss_giou_dn_3: 0.2014 (0.2106)  loss_giou_dn_4: 0.2014 (0.2106)  loss_giou_dn_5: 0.2014 (0.2106)  loss_giou_dn_pre: 0.2698 (0.2834)  loss_giou_enc_0: 0.3611 (0.3672)  loss_giou_pre: 0.2714 (0.2817)  loss_vfl: 0.3023 (0.3214)  loss_vfl_aux_0: 0.3567 (0.3631)  loss_vfl_aux_1: 0.3237 (0.3336)  loss_vfl_aux_2: 0.3132 (0.3247)  loss_vfl_aux_3: 0.3057 (0.3217)  loss_vfl_aux_4: 0.3042 (0.3213)  loss_vfl_dn_0: 0.3667 (0.3686)  loss_vfl_dn_1: 0.2832 (0.2871)  loss_vfl_dn_2: 0.2777 (0.2816)  loss_vfl_dn_3: 0.2781 (0.2808)  loss_vfl_dn_4: 0.2766 (0.2807)  loss_vfl_dn_5: 0.2767 (0.2809)  loss_vfl_dn_pre: 0.3665 (0.3696)  loss_vfl_enc_0: 0.4189 (0.4133)  loss_vfl_pre: 0.3551 (0.3628)
Test:  [  0/109]  eta: 0:02:03    time: 1.1366  data: 0.9591  max mem: 17742
Test:  [ 10/109]  eta: 0:00:25    time: 0.2587  data: 0.0987  max mem: 17742
Test:  [ 20/109]  eta: 0:00:22    time: 0.2094  data: 0.0118  max mem: 17742
Test:  [ 30/109]  eta: 0:00:19    time: 0.2407  data: 0.0110  max mem: 17742
Test:  [ 40/109]  eta: 0:00:15    time: 0.2035  data: 0.0111  max mem: 17742
Test:  [ 50/109]  eta: 0:00:13    time: 0.1964  data: 0.0112  max mem: 17742
Test:  [ 60/109]  eta: 0:00:10    time: 0.1970  data: 0.0107  max mem: 17742
Test:  [ 70/109]  eta: 0:00:08    time: 0.1962  data: 0.0104  max mem: 17742
Test:  [ 80/109]  eta: 0:00:06    time: 0.2275  data: 0.0108  max mem: 17742
Test:  [ 90/109]  eta: 0:00:04    time: 0.2042  data: 0.0107  max mem: 17742
Test:  [100/109]  eta: 0:00:01    time: 0.1716  data: 0.0096  max mem: 17742
Test:  [108/109]  eta: 0:00:00    time: 0.1544  data: 0.0083  max mem: 17742
Test: Total time: 0:00:22 (0.2055 s / it)
Metrics: {'f1': 0.9547038327526133, 'precision': 0.9647887323943662, 'recall': 0.9448275862068966, 'iou': 0.7622200356589424, 'TPs': 822, 'FPs': 30, 'FNs': 48}
Averaged stats: 
Accumulating evaluation results...
COCOeval_opt.accumulate() finished...
DONE (t=0.29s).
IoU metric: bbox
 Average Precision  (AP) @[ IoU=0.50:0.95 | area=   all | maxDets=100 ] = 0.649
 Average Precision  (AP) @[ IoU=0.50      | area=   all | maxDets=100 ] = 0.954
 Average Precision  (AP) @[ IoU=0.75      | area=   all | maxDets=100 ] = 0.741
 Average Precision  (AP) @[ IoU=0.50:0.95 | area= small | maxDets=100 ] = 0.570
 Average Precision  (AP) @[ IoU=0.50:0.95 | area=medium | maxDets=100 ] = 0.742
 Average Precision  (AP) @[ IoU=0.50:0.95 | area= large | maxDets=100 ] = 0.743
 Average Recall     (AR) @[ IoU=0.50:0.95 | area=   all | maxDets=  1 ] = 0.668
 Average Recall     (AR) @[ IoU=0.50:0.95 | area=   all | maxDets= 10 ] = 0.695
 Average Recall     (AR) @[ IoU=0.50:0.95 | area=   all | maxDets=100 ] = 0.741
 Average Recall     (AR) @[ IoU=0.50:0.95 | area= small | maxDets=100 ] = 0.655
 Average Recall     (AR) @[ IoU=0.50:0.95 | area=medium | maxDets=100 ] = 0.825
 Average Recall     (AR) @[ IoU=0.50:0.95 | area= large | maxDets=100 ] = 0.878
 Average Recall     (AR) @[ IoU=0.50      | area=   all | maxDets=100 ] = 0.977
 Average Recall     (AR) @[ IoU=0.75      | area=   all | maxDets=100 ] = 0.836
best_stat: {'epoch': 6, 'coco_eval_bbox': 0.6485671780017689}
Epoch: [7/120]  [   0/2360]  eta: 2:14:56  lr: 0.000009  loss: 22.4812 (22.4812)  loss_bbox: 0.0436 (0.0436)  loss_bbox_aux_0: 0.0582 (0.0582)  loss_bbox_aux_1: 0.0470 (0.0470)  loss_bbox_aux_2: 0.0438 (0.0438)  loss_bbox_aux_3: 0.0435 (0.0435)  loss_bbox_aux_4: 0.0436 (0.0436)  loss_bbox_dn_0: 0.0702 (0.0702)  loss_bbox_dn_1: 0.0452 (0.0452)  loss_bbox_dn_2: 0.0417 (0.0417)  loss_bbox_dn_3: 0.0416 (0.0416)  loss_bbox_dn_4: 0.0415 (0.0415)  loss_bbox_dn_5: 0.0415 (0.0415)  loss_bbox_dn_pre: 0.0769 (0.0769)  loss_bbox_enc_0: 0.0883 (0.0883)  loss_bbox_pre: 0.0581 (0.0581)  loss_ddf_aux_0: 0.0781 (0.0781)  loss_ddf_aux_1: 0.0379 (0.0379)  loss_ddf_aux_2: 0.0026 (0.0026)  loss_ddf_aux_3: -0.0001 (-0.0001)  loss_ddf_aux_4: -0.0000 (-0.0000)  loss_ddf_dn_0: 0.5856 (0.5856)  loss_ddf_dn_1: 0.0808 (0.0808)  loss_ddf_dn_2: 0.0212 (0.0212)  loss_ddf_dn_3: 0.0002 (0.0002)  loss_ddf_dn_4: 0.0000 (0.0000)  loss_ddf_dn_5: 0.0000 (0.0000)  loss_fgl: 1.0359 (1.0359)  loss_fgl_aux_0: 1.0736 (1.0736)  loss_fgl_aux_1: 1.0497 (1.0497)  loss_fgl_aux_2: 1.0369 (1.0369)  loss_fgl_aux_3: 1.0361 (1.0361)  loss_fgl_aux_4: 1.0360 (1.0360)  loss_fgl_dn_0: 1.1423 (1.1423)  loss_fgl_dn_1: 1.0278 (1.0278)  loss_fgl_dn_2: 1.0180 (1.0180)  loss_fgl_dn_3: 1.0177 (1.0177)  loss_fgl_dn_4: 1.0175 (1.0175)  loss_fgl_dn_5: 1.0175 (1.0175)  loss_giou: 0.2450 (0.2450)  loss_giou_aux_0: 0.2695 (0.2695)  loss_giou_aux_1: 0.2483 (0.2483)  loss_giou_aux_2: 0.2449 (0.2449)  loss_giou_aux_3: 0.2449 (0.2449)  loss_giou_aux_4: 0.2449 (0.2449)  loss_giou_dn_0: 0.2751 (0.2751)  loss_giou_dn_1: 0.2185 (0.2185)  loss_giou_dn_2: 0.2132 (0.2132)  loss_giou_dn_3: 0.2130 (0.2130)  loss_giou_dn_4: 0.2129 (0.2129)  loss_giou_dn_5: 0.2129 (0.2129)  loss_giou_dn_pre: 0.2783 (0.2783)  loss_giou_enc_0: 0.3612 (0.3612)  loss_giou_pre: 0.2686 (0.2686)  loss_vfl: 0.2877 (0.2877)  loss_vfl_aux_0: 0.3084 (0.3084)  loss_vfl_aux_1: 0.2933 (0.2933)  loss_vfl_aux_2: 0.2920 (0.2920)  loss_vfl_aux_3: 0.2893 (0.2893)  loss_vfl_aux_4: 0.2880 (0.2880)  loss_vfl_dn_0: 0.3708 (0.3708)  loss_vfl_dn_1: 0.2898 (0.2898)  loss_vfl_dn_2: 0.2828 (0.2828)  loss_vfl_dn_3: 0.2828 (0.2828)  loss_vfl_dn_4: 0.2819 (0.2819)  loss_vfl_dn_5: 0.2816 (0.2816)  loss_vfl_dn_pre: 0.3725 (0.3725)  loss_vfl_enc_0: 0.4006 (0.4006)  loss_vfl_pre: 0.3080 (0.3080)  time: 3.4305  data: 1.2863  max mem: 17742
Epoch: [7/120]  [ 100/2360]  eta: 0:24:43  lr: 0.000009  loss: 22.0951 (22.6107)  loss_bbox: 0.0457 (0.0585)  loss_bbox_aux_0: 0.0521 (0.0665)  loss_bbox_aux_1: 0.0467 (0.0601)  loss_bbox_aux_2: 0.0457 (0.0585)  loss_bbox_aux_3: 0.0457 (0.0585)  loss_bbox_aux_4: 0.0457 (0.0585)  loss_bbox_dn_0: 0.0680 (0.0741)  loss_bbox_dn_1: 0.0422 (0.0521)  loss_bbox_dn_2: 0.0410 (0.0502)  loss_bbox_dn_3: 0.0411 (0.0501)  loss_bbox_dn_4: 0.0410 (0.0501)  loss_bbox_dn_5: 0.0410 (0.0501)  loss_bbox_dn_pre: 0.0687 (0.0779)  loss_bbox_enc_0: 0.0986 (0.1045)  loss_bbox_pre: 0.0524 (0.0665)  loss_ddf_aux_0: 0.0632 (0.0756)  loss_ddf_aux_1: 0.0241 (0.0305)  loss_ddf_aux_2: 0.0020 (0.0025)  loss_ddf_aux_3: 0.0000 (0.0000)  loss_ddf_aux_4: -0.0000 (0.0000)  loss_ddf_dn_0: 0.4936 (0.7029)  loss_ddf_dn_1: 0.0799 (0.0960)  loss_ddf_dn_2: 0.0233 (0.0246)  loss_ddf_dn_3: 0.0002 (0.0003)  loss_ddf_dn_4: 0.0000 (0.0000)  loss_ddf_dn_5: 0.0000 (0.0000)  loss_fgl: 0.9872 (1.0023)  loss_fgl_aux_0: 1.0333 (1.0339)  loss_fgl_aux_1: 0.9940 (1.0056)  loss_fgl_aux_2: 0.9866 (1.0023)  loss_fgl_aux_3: 0.9872 (1.0022)  loss_fgl_aux_4: 0.9872 (1.0022)  loss_fgl_dn_0: 1.0977 (1.1031)  loss_fgl_dn_1: 0.9517 (0.9725)  loss_fgl_dn_2: 0.9407 (0.9643)  loss_fgl_dn_3: 0.9405 (0.9644)  loss_fgl_dn_4: 0.9405 (0.9644)  loss_fgl_dn_5: 0.9406 (0.9644)  loss_giou: 0.2511 (0.2656)  loss_giou_aux_0: 0.2620 (0.2779)  loss_giou_aux_1: 0.2535 (0.2677)  loss_giou_aux_2: 0.2511 (0.2656)  loss_giou_aux_3: 0.2512 (0.2656)  loss_giou_aux_4: 0.2512 (0.2656)  loss_giou_dn_0: 0.2649 (0.2786)  loss_giou_dn_1: 0.2107 (0.2125)  loss_giou_dn_2: 0.2046 (0.2086)  loss_giou_dn_3: 0.2043 (0.2085)  loss_giou_dn_4: 0.2043 (0.2085)  loss_giou_dn_5: 0.2043 (0.2085)  loss_giou_dn_pre: 0.2663 (0.2791)  loss_giou_enc_0: 0.3582 (0.3642)  loss_giou_pre: 0.2623 (0.2777)  loss_vfl: 0.3061 (0.3147)  loss_vfl_aux_0: 0.3591 (0.3712)  loss_vfl_aux_1: 0.3200 (0.3356)  loss_vfl_aux_2: 0.3064 (0.3216)  loss_vfl_aux_3: 0.3017 (0.3152)  loss_vfl_aux_4: 0.3050 (0.3143)  loss_vfl_dn_0: 0.3543 (0.3660)  loss_vfl_dn_1: 0.2734 (0.2839)  loss_vfl_dn_2: 0.2690 (0.2790)  loss_vfl_dn_3: 0.2690 (0.2785)  loss_vfl_dn_4: 0.2677 (0.2785)  loss_vfl_dn_5: 0.2676 (0.2785)  loss_vfl_dn_pre: 0.3562 (0.3667)  loss_vfl_enc_0: 0.4124 (0.4322)  loss_vfl_pre: 0.3583 (0.3709)  time: 0.6253  data: 0.0084  max mem: 17742
Epoch: [7/120]  [ 200/2360]  eta: 0:22:47  lr: 0.000009  loss: 23.2248 (22.7280)  loss_bbox: 0.0548 (0.0600)  loss_bbox_aux_0: 0.0600 (0.0678)  loss_bbox_aux_1: 0.0542 (0.0611)  loss_bbox_aux_2: 0.0547 (0.0600)  loss_bbox_aux_3: 0.0548 (0.0599)  loss_bbox_aux_4: 0.0548 (0.0600)  loss_bbox_dn_0: 0.0749 (0.0761)  loss_bbox_dn_1: 0.0496 (0.0531)  loss_bbox_dn_2: 0.0476 (0.0512)  loss_bbox_dn_3: 0.0475 (0.0511)  loss_bbox_dn_4: 0.0474 (0.0511)  loss_bbox_dn_5: 0.0474 (0.0511)  loss_bbox_dn_pre: 0.0843 (0.0802)  loss_bbox_enc_0: 0.0958 (0.1049)  loss_bbox_pre: 0.0603 (0.0675)  loss_ddf_aux_0: 0.0728 (0.0700)  loss_ddf_aux_1: 0.0271 (0.0271)  loss_ddf_aux_2: 0.0033 (0.0025)  loss_ddf_aux_3: 0.0000 (0.0000)  loss_ddf_aux_4: 0.0000 (0.0000)  loss_ddf_dn_0: 0.6589 (0.6761)  loss_ddf_dn_1: 0.1155 (0.1000)  loss_ddf_dn_2: 0.0332 (0.0265)  loss_ddf_dn_3: 0.0006 (0.0004)  loss_ddf_dn_4: 0.0000 (0.0000)  loss_ddf_dn_5: 0.0000 (0.0000)  loss_fgl: 1.0320 (1.0113)  loss_fgl_aux_0: 1.0410 (1.0408)  loss_fgl_aux_1: 1.0348 (1.0140)  loss_fgl_aux_2: 1.0312 (1.0113)  loss_fgl_aux_3: 1.0320 (1.0113)  loss_fgl_aux_4: 1.0320 (1.0113)  loss_fgl_dn_0: 1.1209 (1.1051)  loss_fgl_dn_1: 0.9886 (0.9746)  loss_fgl_dn_2: 0.9901 (0.9668)  loss_fgl_dn_3: 0.9902 (0.9669)  loss_fgl_dn_4: 0.9902 (0.9669)  loss_fgl_dn_5: 0.9903 (0.9670)  loss_giou: 0.2691 (0.2688)  loss_giou_aux_0: 0.2750 (0.2811)  loss_giou_aux_1: 0.2760 (0.2705)  loss_giou_aux_2: 0.2702 (0.2688)  loss_giou_aux_3: 0.2691 (0.2688)  loss_giou_aux_4: 0.2691 (0.2688)  loss_giou_dn_0: 0.2996 (0.2803)  loss_giou_dn_1: 0.2216 (0.2138)  loss_giou_dn_2: 0.2184 (0.2102)  loss_giou_dn_3: 0.2183 (0.2101)  loss_giou_dn_4: 0.2180 (0.2101)  loss_giou_dn_5: 0.2180 (0.2101)  loss_giou_dn_pre: 0.2990 (0.2810)  loss_giou_enc_0: 0.3664 (0.3666)  loss_giou_pre: 0.2739 (0.2805)  loss_vfl: 0.3176 (0.3185)  loss_vfl_aux_0: 0.3726 (0.3716)  loss_vfl_aux_1: 0.3457 (0.3394)  loss_vfl_aux_2: 0.3210 (0.3241)  loss_vfl_aux_3: 0.3180 (0.3191)  loss_vfl_aux_4: 0.3176 (0.3183)  loss_vfl_dn_0: 0.3722 (0.3669)  loss_vfl_dn_1: 0.2941 (0.2857)  loss_vfl_dn_2: 0.2886 (0.2806)  loss_vfl_dn_3: 0.2884 (0.2800)  loss_vfl_dn_4: 0.2889 (0.2798)  loss_vfl_dn_5: 0.2883 (0.2799)  loss_vfl_dn_pre: 0.3726 (0.3675)  loss_vfl_enc_0: 0.4229 (0.4304)  loss_vfl_pre: 0.3714 (0.3716)  time: 0.6212  data: 0.0087  max mem: 17742
Epoch: [7/120]  [ 300/2360]  eta: 0:21:20  lr: 0.000009  loss: 22.3004 (22.6779)  loss_bbox: 0.0455 (0.0593)  loss_bbox_aux_0: 0.0566 (0.0667)  loss_bbox_aux_1: 0.0455 (0.0603)  loss_bbox_aux_2: 0.0455 (0.0593)  loss_bbox_aux_3: 0.0455 (0.0593)  loss_bbox_aux_4: 0.0455 (0.0593)  loss_bbox_dn_0: 0.0697 (0.0758)  loss_bbox_dn_1: 0.0490 (0.0527)  loss_bbox_dn_2: 0.0448 (0.0507)  loss_bbox_dn_3: 0.0447 (0.0506)  loss_bbox_dn_4: 0.0447 (0.0506)  loss_bbox_dn_5: 0.0447 (0.0506)  loss_bbox_dn_pre: 0.0736 (0.0799)  loss_bbox_enc_0: 0.0957 (0.1030)  loss_bbox_pre: 0.0577 (0.0664)  loss_ddf_aux_0: 0.1146 (0.0819)  loss_ddf_aux_1: 0.0440 (0.0329)  loss_ddf_aux_2: 0.0054 (0.0033)  loss_ddf_aux_3: 0.0001 (0.0000)  loss_ddf_aux_4: 0.0000 (0.0000)  loss_ddf_dn_0: 0.8927 (0.6726)  loss_ddf_dn_1: 0.1737 (0.1261)  loss_ddf_dn_2: 0.0420 (0.0364)  loss_ddf_dn_3: 0.0003 (0.0004)  loss_ddf_dn_4: 0.0000 (0.0000)  loss_ddf_dn_5: 0.0000 (0.0000)  loss_fgl: 1.0003 (1.0053)  loss_fgl_aux_0: 1.0311 (1.0360)  loss_fgl_aux_1: 1.0005 (1.0081)  loss_fgl_aux_2: 1.0000 (1.0053)  loss_fgl_aux_3: 1.0006 (1.0053)  loss_fgl_aux_4: 1.0004 (1.0053)  loss_fgl_dn_0: 1.0982 (1.1028)  loss_fgl_dn_1: 0.9633 (0.9710)  loss_fgl_dn_2: 0.9514 (0.9632)  loss_fgl_dn_3: 0.9514 (0.9633)  loss_fgl_dn_4: 0.9513 (0.9634)  loss_fgl_dn_5: 0.9513 (0.9634)  loss_giou: 0.2437 (0.2689)  loss_giou_aux_0: 0.2554 (0.2813)  loss_giou_aux_1: 0.2414 (0.2707)  loss_giou_aux_2: 0.2420 (0.2690)  loss_giou_aux_3: 0.2436 (0.2689)  loss_giou_aux_4: 0.2437 (0.2689)  loss_giou_dn_0: 0.2676 (0.2794)  loss_giou_dn_1: 0.2020 (0.2131)  loss_giou_dn_2: 0.1963 (0.2093)  loss_giou_dn_3: 0.1962 (0.2092)  loss_giou_dn_4: 0.1962 (0.2092)  loss_giou_dn_5: 0.1962 (0.2092)  loss_giou_dn_pre: 0.2658 (0.2802)  loss_giou_enc_0: 0.3325 (0.3680)  loss_giou_pre: 0.2546 (0.2807)  loss_vfl: 0.2976 (0.3171)  loss_vfl_aux_0: 0.3564 (0.3675)  loss_vfl_aux_1: 0.3243 (0.3351)  loss_vfl_aux_2: 0.3060 (0.3223)  loss_vfl_aux_3: 0.2929 (0.3180)  loss_vfl_aux_4: 0.2963 (0.3173)  loss_vfl_dn_0: 0.3638 (0.3662)  loss_vfl_dn_1: 0.2775 (0.2844)  loss_vfl_dn_2: 0.2713 (0.2789)  loss_vfl_dn_3: 0.2715 (0.2783)  loss_vfl_dn_4: 0.2715 (0.2782)  loss_vfl_dn_5: 0.2716 (0.2783)  loss_vfl_dn_pre: 0.3641 (0.3668)  loss_vfl_enc_0: 0.4097 (0.4255)  loss_vfl_pre: 0.3472 (0.3672)  time: 0.6235  data: 0.0085  max mem: 17742
Epoch: [7/120]  [ 400/2360]  eta: 0:20:22  lr: 0.000009  loss: 22.4233 (22.6679)  loss_bbox: 0.0429 (0.0582)  loss_bbox_aux_0: 0.0479 (0.0650)  loss_bbox_aux_1: 0.0440 (0.0590)  loss_bbox_aux_2: 0.0429 (0.0582)  loss_bbox_aux_3: 0.0429 (0.0582)  loss_bbox_aux_4: 0.0429 (0.0582)  loss_bbox_dn_0: 0.0568 (0.0740)  loss_bbox_dn_1: 0.0394 (0.0516)  loss_bbox_dn_2: 0.0377 (0.0497)  loss_bbox_dn_3: 0.0377 (0.0497)  loss_bbox_dn_4: 0.0377 (0.0496)  loss_bbox_dn_5: 0.0377 (0.0496)  loss_bbox_dn_pre: 0.0574 (0.0779)  loss_bbox_enc_0: 0.0593 (0.0978)  loss_bbox_pre: 0.0455 (0.0647)  loss_ddf_aux_0: 0.0659 (0.0834)  loss_ddf_aux_1: 0.0255 (0.0322)  loss_ddf_aux_2: 0.0039 (0.0035)  loss_ddf_aux_3: 0.0000 (0.0000)  loss_ddf_aux_4: 0.0000 (0.0000)  loss_ddf_dn_0: 0.5783 (0.6882)  loss_ddf_dn_1: 0.0860 (0.1242)  loss_ddf_dn_2: 0.0308 (0.0360)  loss_ddf_dn_3: 0.0002 (0.0004)  loss_ddf_dn_4: 0.0000 (0.0000)  loss_ddf_dn_5: 0.0000 (0.0000)  loss_fgl: 1.0142 (1.0077)  loss_fgl_aux_0: 1.0470 (1.0379)  loss_fgl_aux_1: 1.0130 (1.0104)  loss_fgl_aux_2: 1.0135 (1.0076)  loss_fgl_aux_3: 1.0138 (1.0077)  loss_fgl_aux_4: 1.0140 (1.0077)  loss_fgl_dn_0: 1.0892 (1.1046)  loss_fgl_dn_1: 0.9898 (0.9735)  loss_fgl_dn_2: 0.9780 (0.9658)  loss_fgl_dn_3: 0.9767 (0.9659)  loss_fgl_dn_4: 0.9774 (0.9660)  loss_fgl_dn_5: 0.9775 (0.9660)  loss_giou: 0.2587 (0.2676)  loss_giou_aux_0: 0.2745 (0.2797)  loss_giou_aux_1: 0.2609 (0.2693)  loss_giou_aux_2: 0.2582 (0.2676)  loss_giou_aux_3: 0.2587 (0.2675)  loss_giou_aux_4: 0.2587 (0.2676)  loss_giou_dn_0: 0.2797 (0.2785)  loss_giou_dn_1: 0.2116 (0.2122)  loss_giou_dn_2: 0.2093 (0.2085)  loss_giou_dn_3: 0.2093 (0.2084)  loss_giou_dn_4: 0.2092 (0.2084)  loss_giou_dn_5: 0.2092 (0.2084)  loss_giou_dn_pre: 0.2784 (0.2792)  loss_giou_enc_0: 0.3474 (0.3658)  loss_giou_pre: 0.2738 (0.2791)  loss_vfl: 0.3134 (0.3177)  loss_vfl_aux_0: 0.3369 (0.3652)  loss_vfl_aux_1: 0.3097 (0.3332)  loss_vfl_aux_2: 0.3160 (0.3218)  loss_vfl_aux_3: 0.3163 (0.3183)  loss_vfl_aux_4: 0.3143 (0.3176)  loss_vfl_dn_0: 0.3652 (0.3658)  loss_vfl_dn_1: 0.2903 (0.2844)  loss_vfl_dn_2: 0.2871 (0.2792)  loss_vfl_dn_3: 0.2852 (0.2785)  loss_vfl_dn_4: 0.2857 (0.2784)  loss_vfl_dn_5: 0.2857 (0.2785)  loss_vfl_dn_pre: 0.3645 (0.3663)  loss_vfl_enc_0: 0.3883 (0.4201)  loss_vfl_pre: 0.3368 (0.3648)  time: 0.6136  data: 0.0087  max mem: 17742
Epoch: [7/120]  [ 500/2360]  eta: 0:19:22  lr: 0.000009  loss: 22.2812 (22.6737)  loss_bbox: 0.0446 (0.0589)  loss_bbox_aux_0: 0.0527 (0.0656)  loss_bbox_aux_1: 0.0463 (0.0597)  loss_bbox_aux_2: 0.0447 (0.0589)  loss_bbox_aux_3: 0.0446 (0.0589)  loss_bbox_aux_4: 0.0446 (0.0589)  loss_bbox_dn_0: 0.0671 (0.0750)  loss_bbox_dn_1: 0.0414 (0.0523)  loss_bbox_dn_2: 0.0398 (0.0503)  loss_bbox_dn_3: 0.0398 (0.0503)  loss_bbox_dn_4: 0.0401 (0.0502)  loss_bbox_dn_5: 0.0401 (0.0502)  loss_bbox_dn_pre: 0.0721 (0.0790)  loss_bbox_enc_0: 0.0808 (0.0983)  loss_bbox_pre: 0.0520 (0.0654)  loss_ddf_aux_0: 0.0789 (0.0827)  loss_ddf_aux_1: 0.0324 (0.0317)  loss_ddf_aux_2: 0.0035 (0.0035)  loss_ddf_aux_3: 0.0000 (0.0000)  loss_ddf_aux_4: 0.0000 (0.0000)  loss_ddf_dn_0: 0.5021 (0.6711)  loss_ddf_dn_1: 0.1027 (0.1231)  loss_ddf_dn_2: 0.0410 (0.0361)  loss_ddf_dn_3: 0.0004 (0.0004)  loss_ddf_dn_4: 0.0000 (0.0000)  loss_ddf_dn_5: 0.0000 (0.0000)  loss_fgl: 1.0075 (1.0086)  loss_fgl_aux_0: 1.0414 (1.0394)  loss_fgl_aux_1: 1.0117 (1.0116)  loss_fgl_aux_2: 1.0079 (1.0085)  loss_fgl_aux_3: 1.0079 (1.0086)  loss_fgl_aux_4: 1.0076 (1.0086)  loss_fgl_dn_0: 1.0855 (1.1055)  loss_fgl_dn_1: 0.9673 (0.9742)  loss_fgl_dn_2: 0.9586 (0.9664)  loss_fgl_dn_3: 0.9585 (0.9664)  loss_fgl_dn_4: 0.9583 (0.9665)  loss_fgl_dn_5: 0.9583 (0.9665)  loss_giou: 0.2539 (0.2674)  loss_giou_aux_0: 0.2640 (0.2797)  loss_giou_aux_1: 0.2515 (0.2691)  loss_giou_aux_2: 0.2532 (0.2674)  loss_giou_aux_3: 0.2540 (0.2674)  loss_giou_aux_4: 0.2540 (0.2674)  loss_giou_dn_0: 0.2772 (0.2789)  loss_giou_dn_1: 0.2067 (0.2123)  loss_giou_dn_2: 0.2050 (0.2085)  loss_giou_dn_3: 0.2048 (0.2084)  loss_giou_dn_4: 0.2046 (0.2084)  loss_giou_dn_5: 0.2046 (0.2084)  loss_giou_dn_pre: 0.2788 (0.2795)  loss_giou_enc_0: 0.3373 (0.3655)  loss_giou_pre: 0.2658 (0.2792)  loss_vfl: 0.3045 (0.3189)  loss_vfl_aux_0: 0.3625 (0.3655)  loss_vfl_aux_1: 0.3164 (0.3334)  loss_vfl_aux_2: 0.3044 (0.3222)  loss_vfl_aux_3: 0.3028 (0.3192)  loss_vfl_aux_4: 0.3041 (0.3188)  loss_vfl_dn_0: 0.3604 (0.3664)  loss_vfl_dn_1: 0.2824 (0.2848)  loss_vfl_dn_2: 0.2783 (0.2795)  loss_vfl_dn_3: 0.2769 (0.2787)  loss_vfl_dn_4: 0.2769 (0.2786)  loss_vfl_dn_5: 0.2767 (0.2787)  loss_vfl_dn_pre: 0.3613 (0.3670)  loss_vfl_enc_0: 0.4019 (0.4188)  loss_vfl_pre: 0.3596 (0.3647)  time: 0.6229  data: 0.0090  max mem: 17742
Epoch: [7/120]  [ 600/2360]  eta: 0:18:14  lr: 0.000009  loss: 22.7762 (22.7213)  loss_bbox: 0.0524 (0.0587)  loss_bbox_aux_0: 0.0592 (0.0655)  loss_bbox_aux_1: 0.0534 (0.0596)  loss_bbox_aux_2: 0.0524 (0.0587)  loss_bbox_aux_3: 0.0524 (0.0587)  loss_bbox_aux_4: 0.0524 (0.0587)  loss_bbox_dn_0: 0.0725 (0.0752)  loss_bbox_dn_1: 0.0493 (0.0524)  loss_bbox_dn_2: 0.0444 (0.0504)  loss_bbox_dn_3: 0.0444 (0.0504)  loss_bbox_dn_4: 0.0442 (0.0503)  loss_bbox_dn_5: 0.0442 (0.0503)  loss_bbox_dn_pre: 0.0780 (0.0792)  loss_bbox_enc_0: 0.0891 (0.0983)  loss_bbox_pre: 0.0598 (0.0653)  loss_ddf_aux_0: 0.1038 (0.0845)  loss_ddf_aux_1: 0.0403 (0.0331)  loss_ddf_aux_2: 0.0048 (0.0037)  loss_ddf_aux_3: -0.0000 (0.0000)  loss_ddf_aux_4: 0.0000 (0.0000)  loss_ddf_dn_0: 0.6941 (0.6651)  loss_ddf_dn_1: 0.1490 (0.1265)  loss_ddf_dn_2: 0.0671 (0.0398)  loss_ddf_dn_3: 0.0005 (0.0004)  loss_ddf_dn_4: 0.0000 (0.0000)  loss_ddf_dn_5: 0.0000 (0.0000)  loss_fgl: 1.0101 (1.0100)  loss_fgl_aux_0: 1.0594 (1.0413)  loss_fgl_aux_1: 1.0215 (1.0130)  loss_fgl_aux_2: 1.0102 (1.0099)  loss_fgl_aux_3: 1.0101 (1.0099)  loss_fgl_aux_4: 1.0101 (1.0100)  loss_fgl_dn_0: 1.1422 (1.1069)  loss_fgl_dn_1: 0.9887 (0.9759)  loss_fgl_dn_2: 0.9801 (0.9682)  loss_fgl_dn_3: 0.9801 (0.9683)  loss_fgl_dn_4: 0.9800 (0.9683)  loss_fgl_dn_5: 0.9800 (0.9684)  loss_giou: 0.2544 (0.2686)  loss_giou_aux_0: 0.2769 (0.2813)  loss_giou_aux_1: 0.2590 (0.2704)  loss_giou_aux_2: 0.2544 (0.2686)  loss_giou_aux_3: 0.2544 (0.2686)  loss_giou_aux_4: 0.2544 (0.2686)  loss_giou_dn_0: 0.2879 (0.2803)  loss_giou_dn_1: 0.2112 (0.2135)  loss_giou_dn_2: 0.2040 (0.2096)  loss_giou_dn_3: 0.2040 (0.2096)  loss_giou_dn_4: 0.2040 (0.2096)  loss_giou_dn_5: 0.2040 (0.2096)  loss_giou_dn_pre: 0.2901 (0.2810)  loss_giou_enc_0: 0.3690 (0.3668)  loss_giou_pre: 0.2789 (0.2808)  loss_vfl: 0.3152 (0.3190)  loss_vfl_aux_0: 0.3634 (0.3659)  loss_vfl_aux_1: 0.3301 (0.3337)  loss_vfl_aux_2: 0.3262 (0.3224)  loss_vfl_aux_3: 0.3140 (0.3192)  loss_vfl_aux_4: 0.3147 (0.3189)  loss_vfl_dn_0: 0.3646 (0.3670)  loss_vfl_dn_1: 0.2845 (0.2854)  loss_vfl_dn_2: 0.2775 (0.2801)  loss_vfl_dn_3: 0.2774 (0.2793)  loss_vfl_dn_4: 0.2777 (0.2792)  loss_vfl_dn_5: 0.2778 (0.2793)  loss_vfl_dn_pre: 0.3657 (0.3676)  loss_vfl_enc_0: 0.3997 (0.4177)  loss_vfl_pre: 0.3634 (0.3651)  time: 0.6211  data: 0.0088  max mem: 17742
Epoch: [7/120]  [ 700/2360]  eta: 0:17:07  lr: 0.000009  loss: 22.1209 (22.7335)  loss_bbox: 0.0514 (0.0594)  loss_bbox_aux_0: 0.0591 (0.0661)  loss_bbox_aux_1: 0.0518 (0.0602)  loss_bbox_aux_2: 0.0513 (0.0594)  loss_bbox_aux_3: 0.0513 (0.0594)  loss_bbox_aux_4: 0.0514 (0.0594)  loss_bbox_dn_0: 0.0786 (0.0758)  loss_bbox_dn_1: 0.0491 (0.0530)  loss_bbox_dn_2: 0.0479 (0.0510)  loss_bbox_dn_3: 0.0478 (0.0510)  loss_bbox_dn_4: 0.0477 (0.0509)  loss_bbox_dn_5: 0.0477 (0.0509)  loss_bbox_dn_pre: 0.0808 (0.0798)  loss_bbox_enc_0: 0.0967 (0.0989)  loss_bbox_pre: 0.0587 (0.0658)  loss_ddf_aux_0: 0.0729 (0.0832)  loss_ddf_aux_1: 0.0234 (0.0319)  loss_ddf_aux_2: 0.0026 (0.0036)  loss_ddf_aux_3: 0.0000 (0.0000)  loss_ddf_aux_4: 0.0000 (0.0000)  loss_ddf_dn_0: 0.7272 (0.6583)  loss_ddf_dn_1: 0.0913 (0.1234)  loss_ddf_dn_2: 0.0259 (0.0395)  loss_ddf_dn_3: 0.0006 (0.0004)  loss_ddf_dn_4: 0.0000 (0.0000)  loss_ddf_dn_5: 0.0000 (0.0000)  loss_fgl: 0.9975 (1.0101)  loss_fgl_aux_0: 1.0294 (1.0415)  loss_fgl_aux_1: 1.0032 (1.0132)  loss_fgl_aux_2: 0.9978 (1.0101)  loss_fgl_aux_3: 0.9977 (1.0101)  loss_fgl_aux_4: 0.9976 (1.0101)  loss_fgl_dn_0: 1.0916 (1.1067)  loss_fgl_dn_1: 0.9643 (0.9766)  loss_fgl_dn_2: 0.9568 (0.9689)  loss_fgl_dn_3: 0.9567 (0.9690)  loss_fgl_dn_4: 0.9568 (0.9690)  loss_fgl_dn_5: 0.9568 (0.9690)  loss_giou: 0.2386 (0.2693)  loss_giou_aux_0: 0.2514 (0.2817)  loss_giou_aux_1: 0.2433 (0.2710)  loss_giou_aux_2: 0.2386 (0.2693)  loss_giou_aux_3: 0.2386 (0.2693)  loss_giou_aux_4: 0.2386 (0.2693)  loss_giou_dn_0: 0.2645 (0.2800)  loss_giou_dn_1: 0.2036 (0.2135)  loss_giou_dn_2: 0.1990 (0.2097)  loss_giou_dn_3: 0.1989 (0.2097)  loss_giou_dn_4: 0.1987 (0.2096)  loss_giou_dn_5: 0.1987 (0.2096)  loss_giou_dn_pre: 0.2647 (0.2808)  loss_giou_enc_0: 0.3352 (0.3672)  loss_giou_pre: 0.2508 (0.2812)  loss_vfl: 0.3018 (0.3196)  loss_vfl_aux_0: 0.3534 (0.3670)  loss_vfl_aux_1: 0.3179 (0.3343)  loss_vfl_aux_2: 0.3044 (0.3230)  loss_vfl_aux_3: 0.3017 (0.3198)  loss_vfl_aux_4: 0.2981 (0.3194)  loss_vfl_dn_0: 0.3643 (0.3672)  loss_vfl_dn_1: 0.2822 (0.2856)  loss_vfl_dn_2: 0.2758 (0.2804)  loss_vfl_dn_3: 0.2747 (0.2796)  loss_vfl_dn_4: 0.2742 (0.2795)  loss_vfl_dn_5: 0.2742 (0.2796)  loss_vfl_dn_pre: 0.3653 (0.3679)  loss_vfl_enc_0: 0.4076 (0.4178)  loss_vfl_pre: 0.3507 (0.3663)  time: 0.5965  data: 0.0084  max mem: 17742
Epoch: [7/120]  [ 800/2360]  eta: 0:16:07  lr: 0.000009  loss: 22.2082 (22.7131)  loss_bbox: 0.0431 (0.0591)  loss_bbox_aux_0: 0.0472 (0.0660)  loss_bbox_aux_1: 0.0419 (0.0600)  loss_bbox_aux_2: 0.0425 (0.0591)  loss_bbox_aux_3: 0.0431 (0.0591)  loss_bbox_aux_4: 0.0431 (0.0591)  loss_bbox_dn_0: 0.0561 (0.0754)  loss_bbox_dn_1: 0.0387 (0.0527)  loss_bbox_dn_2: 0.0377 (0.0507)  loss_bbox_dn_3: 0.0374 (0.0506)  loss_bbox_dn_4: 0.0375 (0.0506)  loss_bbox_dn_5: 0.0375 (0.0506)  loss_bbox_dn_pre: 0.0625 (0.0792)  loss_bbox_enc_0: 0.0864 (0.0993)  loss_bbox_pre: 0.0453 (0.0657)  loss_ddf_aux_0: 0.0890 (0.0820)  loss_ddf_aux_1: 0.0280 (0.0309)  loss_ddf_aux_2: 0.0021 (0.0035)  loss_ddf_aux_3: 0.0000 (0.0000)  loss_ddf_aux_4: 0.0000 (0.0000)  loss_ddf_dn_0: 0.6824 (0.6561)  loss_ddf_dn_1: 0.0903 (0.1204)  loss_ddf_dn_2: 0.0325 (0.0392)  loss_ddf_dn_3: 0.0010 (0.0005)  loss_ddf_dn_4: 0.0000 (0.0000)  loss_ddf_dn_5: 0.0000 (0.0000)  loss_fgl: 0.9914 (1.0098)  loss_fgl_aux_0: 1.0376 (1.0415)  loss_fgl_aux_1: 0.9984 (1.0129)  loss_fgl_aux_2: 0.9942 (1.0098)  loss_fgl_aux_3: 0.9917 (1.0098)  loss_fgl_aux_4: 0.9915 (1.0098)  loss_fgl_dn_0: 1.1044 (1.1062)  loss_fgl_dn_1: 0.9750 (0.9765)  loss_fgl_dn_2: 0.9616 (0.9688)  loss_fgl_dn_3: 0.9614 (0.9689)  loss_fgl_dn_4: 0.9611 (0.9689)  loss_fgl_dn_5: 0.9612 (0.9690)  loss_giou: 0.2409 (0.2687)  loss_giou_aux_0: 0.2613 (0.2812)  loss_giou_aux_1: 0.2457 (0.2704)  loss_giou_aux_2: 0.2393 (0.2687)  loss_giou_aux_3: 0.2410 (0.2687)  loss_giou_aux_4: 0.2409 (0.2687)  loss_giou_dn_0: 0.2717 (0.2799)  loss_giou_dn_1: 0.2054 (0.2133)  loss_giou_dn_2: 0.2009 (0.2095)  loss_giou_dn_3: 0.2013 (0.2095)  loss_giou_dn_4: 0.2012 (0.2094)  loss_giou_dn_5: 0.2012 (0.2094)  loss_giou_dn_pre: 0.2689 (0.2806)  loss_giou_enc_0: 0.3443 (0.3666)  loss_giou_pre: 0.2574 (0.2806)  loss_vfl: 0.3018 (0.3192)  loss_vfl_aux_0: 0.3512 (0.3672)  loss_vfl_aux_1: 0.3136 (0.3343)  loss_vfl_aux_2: 0.3020 (0.3229)  loss_vfl_aux_3: 0.2996 (0.3196)  loss_vfl_aux_4: 0.3017 (0.3191)  loss_vfl_dn_0: 0.3623 (0.3672)  loss_vfl_dn_1: 0.2820 (0.2857)  loss_vfl_dn_2: 0.2773 (0.2805)  loss_vfl_dn_3: 0.2765 (0.2796)  loss_vfl_dn_4: 0.2766 (0.2795)  loss_vfl_dn_5: 0.2764 (0.2796)  loss_vfl_dn_pre: 0.3630 (0.3679)  loss_vfl_enc_0: 0.4000 (0.4174)  loss_vfl_pre: 0.3514 (0.3666)  time: 0.6198  data: 0.0085  max mem: 17742
Epoch: [7/120]  [ 900/2360]  eta: 0:15:02  lr: 0.000009  loss: 22.1161 (22.6782)  loss_bbox: 0.0460 (0.0586)  loss_bbox_aux_0: 0.0595 (0.0655)  loss_bbox_aux_1: 0.0473 (0.0596)  loss_bbox_aux_2: 0.0462 (0.0587)  loss_bbox_aux_3: 0.0460 (0.0586)  loss_bbox_aux_4: 0.0460 (0.0586)  loss_bbox_dn_0: 0.0680 (0.0748)  loss_bbox_dn_1: 0.0436 (0.0522)  loss_bbox_dn_2: 0.0425 (0.0502)  loss_bbox_dn_3: 0.0424 (0.0501)  loss_bbox_dn_4: 0.0423 (0.0501)  loss_bbox_dn_5: 0.0423 (0.0501)  loss_bbox_dn_pre: 0.0726 (0.0786)  loss_bbox_enc_0: 0.0984 (0.0993)  loss_bbox_pre: 0.0595 (0.0653)  loss_ddf_aux_0: 0.0827 (0.0819)  loss_ddf_aux_1: 0.0264 (0.0303)  loss_ddf_aux_2: 0.0016 (0.0033)  loss_ddf_aux_3: 0.0000 (0.0000)  loss_ddf_aux_4: 0.0000 (0.0000)  loss_ddf_dn_0: 0.5987 (0.6494)  loss_ddf_dn_1: 0.0743 (0.1153)  loss_ddf_dn_2: 0.0261 (0.0374)  loss_ddf_dn_3: 0.0016 (0.0005)  loss_ddf_dn_4: 0.0000 (0.0000)  loss_ddf_dn_5: 0.0000 (0.0000)  loss_fgl: 0.9862 (1.0090)  loss_fgl_aux_0: 1.0352 (1.0408)  loss_fgl_aux_1: 0.9850 (1.0121)  loss_fgl_aux_2: 0.9865 (1.0089)  loss_fgl_aux_3: 0.9861 (1.0089)  loss_fgl_aux_4: 0.9862 (1.0090)  loss_fgl_dn_0: 1.1081 (1.1058)  loss_fgl_dn_1: 0.9667 (0.9761)  loss_fgl_dn_2: 0.9595 (0.9685)  loss_fgl_dn_3: 0.9604 (0.9686)  loss_fgl_dn_4: 0.9604 (0.9686)  loss_fgl_dn_5: 0.9603 (0.9686)  loss_giou: 0.2424 (0.2684)  loss_giou_aux_0: 0.2571 (0.2807)  loss_giou_aux_1: 0.2397 (0.2701)  loss_giou_aux_2: 0.2429 (0.2684)  loss_giou_aux_3: 0.2425 (0.2684)  loss_giou_aux_4: 0.2425 (0.2684)  loss_giou_dn_0: 0.2816 (0.2798)  loss_giou_dn_1: 0.2036 (0.2132)  loss_giou_dn_2: 0.2005 (0.2093)  loss_giou_dn_3: 0.2006 (0.2093)  loss_giou_dn_4: 0.2005 (0.2093)  loss_giou_dn_5: 0.2004 (0.2093)  loss_giou_dn_pre: 0.2830 (0.2804)  loss_giou_enc_0: 0.3590 (0.3665)  loss_giou_pre: 0.2571 (0.2802)  loss_vfl: 0.2983 (0.3188)  loss_vfl_aux_0: 0.3464 (0.3669)  loss_vfl_aux_1: 0.3121 (0.3343)  loss_vfl_aux_2: 0.3005 (0.3230)  loss_vfl_aux_3: 0.2996 (0.3192)  loss_vfl_aux_4: 0.2982 (0.3186)  loss_vfl_dn_0: 0.3698 (0.3670)  loss_vfl_dn_1: 0.2869 (0.2855)  loss_vfl_dn_2: 0.2806 (0.2803)  loss_vfl_dn_3: 0.2796 (0.2795)  loss_vfl_dn_4: 0.2795 (0.2793)  loss_vfl_dn_5: 0.2792 (0.2794)  loss_vfl_dn_pre: 0.3704 (0.3677)  loss_vfl_enc_0: 0.4073 (0.4175)  loss_vfl_pre: 0.3456 (0.3664)  time: 0.6012  data: 0.0085  max mem: 17742
Epoch: [7/120]  [1000/2360]  eta: 0:13:58  lr: 0.000009  loss: 21.4920 (22.6622)  loss_bbox: 0.0490 (0.0583)  loss_bbox_aux_0: 0.0550 (0.0652)  loss_bbox_aux_1: 0.0493 (0.0593)  loss_bbox_aux_2: 0.0488 (0.0583)  loss_bbox_aux_3: 0.0490 (0.0583)  loss_bbox_aux_4: 0.0490 (0.0583)  loss_bbox_dn_0: 0.0751 (0.0746)  loss_bbox_dn_1: 0.0463 (0.0521)  loss_bbox_dn_2: 0.0443 (0.0500)  loss_bbox_dn_3: 0.0439 (0.0500)  loss_bbox_dn_4: 0.0438 (0.0499)  loss_bbox_dn_5: 0.0438 (0.0499)  loss_bbox_dn_pre: 0.0737 (0.0783)  loss_bbox_enc_0: 0.0915 (0.0989)  loss_bbox_pre: 0.0544 (0.0651)  loss_ddf_aux_0: 0.0862 (0.0826)  loss_ddf_aux_1: 0.0282 (0.0301)  loss_ddf_aux_2: 0.0016 (0.0031)  loss_ddf_aux_3: 0.0000 (0.0000)  loss_ddf_aux_4: 0.0000 (0.0000)  loss_ddf_dn_0: 0.6102 (0.6527)  loss_ddf_dn_1: 0.0732 (0.1122)  loss_ddf_dn_2: 0.0216 (0.0361)  loss_ddf_dn_3: 0.0009 (0.0006)  loss_ddf_dn_4: 0.0000 (0.0000)  loss_ddf_dn_5: 0.0000 (0.0000)  loss_fgl: 0.9579 (1.0088)  loss_fgl_aux_0: 1.0069 (1.0408)  loss_fgl_aux_1: 0.9635 (1.0119)  loss_fgl_aux_2: 0.9573 (1.0087)  loss_fgl_aux_3: 0.9575 (1.0087)  loss_fgl_aux_4: 0.9578 (1.0088)  loss_fgl_dn_0: 1.0901 (1.1056)  loss_fgl_dn_1: 0.9315 (0.9756)  loss_fgl_dn_2: 0.9217 (0.9678)  loss_fgl_dn_3: 0.9216 (0.9679)  loss_fgl_dn_4: 0.9215 (0.9679)  loss_fgl_dn_5: 0.9215 (0.9680)  loss_giou: 0.2359 (0.2678)  loss_giou_aux_0: 0.2564 (0.2802)  loss_giou_aux_1: 0.2356 (0.2695)  loss_giou_aux_2: 0.2357 (0.2677)  loss_giou_aux_3: 0.2358 (0.2678)  loss_giou_aux_4: 0.2358 (0.2678)  loss_giou_dn_0: 0.2745 (0.2801)  loss_giou_dn_1: 0.1998 (0.2132)  loss_giou_dn_2: 0.1962 (0.2092)  loss_giou_dn_3: 0.1961 (0.2092)  loss_giou_dn_4: 0.1961 (0.2092)  loss_giou_dn_5: 0.1961 (0.2092)  loss_giou_dn_pre: 0.2716 (0.2806)  loss_giou_enc_0: 0.3357 (0.3661)  loss_giou_pre: 0.2536 (0.2797)  loss_vfl: 0.2909 (0.3187)  loss_vfl_aux_0: 0.3467 (0.3665)  loss_vfl_aux_1: 0.3059 (0.3341)  loss_vfl_aux_2: 0.2972 (0.3228)  loss_vfl_aux_3: 0.2971 (0.3191)  loss_vfl_aux_4: 0.2913 (0.3185)  loss_vfl_dn_0: 0.3630 (0.3669)  loss_vfl_dn_1: 0.2778 (0.2854)  loss_vfl_dn_2: 0.2708 (0.2801)  loss_vfl_dn_3: 0.2712 (0.2793)  loss_vfl_dn_4: 0.2706 (0.2791)  loss_vfl_dn_5: 0.2709 (0.2792)  loss_vfl_dn_pre: 0.3632 (0.3676)  loss_vfl_enc_0: 0.3910 (0.4176)  loss_vfl_pre: 0.3459 (0.3660)  time: 0.6250  data: 0.0085  max mem: 17742
Epoch: [7/120]  [1100/2360]  eta: 0:12:54  lr: 0.000009  loss: 23.4833 (22.6950)  loss_bbox: 0.0489 (0.0583)  loss_bbox_aux_0: 0.0517 (0.0652)  loss_bbox_aux_1: 0.0481 (0.0592)  loss_bbox_aux_2: 0.0487 (0.0583)  loss_bbox_aux_3: 0.0489 (0.0583)  loss_bbox_aux_4: 0.0489 (0.0583)  loss_bbox_dn_0: 0.0602 (0.0745)  loss_bbox_dn_1: 0.0424 (0.0519)  loss_bbox_dn_2: 0.0422 (0.0499)  loss_bbox_dn_3: 0.0422 (0.0498)  loss_bbox_dn_4: 0.0422 (0.0498)  loss_bbox_dn_5: 0.0422 (0.0498)  loss_bbox_dn_pre: 0.0612 (0.0783)  loss_bbox_enc_0: 0.0730 (0.0988)  loss_bbox_pre: 0.0512 (0.0651)  loss_ddf_aux_0: 0.1036 (0.0839)  loss_ddf_aux_1: 0.0459 (0.0307)  loss_ddf_aux_2: 0.0034 (0.0030)  loss_ddf_aux_3: 0.0000 (0.0000)  loss_ddf_aux_4: -0.0000 (0.0000)  loss_ddf_dn_0: 0.7495 (0.6577)  loss_ddf_dn_1: 0.1668 (0.1119)  loss_ddf_dn_2: 0.0461 (0.0358)  loss_ddf_dn_3: 0.0004 (0.0006)  loss_ddf_dn_4: 0.0000 (0.0000)  loss_ddf_dn_5: 0.0000 (0.0000)  loss_fgl: 1.0160 (1.0092)  loss_fgl_aux_0: 1.0424 (1.0410)  loss_fgl_aux_1: 1.0182 (1.0123)  loss_fgl_aux_2: 1.0159 (1.0092)  loss_fgl_aux_3: 1.0160 (1.0092)  loss_fgl_aux_4: 1.0161 (1.0092)  loss_fgl_dn_0: 1.1162 (1.1063)  loss_fgl_dn_1: 0.9999 (0.9762)  loss_fgl_dn_2: 0.9918 (0.9685)  loss_fgl_dn_3: 0.9918 (0.9686)  loss_fgl_dn_4: 0.9918 (0.9687)  loss_fgl_dn_5: 0.9918 (0.9687)  loss_giou: 0.2751 (0.2695)  loss_giou_aux_0: 0.2959 (0.2820)  loss_giou_aux_1: 0.2780 (0.2712)  loss_giou_aux_2: 0.2750 (0.2695)  loss_giou_aux_3: 0.2751 (0.2695)  loss_giou_aux_4: 0.2751 (0.2695)  loss_giou_dn_0: 0.2909 (0.2808)  loss_giou_dn_1: 0.2225 (0.2137)  loss_giou_dn_2: 0.2158 (0.2097)  loss_giou_dn_3: 0.2158 (0.2097)  loss_giou_dn_4: 0.2158 (0.2096)  loss_giou_dn_5: 0.2158 (0.2096)  loss_giou_dn_pre: 0.2897 (0.2813)  loss_giou_enc_0: 0.3789 (0.3680)  loss_giou_pre: 0.2931 (0.2814)  loss_vfl: 0.3130 (0.3188)  loss_vfl_aux_0: 0.3614 (0.3670)  loss_vfl_aux_1: 0.3196 (0.3341)  loss_vfl_aux_2: 0.3158 (0.3228)  loss_vfl_aux_3: 0.3122 (0.3191)  loss_vfl_aux_4: 0.3130 (0.3186)  loss_vfl_dn_0: 0.3687 (0.3672)  loss_vfl_dn_1: 0.2926 (0.2857)  loss_vfl_dn_2: 0.2849 (0.2804)  loss_vfl_dn_3: 0.2847 (0.2795)  loss_vfl_dn_4: 0.2838 (0.2793)  loss_vfl_dn_5: 0.2844 (0.2794)  loss_vfl_dn_pre: 0.3696 (0.3680)  loss_vfl_enc_0: 0.4181 (0.4175)  loss_vfl_pre: 0.3591 (0.3665)  time: 0.6121  data: 0.0095  max mem: 17742
Epoch: [7/120]  [1200/2360]  eta: 0:11:51  lr: 0.000009  loss: 23.9963 (22.7141)  loss_bbox: 0.0596 (0.0584)  loss_bbox_aux_0: 0.0631 (0.0652)  loss_bbox_aux_1: 0.0617 (0.0594)  loss_bbox_aux_2: 0.0597 (0.0584)  loss_bbox_aux_3: 0.0596 (0.0584)  loss_bbox_aux_4: 0.0596 (0.0584)  loss_bbox_dn_0: 0.0875 (0.0747)  loss_bbox_dn_1: 0.0579 (0.0521)  loss_bbox_dn_2: 0.0558 (0.0500)  loss_bbox_dn_3: 0.0557 (0.0500)  loss_bbox_dn_4: 0.0557 (0.0499)  loss_bbox_dn_5: 0.0557 (0.0499)  loss_bbox_dn_pre: 0.0941 (0.0786)  loss_bbox_enc_0: 0.1132 (0.0991)  loss_bbox_pre: 0.0619 (0.0651)  loss_ddf_aux_0: 0.1576 (0.0858)  loss_ddf_aux_1: 0.0519 (0.0319)  loss_ddf_aux_2: 0.0022 (0.0030)  loss_ddf_aux_3: 0.0000 (0.0000)  loss_ddf_aux_4: -0.0000 (0.0000)  loss_ddf_dn_0: 1.7049 (0.6741)  loss_ddf_dn_1: 0.2523 (0.1214)  loss_ddf_dn_2: 0.0603 (0.0399)  loss_ddf_dn_3: 0.0004 (0.0006)  loss_ddf_dn_4: 0.0000 (0.0000)  loss_ddf_dn_5: 0.0000 (0.0000)  loss_fgl: 1.0106 (1.0090)  loss_fgl_aux_0: 1.0400 (1.0405)  loss_fgl_aux_1: 1.0088 (1.0121)  loss_fgl_aux_2: 1.0110 (1.0090)  loss_fgl_aux_3: 1.0109 (1.0090)  loss_fgl_aux_4: 1.0107 (1.0090)  loss_fgl_dn_0: 1.1173 (1.1059)  loss_fgl_dn_1: 0.9731 (0.9760)  loss_fgl_dn_2: 0.9730 (0.9683)  loss_fgl_dn_3: 0.9731 (0.9684)  loss_fgl_dn_4: 0.9732 (0.9685)  loss_fgl_dn_5: 0.9731 (0.9685)  loss_giou: 0.2542 (0.2691)  loss_giou_aux_0: 0.2766 (0.2815)  loss_giou_aux_1: 0.2615 (0.2707)  loss_giou_aux_2: 0.2546 (0.2690)  loss_giou_aux_3: 0.2542 (0.2690)  loss_giou_aux_4: 0.2542 (0.2690)  loss_giou_dn_0: 0.2782 (0.2803)  loss_giou_dn_1: 0.2066 (0.2132)  loss_giou_dn_2: 0.2024 (0.2093)  loss_giou_dn_3: 0.2024 (0.2092)  loss_giou_dn_4: 0.2023 (0.2092)  loss_giou_dn_5: 0.2023 (0.2092)  loss_giou_dn_pre: 0.2749 (0.2809)  loss_giou_enc_0: 0.3454 (0.3675)  loss_giou_pre: 0.2752 (0.2809)  loss_vfl: 0.2983 (0.3183)  loss_vfl_aux_0: 0.3490 (0.3665)  loss_vfl_aux_1: 0.3102 (0.3332)  loss_vfl_aux_2: 0.3009 (0.3224)  loss_vfl_aux_3: 0.2981 (0.3187)  loss_vfl_aux_4: 0.2983 (0.3181)  loss_vfl_dn_0: 0.3656 (0.3669)  loss_vfl_dn_1: 0.2819 (0.2855)  loss_vfl_dn_2: 0.2774 (0.2802)  loss_vfl_dn_3: 0.2773 (0.2793)  loss_vfl_dn_4: 0.2769 (0.2792)  loss_vfl_dn_5: 0.2773 (0.2793)  loss_vfl_dn_pre: 0.3661 (0.3677)  loss_vfl_enc_0: 0.3918 (0.4163)  loss_vfl_pre: 0.3494 (0.3660)  time: 0.5955  data: 0.0084  max mem: 17742
Epoch: [7/120]  [1300/2360]  eta: 0:10:49  lr: 0.000009  loss: 22.6974 (22.7209)  loss_bbox: 0.0543 (0.0584)  loss_bbox_aux_0: 0.0602 (0.0651)  loss_bbox_aux_1: 0.0558 (0.0593)  loss_bbox_aux_2: 0.0542 (0.0584)  loss_bbox_aux_3: 0.0543 (0.0584)  loss_bbox_aux_4: 0.0543 (0.0584)  loss_bbox_dn_0: 0.0818 (0.0747)  loss_bbox_dn_1: 0.0533 (0.0521)  loss_bbox_dn_2: 0.0529 (0.0501)  loss_bbox_dn_3: 0.0528 (0.0500)  loss_bbox_dn_4: 0.0527 (0.0500)  loss_bbox_dn_5: 0.0527 (0.0500)  loss_bbox_dn_pre: 0.0844 (0.0787)  loss_bbox_enc_0: 0.0981 (0.0990)  loss_bbox_pre: 0.0595 (0.0650)  loss_ddf_aux_0: 0.0889 (0.0868)  loss_ddf_aux_1: 0.0354 (0.0321)  loss_ddf_aux_2: 0.0023 (0.0030)  loss_ddf_aux_3: 0.0000 (0.0000)  loss_ddf_aux_4: 0.0000 (0.0000)  loss_ddf_dn_0: 0.6489 (0.6818)  loss_ddf_dn_1: 0.1389 (0.1258)  loss_ddf_dn_2: 0.0599 (0.0439)  loss_ddf_dn_3: 0.0003 (0.0006)  loss_ddf_dn_4: 0.0000 (0.0000)  loss_ddf_dn_5: 0.0000 (0.0000)  loss_fgl: 0.9911 (1.0087)  loss_fgl_aux_0: 1.0325 (1.0402)  loss_fgl_aux_1: 0.9946 (1.0118)  loss_fgl_aux_2: 0.9912 (1.0087)  loss_fgl_aux_3: 0.9910 (1.0087)  loss_fgl_aux_4: 0.9910 (1.0087)  loss_fgl_dn_0: 1.1025 (1.1061)  loss_fgl_dn_1: 0.9661 (0.9761)  loss_fgl_dn_2: 0.9534 (0.9683)  loss_fgl_dn_3: 0.9534 (0.9685)  loss_fgl_dn_4: 0.9537 (0.9685)  loss_fgl_dn_5: 0.9538 (0.9686)  loss_giou: 0.2533 (0.2689)  loss_giou_aux_0: 0.2710 (0.2812)  loss_giou_aux_1: 0.2568 (0.2706)  loss_giou_aux_2: 0.2539 (0.2689)  loss_giou_aux_3: 0.2533 (0.2689)  loss_giou_aux_4: 0.2533 (0.2689)  loss_giou_dn_0: 0.2747 (0.2804)  loss_giou_dn_1: 0.2011 (0.2132)  loss_giou_dn_2: 0.1970 (0.2092)  loss_giou_dn_3: 0.1968 (0.2092)  loss_giou_dn_4: 0.1969 (0.2091)  loss_giou_dn_5: 0.1969 (0.2091)  loss_giou_dn_pre: 0.2752 (0.2809)  loss_giou_enc_0: 0.3366 (0.3669)  loss_giou_pre: 0.2677 (0.2807)  loss_vfl: 0.3066 (0.3177)  loss_vfl_aux_0: 0.3394 (0.3654)  loss_vfl_aux_1: 0.3137 (0.3325)  loss_vfl_aux_2: 0.3098 (0.3218)  loss_vfl_aux_3: 0.3043 (0.3181)  loss_vfl_aux_4: 0.3063 (0.3175)  loss_vfl_dn_0: 0.3648 (0.3669)  loss_vfl_dn_1: 0.2832 (0.2854)  loss_vfl_dn_2: 0.2776 (0.2801)  loss_vfl_dn_3: 0.2728 (0.2792)  loss_vfl_dn_4: 0.2720 (0.2791)  loss_vfl_dn_5: 0.2723 (0.2791)  loss_vfl_dn_pre: 0.3657 (0.3676)  loss_vfl_enc_0: 0.3907 (0.4152)  loss_vfl_pre: 0.3377 (0.3649)  time: 0.6118  data: 0.0087  max mem: 17742
Epoch: [7/120]  [1400/2360]  eta: 0:09:47  lr: 0.000009  loss: 23.7742 (22.7681)  loss_bbox: 0.0446 (0.0588)  loss_bbox_aux_0: 0.0512 (0.0656)  loss_bbox_aux_1: 0.0456 (0.0598)  loss_bbox_aux_2: 0.0445 (0.0588)  loss_bbox_aux_3: 0.0446 (0.0588)  loss_bbox_aux_4: 0.0446 (0.0588)  loss_bbox_dn_0: 0.0653 (0.0753)  loss_bbox_dn_1: 0.0439 (0.0525)  loss_bbox_dn_2: 0.0404 (0.0504)  loss_bbox_dn_3: 0.0405 (0.0504)  loss_bbox_dn_4: 0.0405 (0.0503)  loss_bbox_dn_5: 0.0405 (0.0503)  loss_bbox_dn_pre: 0.0651 (0.0792)  loss_bbox_enc_0: 0.0798 (0.0995)  loss_bbox_pre: 0.0513 (0.0655)  loss_ddf_aux_0: 0.0671 (0.0858)  loss_ddf_aux_1: 0.0224 (0.0317)  loss_ddf_aux_2: 0.0049 (0.0030)  loss_ddf_aux_3: 0.0000 (0.0000)  loss_ddf_aux_4: -0.0000 (0.0000)  loss_ddf_dn_0: 1.3214 (0.6943)  loss_ddf_dn_1: 0.4476 (0.1442)  loss_ddf_dn_2: 0.3657 (0.0652)  loss_ddf_dn_3: 0.0004 (0.0006)  loss_ddf_dn_4: 0.0000 (0.0000)  loss_ddf_dn_5: 0.0000 (0.0000)  loss_fgl: 0.9876 (1.0082)  loss_fgl_aux_0: 1.0285 (1.0397)  loss_fgl_aux_1: 0.9997 (1.0114)  loss_fgl_aux_2: 0.9866 (1.0082)  loss_fgl_aux_3: 0.9872 (1.0082)  loss_fgl_aux_4: 0.9874 (1.0082)  loss_fgl_dn_0: 1.1083 (1.1062)  loss_fgl_dn_1: 0.9917 (0.9762)  loss_fgl_dn_2: 0.9792 (0.9684)  loss_fgl_dn_3: 0.9791 (0.9686)  loss_fgl_dn_4: 0.9789 (0.9687)  loss_fgl_dn_5: 0.9789 (0.9687)  loss_giou: 0.2308 (0.2685)  loss_giou_aux_0: 0.2433 (0.2808)  loss_giou_aux_1: 0.2340 (0.2702)  loss_giou_aux_2: 0.2265 (0.2685)  loss_giou_aux_3: 0.2308 (0.2685)  loss_giou_aux_4: 0.2307 (0.2685)  loss_giou_dn_0: 0.2559 (0.2801)  loss_giou_dn_1: 0.1999 (0.2130)  loss_giou_dn_2: 0.1954 (0.2089)  loss_giou_dn_3: 0.1956 (0.2089)  loss_giou_dn_4: 0.1955 (0.2088)  loss_giou_dn_5: 0.1955 (0.2088)  loss_giou_dn_pre: 0.2555 (0.2806)  loss_giou_enc_0: 0.3493 (0.3665)  loss_giou_pre: 0.2402 (0.2802)  loss_vfl: 0.2930 (0.3173)  loss_vfl_aux_0: 0.3382 (0.3651)  loss_vfl_aux_1: 0.3048 (0.3320)  loss_vfl_aux_2: 0.3007 (0.3215)  loss_vfl_aux_3: 0.2913 (0.3177)  loss_vfl_aux_4: 0.2935 (0.3171)  loss_vfl_dn_0: 0.3657 (0.3669)  loss_vfl_dn_1: 0.2831 (0.2854)  loss_vfl_dn_2: 0.2747 (0.2801)  loss_vfl_dn_3: 0.2745 (0.2791)  loss_vfl_dn_4: 0.2739 (0.2789)  loss_vfl_dn_5: 0.2738 (0.2790)  loss_vfl_dn_pre: 0.3707 (0.3678)  loss_vfl_enc_0: 0.4071 (0.4150)  loss_vfl_pre: 0.3389 (0.3646)  time: 0.6062  data: 0.0087  max mem: 17742
Epoch: [7/120]  [1500/2360]  eta: 0:08:46  lr: 0.000009  loss: 22.6672 (22.7480)  loss_bbox: 0.0491 (0.0586)  loss_bbox_aux_0: 0.0578 (0.0654)  loss_bbox_aux_1: 0.0504 (0.0596)  loss_bbox_aux_2: 0.0492 (0.0586)  loss_bbox_aux_3: 0.0491 (0.0586)  loss_bbox_aux_4: 0.0491 (0.0586)  loss_bbox_dn_0: 0.0741 (0.0753)  loss_bbox_dn_1: 0.0455 (0.0525)  loss_bbox_dn_2: 0.0418 (0.0504)  loss_bbox_dn_3: 0.0418 (0.0503)  loss_bbox_dn_4: 0.0417 (0.0503)  loss_bbox_dn_5: 0.0417 (0.0503)  loss_bbox_dn_pre: 0.0772 (0.0792)  loss_bbox_enc_0: 0.0998 (0.0993)  loss_bbox_pre: 0.0573 (0.0653)  loss_ddf_aux_0: 0.0826 (0.0847)  loss_ddf_aux_1: 0.0316 (0.0310)  loss_ddf_aux_2: 0.0062 (0.0031)  loss_ddf_aux_3: 0.0000 (0.0000)  loss_ddf_aux_4: 0.0000 (0.0000)  loss_ddf_dn_0: 0.5009 (0.6884)  loss_ddf_dn_1: 0.2191 (0.1433)  loss_ddf_dn_2: 0.1948 (0.0679)  loss_ddf_dn_3: 0.0025 (0.0007)  loss_ddf_dn_4: 0.0000 (0.0000)  loss_ddf_dn_5: 0.0000 (0.0000)  loss_fgl: 0.9726 (1.0076)  loss_fgl_aux_0: 0.9971 (1.0391)  loss_fgl_aux_1: 0.9742 (1.0107)  loss_fgl_aux_2: 0.9726 (1.0076)  loss_fgl_aux_3: 0.9726 (1.0076)  loss_fgl_aux_4: 0.9726 (1.0076)  loss_fgl_dn_0: 1.0944 (1.1063)  loss_fgl_dn_1: 0.9467 (0.9761)  loss_fgl_dn_2: 0.9408 (0.9682)  loss_fgl_dn_3: 0.9415 (0.9685)  loss_fgl_dn_4: 0.9413 (0.9685)  loss_fgl_dn_5: 0.9413 (0.9685)  loss_giou: 0.2515 (0.2680)  loss_giou_aux_0: 0.2663 (0.2804)  loss_giou_aux_1: 0.2532 (0.2697)  loss_giou_aux_2: 0.2509 (0.2680)  loss_giou_aux_3: 0.2515 (0.2680)  loss_giou_aux_4: 0.2515 (0.2680)  loss_giou_dn_0: 0.2641 (0.2799)  loss_giou_dn_1: 0.1944 (0.2127)  loss_giou_dn_2: 0.1903 (0.2086)  loss_giou_dn_3: 0.1904 (0.2085)  loss_giou_dn_4: 0.1901 (0.2085)  loss_giou_dn_5: 0.1901 (0.2085)  loss_giou_dn_pre: 0.2658 (0.2804)  loss_giou_enc_0: 0.3686 (0.3662)  loss_giou_pre: 0.2669 (0.2799)  loss_vfl: 0.3168 (0.3171)  loss_vfl_aux_0: 0.3656 (0.3649)  loss_vfl_aux_1: 0.3336 (0.3322)  loss_vfl_aux_2: 0.3178 (0.3212)  loss_vfl_aux_3: 0.3175 (0.3176)  loss_vfl_aux_4: 0.3162 (0.3170)  loss_vfl_dn_0: 0.3650 (0.3669)  loss_vfl_dn_1: 0.2790 (0.2854)  loss_vfl_dn_2: 0.2721 (0.2798)  loss_vfl_dn_3: 0.2692 (0.2789)  loss_vfl_dn_4: 0.2696 (0.2786)  loss_vfl_dn_5: 0.2703 (0.2787)  loss_vfl_dn_pre: 0.3662 (0.3679)  loss_vfl_enc_0: 0.4054 (0.4147)  loss_vfl_pre: 0.3643 (0.3644)  time: 0.5980  data: 0.0085  max mem: 17742
Epoch: [7/120]  [1600/2360]  eta: 0:07:44  lr: 0.000009  loss: 24.8018 (22.8290)  loss_bbox: 0.0531 (0.0586)  loss_bbox_aux_0: 0.0549 (0.0654)  loss_bbox_aux_1: 0.0561 (0.0597)  loss_bbox_aux_2: 0.0550 (0.0586)  loss_bbox_aux_3: 0.0538 (0.0586)  loss_bbox_aux_4: 0.0531 (0.0586)  loss_bbox_dn_0: 0.0749 (0.0753)  loss_bbox_dn_1: 0.0512 (0.0525)  loss_bbox_dn_2: 0.0502 (0.0504)  loss_bbox_dn_3: 0.0512 (0.0503)  loss_bbox_dn_4: 0.0509 (0.0503)  loss_bbox_dn_5: 0.0509 (0.0503)  loss_bbox_dn_pre: 0.0786 (0.0792)  loss_bbox_enc_0: 0.0927 (0.0993)  loss_bbox_pre: 0.0562 (0.0653)  loss_ddf_aux_0: 0.0905 (0.0850)  loss_ddf_aux_1: 0.0338 (0.0312)  loss_ddf_aux_2: 0.0044 (0.0032)  loss_ddf_aux_3: 0.0000 (0.0000)  loss_ddf_aux_4: 0.0000 (0.0000)  loss_ddf_dn_0: 1.4430 (0.7205)  loss_ddf_dn_1: 0.3642 (0.1593)  loss_ddf_dn_2: 0.2358 (0.0845)  loss_ddf_dn_3: 0.0031 (0.0007)  loss_ddf_dn_4: 0.0000 (0.0000)  loss_ddf_dn_5: 0.0000 (0.0000)  loss_fgl: 1.0003 (1.0079)  loss_fgl_aux_0: 1.0205 (1.0392)  loss_fgl_aux_1: 0.9957 (1.0109)  loss_fgl_aux_2: 0.9985 (1.0078)  loss_fgl_aux_3: 0.9993 (1.0078)  loss_fgl_aux_4: 1.0001 (1.0079)  loss_fgl_dn_0: 1.1202 (1.1068)  loss_fgl_dn_1: 0.9842 (0.9767)  loss_fgl_dn_2: 0.9754 (0.9689)  loss_fgl_dn_3: 0.9753 (0.9692)  loss_fgl_dn_4: 0.9752 (0.9692)  loss_fgl_dn_5: 0.9753 (0.9692)  loss_giou: 0.2650 (0.2682)  loss_giou_aux_0: 0.2804 (0.2807)  loss_giou_aux_1: 0.2639 (0.2700)  loss_giou_aux_2: 0.2649 (0.2682)  loss_giou_aux_3: 0.2649 (0.2682)  loss_giou_aux_4: 0.2650 (0.2682)  loss_giou_dn_0: 0.2826 (0.2801)  loss_giou_dn_1: 0.2174 (0.2128)  loss_giou_dn_2: 0.2120 (0.2087)  loss_giou_dn_3: 0.2121 (0.2087)  loss_giou_dn_4: 0.2117 (0.2086)  loss_giou_dn_5: 0.2117 (0.2086)  loss_giou_dn_pre: 0.2838 (0.2806)  loss_giou_enc_0: 0.3794 (0.3669)  loss_giou_pre: 0.2778 (0.2801)  loss_vfl: 0.3212 (0.3175)  loss_vfl_aux_0: 0.3673 (0.3658)  loss_vfl_aux_1: 0.3363 (0.3328)  loss_vfl_aux_2: 0.3252 (0.3219)  loss_vfl_aux_3: 0.3225 (0.3181)  loss_vfl_aux_4: 0.3197 (0.3174)  loss_vfl_dn_0: 0.3662 (0.3674)  loss_vfl_dn_1: 0.2903 (0.2856)  loss_vfl_dn_2: 0.2831 (0.2799)  loss_vfl_dn_3: 0.2820 (0.2790)  loss_vfl_dn_4: 0.2817 (0.2787)  loss_vfl_dn_5: 0.2813 (0.2788)  loss_vfl_dn_pre: 0.3664 (0.3684)  loss_vfl_enc_0: 0.4185 (0.4150)  loss_vfl_pre: 0.3687 (0.3654)  time: 0.6049  data: 0.0086  max mem: 17742
Epoch: [7/120]  [1700/2360]  eta: 0:06:42  lr: 0.000009  loss: 22.2655 (22.8334)  loss_bbox: 0.0584 (0.0586)  loss_bbox_aux_0: 0.0595 (0.0654)  loss_bbox_aux_1: 0.0597 (0.0597)  loss_bbox_aux_2: 0.0584 (0.0587)  loss_bbox_aux_3: 0.0584 (0.0586)  loss_bbox_aux_4: 0.0584 (0.0586)  loss_bbox_dn_0: 0.0803 (0.0753)  loss_bbox_dn_1: 0.0518 (0.0527)  loss_bbox_dn_2: 0.0516 (0.0505)  loss_bbox_dn_3: 0.0516 (0.0504)  loss_bbox_dn_4: 0.0516 (0.0504)  loss_bbox_dn_5: 0.0516 (0.0504)  loss_bbox_dn_pre: 0.0852 (0.0792)  loss_bbox_enc_0: 0.0957 (0.0994)  loss_bbox_pre: 0.0580 (0.0652)  loss_ddf_aux_0: 0.0639 (0.0847)  loss_ddf_aux_1: 0.0321 (0.0315)  loss_ddf_aux_2: 0.0048 (0.0034)  loss_ddf_aux_3: 0.0000 (0.0000)  loss_ddf_aux_4: 0.0000 (0.0000)  loss_ddf_dn_0: 0.4326 (0.7180)  loss_ddf_dn_1: 0.1316 (0.1610)  loss_ddf_dn_2: 0.0639 (0.0857)  loss_ddf_dn_3: 0.0049 (0.0010)  loss_ddf_dn_4: 0.0000 (0.0000)  loss_ddf_dn_5: 0.0000 (0.0000)  loss_fgl: 1.0026 (1.0078)  loss_fgl_aux_0: 1.0352 (1.0391)  loss_fgl_aux_1: 1.0047 (1.0109)  loss_fgl_aux_2: 1.0026 (1.0078)  loss_fgl_aux_3: 1.0027 (1.0078)  loss_fgl_aux_4: 1.0026 (1.0078)  loss_fgl_dn_0: 1.1042 (1.1069)  loss_fgl_dn_1: 0.9679 (0.9771)  loss_fgl_dn_2: 0.9591 (0.9693)  loss_fgl_dn_3: 0.9593 (0.9695)  loss_fgl_dn_4: 0.9594 (0.9696)  loss_fgl_dn_5: 0.9596 (0.9696)  loss_giou: 0.2429 (0.2684)  loss_giou_aux_0: 0.2622 (0.2809)  loss_giou_aux_1: 0.2515 (0.2701)  loss_giou_aux_2: 0.2416 (0.2684)  loss_giou_aux_3: 0.2430 (0.2684)  loss_giou_aux_4: 0.2429 (0.2684)  loss_giou_dn_0: 0.2706 (0.2801)  loss_giou_dn_1: 0.2054 (0.2129)  loss_giou_dn_2: 0.2030 (0.2088)  loss_giou_dn_3: 0.2029 (0.2087)  loss_giou_dn_4: 0.2027 (0.2087)  loss_giou_dn_5: 0.2027 (0.2087)  loss_giou_dn_pre: 0.2700 (0.2805)  loss_giou_enc_0: 0.3416 (0.3670)  loss_giou_pre: 0.2605 (0.2803)  loss_vfl: 0.3043 (0.3171)  loss_vfl_aux_0: 0.3649 (0.3661)  loss_vfl_aux_1: 0.3123 (0.3328)  loss_vfl_aux_2: 0.3066 (0.3217)  loss_vfl_aux_3: 0.3040 (0.3177)  loss_vfl_aux_4: 0.3047 (0.3171)  loss_vfl_dn_0: 0.3683 (0.3673)  loss_vfl_dn_1: 0.2881 (0.2859)  loss_vfl_dn_2: 0.2814 (0.2801)  loss_vfl_dn_3: 0.2810 (0.2791)  loss_vfl_dn_4: 0.2813 (0.2788)  loss_vfl_dn_5: 0.2817 (0.2789)  loss_vfl_dn_pre: 0.3691 (0.3683)  loss_vfl_enc_0: 0.3927 (0.4151)  loss_vfl_pre: 0.3655 (0.3657)  time: 0.6110  data: 0.0084  max mem: 17742
Epoch: [7/120]  [1800/2360]  eta: 0:05:41  lr: 0.000009  loss: 22.9823 (22.8173)  loss_bbox: 0.0602 (0.0588)  loss_bbox_aux_0: 0.0659 (0.0656)  loss_bbox_aux_1: 0.0609 (0.0599)  loss_bbox_aux_2: 0.0605 (0.0589)  loss_bbox_aux_3: 0.0602 (0.0588)  loss_bbox_aux_4: 0.0602 (0.0588)  loss_bbox_dn_0: 0.0805 (0.0756)  loss_bbox_dn_1: 0.0504 (0.0529)  loss_bbox_dn_2: 0.0457 (0.0507)  loss_bbox_dn_3: 0.0454 (0.0506)  loss_bbox_dn_4: 0.0451 (0.0505)  loss_bbox_dn_5: 0.0451 (0.0505)  loss_bbox_dn_pre: 0.0899 (0.0796)  loss_bbox_enc_0: 0.0971 (0.1000)  loss_bbox_pre: 0.0654 (0.0655)  loss_ddf_aux_0: 0.0452 (0.0830)  loss_ddf_aux_1: 0.0182 (0.0310)  loss_ddf_aux_2: 0.0032 (0.0034)  loss_ddf_aux_3: 0.0000 (0.0000)  loss_ddf_aux_4: 0.0000 (0.0000)  loss_ddf_dn_0: 0.2386 (0.6938)  loss_ddf_dn_1: 0.0622 (0.1561)  loss_ddf_dn_2: 0.0387 (0.0831)  loss_ddf_dn_3: 0.0015 (0.0010)  loss_ddf_dn_4: 0.0000 (0.0000)  loss_ddf_dn_5: 0.0000 (0.0000)  loss_fgl: 0.9988 (1.0082)  loss_fgl_aux_0: 1.0527 (1.0394)  loss_fgl_aux_1: 1.0052 (1.0113)  loss_fgl_aux_2: 0.9990 (1.0081)  loss_fgl_aux_3: 0.9988 (1.0081)  loss_fgl_aux_4: 0.9989 (1.0081)  loss_fgl_dn_0: 1.1105 (1.1071)  loss_fgl_dn_1: 0.9884 (0.9773)  loss_fgl_dn_2: 0.9747 (0.9694)  loss_fgl_dn_3: 0.9749 (0.9697)  loss_fgl_dn_4: 0.9750 (0.9697)  loss_fgl_dn_5: 0.9751 (0.9697)  loss_giou: 0.2976 (0.2690)  loss_giou_aux_0: 0.3069 (0.2815)  loss_giou_aux_1: 0.2991 (0.2707)  loss_giou_aux_2: 0.2976 (0.2690)  loss_giou_aux_3: 0.2976 (0.2690)  loss_giou_aux_4: 0.2976 (0.2690)  loss_giou_dn_0: 0.2874 (0.2806)  loss_giou_dn_1: 0.2228 (0.2132)  loss_giou_dn_2: 0.2193 (0.2091)  loss_giou_dn_3: 0.2193 (0.2090)  loss_giou_dn_4: 0.2196 (0.2090)  loss_giou_dn_5: 0.2195 (0.2090)  loss_giou_dn_pre: 0.2878 (0.2811)  loss_giou_enc_0: 0.3998 (0.3678)  loss_giou_pre: 0.3042 (0.2809)  loss_vfl: 0.3157 (0.3173)  loss_vfl_aux_0: 0.3651 (0.3663)  loss_vfl_aux_1: 0.3399 (0.3328)  loss_vfl_aux_2: 0.3199 (0.3219)  loss_vfl_aux_3: 0.3152 (0.3179)  loss_vfl_aux_4: 0.3156 (0.3172)  loss_vfl_dn_0: 0.3743 (0.3677)  loss_vfl_dn_1: 0.2935 (0.2862)  loss_vfl_dn_2: 0.2852 (0.2803)  loss_vfl_dn_3: 0.2846 (0.2793)  loss_vfl_dn_4: 0.2837 (0.2791)  loss_vfl_dn_5: 0.2836 (0.2792)  loss_vfl_dn_pre: 0.3755 (0.3687)  loss_vfl_enc_0: 0.4180 (0.4155)  loss_vfl_pre: 0.3638 (0.3660)  time: 0.6159  data: 0.0083  max mem: 17742
Epoch: [7/120]  [1900/2360]  eta: 0:04:40  lr: 0.000009  loss: 23.8517 (22.8363)  loss_bbox: 0.0551 (0.0590)  loss_bbox_aux_0: 0.0606 (0.0658)  loss_bbox_aux_1: 0.0569 (0.0600)  loss_bbox_aux_2: 0.0556 (0.0590)  loss_bbox_aux_3: 0.0551 (0.0590)  loss_bbox_aux_4: 0.0551 (0.0590)  loss_bbox_dn_0: 0.0725 (0.0758)  loss_bbox_dn_1: 0.0501 (0.0530)  loss_bbox_dn_2: 0.0479 (0.0508)  loss_bbox_dn_3: 0.0471 (0.0507)  loss_bbox_dn_4: 0.0470 (0.0506)  loss_bbox_dn_5: 0.0470 (0.0506)  loss_bbox_dn_pre: 0.0769 (0.0798)  loss_bbox_enc_0: 0.0871 (0.1005)  loss_bbox_pre: 0.0598 (0.0657)  loss_ddf_aux_0: 0.0633 (0.0823)  loss_ddf_aux_1: 0.0319 (0.0311)  loss_ddf_aux_2: 0.0044 (0.0035)  loss_ddf_aux_3: 0.0000 (0.0000)  loss_ddf_aux_4: 0.0000 (0.0000)  loss_ddf_dn_0: 1.1757 (0.6930)  loss_ddf_dn_1: 0.6492 (0.1701)  loss_ddf_dn_2: 0.0743 (0.0859)  loss_ddf_dn_3: 0.0006 (0.0011)  loss_ddf_dn_4: 0.0000 (0.0000)  loss_ddf_dn_5: 0.0000 (0.0000)  loss_fgl: 1.0117 (1.0082)  loss_fgl_aux_0: 1.0482 (1.0398)  loss_fgl_aux_1: 1.0102 (1.0114)  loss_fgl_aux_2: 1.0117 (1.0081)  loss_fgl_aux_3: 1.0118 (1.0082)  loss_fgl_aux_4: 1.0117 (1.0082)  loss_fgl_dn_0: 1.1703 (1.1078)  loss_fgl_dn_1: 1.0138 (0.9776)  loss_fgl_dn_2: 1.0180 (0.9698)  loss_fgl_dn_3: 1.0196 (0.9702)  loss_fgl_dn_4: 1.0187 (0.9702)  loss_fgl_dn_5: 1.0187 (0.9702)  loss_giou: 0.2478 (0.2685)  loss_giou_aux_0: 0.2603 (0.2811)  loss_giou_aux_1: 0.2467 (0.2702)  loss_giou_aux_2: 0.2479 (0.2685)  loss_giou_aux_3: 0.2479 (0.2685)  loss_giou_aux_4: 0.2478 (0.2685)  loss_giou_dn_0: 0.2783 (0.2807)  loss_giou_dn_1: 0.2062 (0.2132)  loss_giou_dn_2: 0.2043 (0.2090)  loss_giou_dn_3: 0.2043 (0.2090)  loss_giou_dn_4: 0.2040 (0.2089)  loss_giou_dn_5: 0.2039 (0.2089)  loss_giou_dn_pre: 0.2807 (0.2812)  loss_giou_enc_0: 0.3498 (0.3674)  loss_giou_pre: 0.2573 (0.2805)  loss_vfl: 0.3081 (0.3172)  loss_vfl_aux_0: 0.3564 (0.3664)  loss_vfl_aux_1: 0.3263 (0.3328)  loss_vfl_aux_2: 0.3268 (0.3218)  loss_vfl_aux_3: 0.3153 (0.3178)  loss_vfl_aux_4: 0.3064 (0.3171)  loss_vfl_dn_0: 0.3650 (0.3677)  loss_vfl_dn_1: 0.2861 (0.2862)  loss_vfl_dn_2: 0.2851 (0.2804)  loss_vfl_dn_3: 0.2833 (0.2794)  loss_vfl_dn_4: 0.2823 (0.2791)  loss_vfl_dn_5: 0.2821 (0.2792)  loss_vfl_dn_pre: 0.3658 (0.3688)  loss_vfl_enc_0: 0.4059 (0.4160)  loss_vfl_pre: 0.3556 (0.3662)  time: 0.6042  data: 0.0083  max mem: 17742
Epoch: [7/120]  [2000/2360]  eta: 0:03:39  lr: 0.000009  loss: 22.7836 (22.8828)  loss_bbox: 0.0504 (0.0593)  loss_bbox_aux_0: 0.0591 (0.0661)  loss_bbox_aux_1: 0.0500 (0.0604)  loss_bbox_aux_2: 0.0504 (0.0593)  loss_bbox_aux_3: 0.0504 (0.0593)  loss_bbox_aux_4: 0.0504 (0.0593)  loss_bbox_dn_0: 0.0700 (0.0761)  loss_bbox_dn_1: 0.0465 (0.0532)  loss_bbox_dn_2: 0.0437 (0.0509)  loss_bbox_dn_3: 0.0437 (0.0509)  loss_bbox_dn_4: 0.0439 (0.0508)  loss_bbox_dn_5: 0.0439 (0.0508)  loss_bbox_dn_pre: 0.0758 (0.0801)  loss_bbox_enc_0: 0.0918 (0.1011)  loss_bbox_pre: 0.0585 (0.0660)  loss_ddf_aux_0: 0.0743 (0.0831)  loss_ddf_aux_1: 0.0309 (0.0319)  loss_ddf_aux_2: 0.0040 (0.0036)  loss_ddf_aux_3: 0.0000 (0.0000)  loss_ddf_aux_4: -0.0000 (0.0000)  loss_ddf_dn_0: 0.7204 (0.7129)  loss_ddf_dn_1: 0.1817 (0.1791)  loss_ddf_dn_2: 0.0595 (0.0867)  loss_ddf_dn_3: 0.0056 (0.0011)  loss_ddf_dn_4: 0.0000 (0.0000)  loss_ddf_dn_5: 0.0000 (0.0000)  loss_fgl: 1.0046 (1.0086)  loss_fgl_aux_0: 1.0424 (1.0401)  loss_fgl_aux_1: 1.0122 (1.0116)  loss_fgl_aux_2: 1.0049 (1.0085)  loss_fgl_aux_3: 1.0049 (1.0085)  loss_fgl_aux_4: 1.0049 (1.0086)  loss_fgl_dn_0: 1.1017 (1.1086)  loss_fgl_dn_1: 0.9792 (0.9784)  loss_fgl_dn_2: 0.9694 (0.9707)  loss_fgl_dn_3: 0.9695 (0.9711)  loss_fgl_dn_4: 0.9694 (0.9711)  loss_fgl_dn_5: 0.9694 (0.9711)  loss_giou: 0.2444 (0.2686)  loss_giou_aux_0: 0.2554 (0.2812)  loss_giou_aux_1: 0.2446 (0.2703)  loss_giou_aux_2: 0.2448 (0.2686)  loss_giou_aux_3: 0.2443 (0.2686)  loss_giou_aux_4: 0.2443 (0.2686)  loss_giou_dn_0: 0.2700 (0.2808)  loss_giou_dn_1: 0.2022 (0.2133)  loss_giou_dn_2: 0.1999 (0.2091)  loss_giou_dn_3: 0.1998 (0.2091)  loss_giou_dn_4: 0.1997 (0.2090)  loss_giou_dn_5: 0.1997 (0.2090)  loss_giou_dn_pre: 0.2696 (0.2813)  loss_giou_enc_0: 0.3538 (0.3677)  loss_giou_pre: 0.2548 (0.2806)  loss_vfl: 0.3087 (0.3173)  loss_vfl_aux_0: 0.3459 (0.3664)  loss_vfl_aux_1: 0.3194 (0.3329)  loss_vfl_aux_2: 0.3105 (0.3220)  loss_vfl_aux_3: 0.3074 (0.3180)  loss_vfl_aux_4: 0.3083 (0.3172)  loss_vfl_dn_0: 0.3654 (0.3677)  loss_vfl_dn_1: 0.2870 (0.2864)  loss_vfl_dn_2: 0.2863 (0.2807)  loss_vfl_dn_3: 0.2822 (0.2796)  loss_vfl_dn_4: 0.2809 (0.2793)  loss_vfl_dn_5: 0.2808 (0.2793)  loss_vfl_dn_pre: 0.3652 (0.3688)  loss_vfl_enc_0: 0.3986 (0.4164)  loss_vfl_pre: 0.3469 (0.3662)  time: 0.6270  data: 0.0085  max mem: 17742
Epoch: [7/120]  [2100/2360]  eta: 0:02:38  lr: 0.000009  loss: 21.7831 (22.8483)  loss_bbox: 0.0459 (0.0592)  loss_bbox_aux_0: 0.0532 (0.0660)  loss_bbox_aux_1: 0.0479 (0.0603)  loss_bbox_aux_2: 0.0458 (0.0592)  loss_bbox_aux_3: 0.0459 (0.0592)  loss_bbox_aux_4: 0.0459 (0.0592)  loss_bbox_dn_0: 0.0632 (0.0759)  loss_bbox_dn_1: 0.0433 (0.0531)  loss_bbox_dn_2: 0.0392 (0.0509)  loss_bbox_dn_3: 0.0392 (0.0508)  loss_bbox_dn_4: 0.0391 (0.0507)  loss_bbox_dn_5: 0.0391 (0.0507)  loss_bbox_dn_pre: 0.0666 (0.0799)  loss_bbox_enc_0: 0.0838 (0.1011)  loss_bbox_pre: 0.0531 (0.0659)  loss_ddf_aux_0: 0.0602 (0.0823)  loss_ddf_aux_1: 0.0223 (0.0315)  loss_ddf_aux_2: 0.0034 (0.0036)  loss_ddf_aux_3: 0.0000 (0.0000)  loss_ddf_aux_4: 0.0000 (0.0000)  loss_ddf_dn_0: 0.3019 (0.6967)  loss_ddf_dn_1: 0.0842 (0.1749)  loss_ddf_dn_2: 0.0297 (0.0840)  loss_ddf_dn_3: 0.0077 (0.0014)  loss_ddf_dn_4: 0.0000 (0.0000)  loss_ddf_dn_5: 0.0000 (0.0000)  loss_fgl: 0.9937 (1.0084)  loss_fgl_aux_0: 1.0329 (1.0399)  loss_fgl_aux_1: 0.9979 (1.0114)  loss_fgl_aux_2: 0.9925 (1.0083)  loss_fgl_aux_3: 0.9937 (1.0083)  loss_fgl_aux_4: 0.9937 (1.0084)  loss_fgl_dn_0: 1.0785 (1.1083)  loss_fgl_dn_1: 0.9565 (0.9780)  loss_fgl_dn_2: 0.9469 (0.9703)  loss_fgl_dn_3: 0.9469 (0.9706)  loss_fgl_dn_4: 0.9470 (0.9707)  loss_fgl_dn_5: 0.9468 (0.9707)  loss_giou: 0.2434 (0.2684)  loss_giou_aux_0: 0.2627 (0.2810)  loss_giou_aux_1: 0.2439 (0.2702)  loss_giou_aux_2: 0.2437 (0.2684)  loss_giou_aux_3: 0.2435 (0.2684)  loss_giou_aux_4: 0.2434 (0.2684)  loss_giou_dn_0: 0.2663 (0.2808)  loss_giou_dn_1: 0.2020 (0.2132)  loss_giou_dn_2: 0.1998 (0.2090)  loss_giou_dn_3: 0.1999 (0.2090)  loss_giou_dn_4: 0.1997 (0.2089)  loss_giou_dn_5: 0.1997 (0.2089)  loss_giou_dn_pre: 0.2666 (0.2813)  loss_giou_enc_0: 0.3585 (0.3676)  loss_giou_pre: 0.2636 (0.2804)  loss_vfl: 0.2976 (0.3169)  loss_vfl_aux_0: 0.3487 (0.3658)  loss_vfl_aux_1: 0.3146 (0.3326)  loss_vfl_aux_2: 0.3036 (0.3216)  loss_vfl_aux_3: 0.2979 (0.3176)  loss_vfl_aux_4: 0.2978 (0.3168)  loss_vfl_dn_0: 0.3592 (0.3677)  loss_vfl_dn_1: 0.2846 (0.2865)  loss_vfl_dn_2: 0.2792 (0.2808)  loss_vfl_dn_3: 0.2774 (0.2796)  loss_vfl_dn_4: 0.2768 (0.2792)  loss_vfl_dn_5: 0.2769 (0.2793)  loss_vfl_dn_pre: 0.3610 (0.3688)  loss_vfl_enc_0: 0.3898 (0.4158)  loss_vfl_pre: 0.3468 (0.3656)  time: 0.6129  data: 0.0084  max mem: 17742
Epoch: [7/120]  [2200/2360]  eta: 0:01:37  lr: 0.000009  loss: 21.7964 (22.8187)  loss_bbox: 0.0460 (0.0591)  loss_bbox_aux_0: 0.0520 (0.0659)  loss_bbox_aux_1: 0.0476 (0.0602)  loss_bbox_aux_2: 0.0463 (0.0592)  loss_bbox_aux_3: 0.0458 (0.0591)  loss_bbox_aux_4: 0.0460 (0.0591)  loss_bbox_dn_0: 0.0693 (0.0758)  loss_bbox_dn_1: 0.0432 (0.0531)  loss_bbox_dn_2: 0.0412 (0.0508)  loss_bbox_dn_3: 0.0411 (0.0508)  loss_bbox_dn_4: 0.0410 (0.0507)  loss_bbox_dn_5: 0.0410 (0.0507)  loss_bbox_dn_pre: 0.0728 (0.0798)  loss_bbox_enc_0: 0.0799 (0.1010)  loss_bbox_pre: 0.0518 (0.0658)  loss_ddf_aux_0: 0.0613 (0.0818)  loss_ddf_aux_1: 0.0188 (0.0312)  loss_ddf_aux_2: 0.0017 (0.0036)  loss_ddf_aux_3: 0.0000 (0.0000)  loss_ddf_aux_4: 0.0000 (0.0000)  loss_ddf_dn_0: 0.3384 (0.6797)  loss_ddf_dn_1: 0.0666 (0.1702)  loss_ddf_dn_2: 0.0192 (0.0811)  loss_ddf_dn_3: 0.0046 (0.0015)  loss_ddf_dn_4: 0.0000 (0.0000)  loss_ddf_dn_5: 0.0000 (0.0000)  loss_fgl: 0.9884 (1.0085)  loss_fgl_aux_0: 1.0323 (1.0399)  loss_fgl_aux_1: 0.9976 (1.0116)  loss_fgl_aux_2: 0.9908 (1.0084)  loss_fgl_aux_3: 0.9886 (1.0085)  loss_fgl_aux_4: 0.9884 (1.0085)  loss_fgl_dn_0: 1.0992 (1.1079)  loss_fgl_dn_1: 0.9337 (0.9778)  loss_fgl_dn_2: 0.9292 (0.9701)  loss_fgl_dn_3: 0.9335 (0.9705)  loss_fgl_dn_4: 0.9343 (0.9705)  loss_fgl_dn_5: 0.9343 (0.9705)  loss_giou: 0.2463 (0.2681)  loss_giou_aux_0: 0.2570 (0.2808)  loss_giou_aux_1: 0.2505 (0.2699)  loss_giou_aux_2: 0.2462 (0.2681)  loss_giou_aux_3: 0.2463 (0.2681)  loss_giou_aux_4: 0.2463 (0.2681)  loss_giou_dn_0: 0.2690 (0.2806)  loss_giou_dn_1: 0.2045 (0.2132)  loss_giou_dn_2: 0.2010 (0.2090)  loss_giou_dn_3: 0.2009 (0.2089)  loss_giou_dn_4: 0.2007 (0.2089)  loss_giou_dn_5: 0.2007 (0.2089)  loss_giou_dn_pre: 0.2678 (0.2811)  loss_giou_enc_0: 0.3350 (0.3675)  loss_giou_pre: 0.2564 (0.2801)  loss_vfl: 0.3235 (0.3170)  loss_vfl_aux_0: 0.3686 (0.3658)  loss_vfl_aux_1: 0.3253 (0.3324)  loss_vfl_aux_2: 0.3193 (0.3216)  loss_vfl_aux_3: 0.3219 (0.3177)  loss_vfl_aux_4: 0.3228 (0.3169)  loss_vfl_dn_0: 0.3628 (0.3676)  loss_vfl_dn_1: 0.2770 (0.2865)  loss_vfl_dn_2: 0.2718 (0.2809)  loss_vfl_dn_3: 0.2703 (0.2796)  loss_vfl_dn_4: 0.2702 (0.2793)  loss_vfl_dn_5: 0.2707 (0.2794)  loss_vfl_dn_pre: 0.3632 (0.3687)  loss_vfl_enc_0: 0.4020 (0.4154)  loss_vfl_pre: 0.3687 (0.3656)  time: 0.6205  data: 0.0084  max mem: 17742
Epoch: [7/120]  [2300/2360]  eta: 0:00:36  lr: 0.000009  loss: 22.1541 (22.8049)  loss_bbox: 0.0435 (0.0592)  loss_bbox_aux_0: 0.0490 (0.0660)  loss_bbox_aux_1: 0.0464 (0.0603)  loss_bbox_aux_2: 0.0433 (0.0593)  loss_bbox_aux_3: 0.0434 (0.0593)  loss_bbox_aux_4: 0.0435 (0.0592)  loss_bbox_dn_0: 0.0690 (0.0758)  loss_bbox_dn_1: 0.0421 (0.0531)  loss_bbox_dn_2: 0.0411 (0.0509)  loss_bbox_dn_3: 0.0412 (0.0508)  loss_bbox_dn_4: 0.0412 (0.0508)  loss_bbox_dn_5: 0.0412 (0.0508)  loss_bbox_dn_pre: 0.0688 (0.0798)  loss_bbox_enc_0: 0.0802 (0.1012)  loss_bbox_pre: 0.0477 (0.0659)  loss_ddf_aux_0: 0.0564 (0.0805)  loss_ddf_aux_1: 0.0189 (0.0305)  loss_ddf_aux_2: 0.0018 (0.0035)  loss_ddf_aux_3: 0.0000 (0.0000)  loss_ddf_aux_4: 0.0000 (0.0000)  loss_ddf_dn_0: 0.4210 (0.6678)  loss_ddf_dn_1: 0.0608 (0.1654)  loss_ddf_dn_2: 0.0186 (0.0782)  loss_ddf_dn_3: 0.0025 (0.0016)  loss_ddf_dn_4: 0.0000 (0.0000)  loss_ddf_dn_5: 0.0000 (0.0000)  loss_fgl: 0.9928 (1.0090)  loss_fgl_aux_0: 1.0243 (1.0403)  loss_fgl_aux_1: 0.9922 (1.0119)  loss_fgl_aux_2: 0.9929 (1.0089)  loss_fgl_aux_3: 0.9926 (1.0089)  loss_fgl_aux_4: 0.9928 (1.0089)  loss_fgl_dn_0: 1.0858 (1.1075)  loss_fgl_dn_1: 0.9556 (0.9776)  loss_fgl_dn_2: 0.9513 (0.9700)  loss_fgl_dn_3: 0.9524 (0.9704)  loss_fgl_dn_4: 0.9525 (0.9704)  loss_fgl_dn_5: 0.9525 (0.9704)  loss_giou: 0.2603 (0.2683)  loss_giou_aux_0: 0.2704 (0.2810)  loss_giou_aux_1: 0.2594 (0.2701)  loss_giou_aux_2: 0.2597 (0.2683)  loss_giou_aux_3: 0.2604 (0.2683)  loss_giou_aux_4: 0.2604 (0.2683)  loss_giou_dn_0: 0.2795 (0.2806)  loss_giou_dn_1: 0.2127 (0.2132)  loss_giou_dn_2: 0.2107 (0.2091)  loss_giou_dn_3: 0.2107 (0.2090)  loss_giou_dn_4: 0.2105 (0.2089)  loss_giou_dn_5: 0.2105 (0.2090)  loss_giou_dn_pre: 0.2803 (0.2811)  loss_giou_enc_0: 0.3525 (0.3678)  loss_giou_pre: 0.2688 (0.2803)  loss_vfl: 0.3106 (0.3171)  loss_vfl_aux_0: 0.3767 (0.3665)  loss_vfl_aux_1: 0.3259 (0.3328)  loss_vfl_aux_2: 0.3239 (0.3219)  loss_vfl_aux_3: 0.3067 (0.3178)  loss_vfl_aux_4: 0.3092 (0.3170)  loss_vfl_dn_0: 0.3614 (0.3675)  loss_vfl_dn_1: 0.2884 (0.2865)  loss_vfl_dn_2: 0.2784 (0.2809)  loss_vfl_dn_3: 0.2773 (0.2796)  loss_vfl_dn_4: 0.2768 (0.2793)  loss_vfl_dn_5: 0.2761 (0.2794)  loss_vfl_dn_pre: 0.3627 (0.3686)  loss_vfl_enc_0: 0.4269 (0.4160)  loss_vfl_pre: 0.3805 (0.3662)  time: 0.6180  data: 0.0085  max mem: 17742
Epoch: [7/120]  [2359/2360]  eta: 0:00:00  lr: 0.000009  loss: 21.6712 (22.7989)  loss_bbox: 0.0559 (0.0593)  loss_bbox_aux_0: 0.0602 (0.0661)  loss_bbox_aux_1: 0.0563 (0.0604)  loss_bbox_aux_2: 0.0559 (0.0593)  loss_bbox_aux_3: 0.0559 (0.0593)  loss_bbox_aux_4: 0.0559 (0.0593)  loss_bbox_dn_0: 0.0712 (0.0758)  loss_bbox_dn_1: 0.0450 (0.0531)  loss_bbox_dn_2: 0.0441 (0.0509)  loss_bbox_dn_3: 0.0441 (0.0508)  loss_bbox_dn_4: 0.0441 (0.0508)  loss_bbox_dn_5: 0.0441 (0.0508)  loss_bbox_dn_pre: 0.0708 (0.0798)  loss_bbox_enc_0: 0.0969 (0.1015)  loss_bbox_pre: 0.0594 (0.0660)  loss_ddf_aux_0: 0.0547 (0.0800)  loss_ddf_aux_1: 0.0209 (0.0303)  loss_ddf_aux_2: 0.0032 (0.0035)  loss_ddf_aux_3: 0.0000 (0.0000)  loss_ddf_aux_4: 0.0000 (0.0000)  loss_ddf_dn_0: 0.3435 (0.6615)  loss_ddf_dn_1: 0.0410 (0.1628)  loss_ddf_dn_2: 0.0104 (0.0768)  loss_ddf_dn_3: 0.0029 (0.0016)  loss_ddf_dn_4: 0.0000 (0.0000)  loss_ddf_dn_5: 0.0000 (0.0000)  loss_fgl: 0.9945 (1.0091)  loss_fgl_aux_0: 1.0112 (1.0404)  loss_fgl_aux_1: 0.9911 (1.0121)  loss_fgl_aux_2: 0.9942 (1.0090)  loss_fgl_aux_3: 0.9942 (1.0091)  loss_fgl_aux_4: 0.9944 (1.0091)  loss_fgl_dn_0: 1.0868 (1.1074)  loss_fgl_dn_1: 0.9439 (0.9776)  loss_fgl_dn_2: 0.9440 (0.9701)  loss_fgl_dn_3: 0.9466 (0.9704)  loss_fgl_dn_4: 0.9457 (0.9704)  loss_fgl_dn_5: 0.9458 (0.9704)  loss_giou: 0.2671 (0.2685)  loss_giou_aux_0: 0.2694 (0.2811)  loss_giou_aux_1: 0.2697 (0.2703)  loss_giou_aux_2: 0.2669 (0.2685)  loss_giou_aux_3: 0.2669 (0.2685)  loss_giou_aux_4: 0.2671 (0.2685)  loss_giou_dn_0: 0.2745 (0.2807)  loss_giou_dn_1: 0.2033 (0.2133)  loss_giou_dn_2: 0.1994 (0.2091)  loss_giou_dn_3: 0.1992 (0.2091)  loss_giou_dn_4: 0.1990 (0.2090)  loss_giou_dn_5: 0.1991 (0.2090)  loss_giou_dn_pre: 0.2740 (0.2812)  loss_giou_enc_0: 0.3617 (0.3679)  loss_giou_pre: 0.2685 (0.2805)  loss_vfl: 0.2887 (0.3171)  loss_vfl_aux_0: 0.3469 (0.3667)  loss_vfl_aux_1: 0.3041 (0.3330)  loss_vfl_aux_2: 0.2985 (0.3220)  loss_vfl_aux_3: 0.2959 (0.3178)  loss_vfl_aux_4: 0.2881 (0.3170)  loss_vfl_dn_0: 0.3608 (0.3676)  loss_vfl_dn_1: 0.2751 (0.2866)  loss_vfl_dn_2: 0.2722 (0.2810)  loss_vfl_dn_3: 0.2713 (0.2797)  loss_vfl_dn_4: 0.2714 (0.2794)  loss_vfl_dn_5: 0.2716 (0.2795)  loss_vfl_dn_pre: 0.3634 (0.3686)  loss_vfl_enc_0: 0.3938 (0.4162)  loss_vfl_pre: 0.3464 (0.3665)  time: 0.5920  data: 0.0082  max mem: 17742
Epoch: [7/120] Total time: 0:24:00 (0.6102 s / it)
Averaged stats: lr: 0.000009  loss: 21.6712 (22.7989)  loss_bbox: 0.0559 (0.0593)  loss_bbox_aux_0: 0.0602 (0.0661)  loss_bbox_aux_1: 0.0563 (0.0604)  loss_bbox_aux_2: 0.0559 (0.0593)  loss_bbox_aux_3: 0.0559 (0.0593)  loss_bbox_aux_4: 0.0559 (0.0593)  loss_bbox_dn_0: 0.0712 (0.0758)  loss_bbox_dn_1: 0.0450 (0.0531)  loss_bbox_dn_2: 0.0441 (0.0509)  loss_bbox_dn_3: 0.0441 (0.0508)  loss_bbox_dn_4: 0.0441 (0.0508)  loss_bbox_dn_5: 0.0441 (0.0508)  loss_bbox_dn_pre: 0.0708 (0.0798)  loss_bbox_enc_0: 0.0969 (0.1015)  loss_bbox_pre: 0.0594 (0.0660)  loss_ddf_aux_0: 0.0547 (0.0800)  loss_ddf_aux_1: 0.0209 (0.0303)  loss_ddf_aux_2: 0.0032 (0.0035)  loss_ddf_aux_3: 0.0000 (0.0000)  loss_ddf_aux_4: 0.0000 (0.0000)  loss_ddf_dn_0: 0.3435 (0.6615)  loss_ddf_dn_1: 0.0410 (0.1628)  loss_ddf_dn_2: 0.0104 (0.0768)  loss_ddf_dn_3: 0.0029 (0.0016)  loss_ddf_dn_4: 0.0000 (0.0000)  loss_ddf_dn_5: 0.0000 (0.0000)  loss_fgl: 0.9945 (1.0091)  loss_fgl_aux_0: 1.0112 (1.0404)  loss_fgl_aux_1: 0.9911 (1.0121)  loss_fgl_aux_2: 0.9942 (1.0090)  loss_fgl_aux_3: 0.9942 (1.0091)  loss_fgl_aux_4: 0.9944 (1.0091)  loss_fgl_dn_0: 1.0868 (1.1074)  loss_fgl_dn_1: 0.9439 (0.9776)  loss_fgl_dn_2: 0.9440 (0.9701)  loss_fgl_dn_3: 0.9466 (0.9704)  loss_fgl_dn_4: 0.9457 (0.9704)  loss_fgl_dn_5: 0.9458 (0.9704)  loss_giou: 0.2671 (0.2685)  loss_giou_aux_0: 0.2694 (0.2811)  loss_giou_aux_1: 0.2697 (0.2703)  loss_giou_aux_2: 0.2669 (0.2685)  loss_giou_aux_3: 0.2669 (0.2685)  loss_giou_aux_4: 0.2671 (0.2685)  loss_giou_dn_0: 0.2745 (0.2807)  loss_giou_dn_1: 0.2033 (0.2133)  loss_giou_dn_2: 0.1994 (0.2091)  loss_giou_dn_3: 0.1992 (0.2091)  loss_giou_dn_4: 0.1990 (0.2090)  loss_giou_dn_5: 0.1991 (0.2090)  loss_giou_dn_pre: 0.2740 (0.2812)  loss_giou_enc_0: 0.3617 (0.3679)  loss_giou_pre: 0.2685 (0.2805)  loss_vfl: 0.2887 (0.3171)  loss_vfl_aux_0: 0.3469 (0.3667)  loss_vfl_aux_1: 0.3041 (0.3330)  loss_vfl_aux_2: 0.2985 (0.3220)  loss_vfl_aux_3: 0.2959 (0.3178)  loss_vfl_aux_4: 0.2881 (0.3170)  loss_vfl_dn_0: 0.3608 (0.3676)  loss_vfl_dn_1: 0.2751 (0.2866)  loss_vfl_dn_2: 0.2722 (0.2810)  loss_vfl_dn_3: 0.2713 (0.2797)  loss_vfl_dn_4: 0.2714 (0.2794)  loss_vfl_dn_5: 0.2716 (0.2795)  loss_vfl_dn_pre: 0.3634 (0.3686)  loss_vfl_enc_0: 0.3938 (0.4162)  loss_vfl_pre: 0.3464 (0.3665)
Test:  [  0/109]  eta: 0:01:56    time: 1.0673  data: 0.9152  max mem: 17742
Test:  [ 10/109]  eta: 0:00:28    time: 0.2872  data: 0.0925  max mem: 17742
Test:  [ 20/109]  eta: 0:00:20    time: 0.1929  data: 0.0104  max mem: 17742
Test:  [ 30/109]  eta: 0:00:18    time: 0.2016  data: 0.0106  max mem: 17742
Test:  [ 40/109]  eta: 0:00:15    time: 0.2192  data: 0.0105  max mem: 17742
Test:  [ 50/109]  eta: 0:00:12    time: 0.1946  data: 0.0101  max mem: 17742
Test:  [ 60/109]  eta: 0:00:10    time: 0.1969  data: 0.0099  max mem: 17742
Test:  [ 70/109]  eta: 0:00:08    time: 0.1992  data: 0.0105  max mem: 17742
Test:  [ 80/109]  eta: 0:00:06    time: 0.2011  data: 0.0112  max mem: 17742
Test:  [ 90/109]  eta: 0:00:04    time: 0.2202  data: 0.0107  max mem: 17742
Test:  [100/109]  eta: 0:00:01    time: 0.1818  data: 0.0094  max mem: 17742
Test:  [108/109]  eta: 0:00:00    time: 0.1468  data: 0.0084  max mem: 17742
Test: Total time: 0:00:22 (0.2034 s / it)
Metrics: {'f1': 0.955310504933256, 'precision': 0.9648300117233294, 'recall': 0.9459770114942528, 'iou': 0.7664978467093574, 'TPs': 823, 'FPs': 30, 'FNs': 47}
Averaged stats: 
Accumulating evaluation results...
COCOeval_opt.accumulate() finished...
DONE (t=0.31s).
IoU metric: bbox
 Average Precision  (AP) @[ IoU=0.50:0.95 | area=   all | maxDets=100 ] = 0.657
 Average Precision  (AP) @[ IoU=0.50      | area=   all | maxDets=100 ] = 0.954
 Average Precision  (AP) @[ IoU=0.75      | area=   all | maxDets=100 ] = 0.748
 Average Precision  (AP) @[ IoU=0.50:0.95 | area= small | maxDets=100 ] = 0.582
 Average Precision  (AP) @[ IoU=0.50:0.95 | area=medium | maxDets=100 ] = 0.749
 Average Precision  (AP) @[ IoU=0.50:0.95 | area= large | maxDets=100 ] = 0.751
 Average Recall     (AR) @[ IoU=0.50:0.95 | area=   all | maxDets=  1 ] = 0.676
 Average Recall     (AR) @[ IoU=0.50:0.95 | area=   all | maxDets= 10 ] = 0.703
 Average Recall     (AR) @[ IoU=0.50:0.95 | area=   all | maxDets=100 ] = 0.741
 Average Recall     (AR) @[ IoU=0.50:0.95 | area= small | maxDets=100 ] = 0.658
 Average Recall     (AR) @[ IoU=0.50:0.95 | area=medium | maxDets=100 ] = 0.822
 Average Recall     (AR) @[ IoU=0.50:0.95 | area= large | maxDets=100 ] = 0.876
 Average Recall     (AR) @[ IoU=0.50      | area=   all | maxDets=100 ] = 0.977
 Average Recall     (AR) @[ IoU=0.75      | area=   all | maxDets=100 ] = 0.838
best_stat: {'epoch': 7, 'coco_eval_bbox': 0.6572700147529198}
Epoch: [8/120]  [   0/2360]  eta: 2:28:09  lr: 0.000009  loss: 19.7492 (19.7492)  loss_bbox: 0.0513 (0.0513)  loss_bbox_aux_0: 0.0649 (0.0649)  loss_bbox_aux_1: 0.0564 (0.0564)  loss_bbox_aux_2: 0.0517 (0.0517)  loss_bbox_aux_3: 0.0513 (0.0513)  loss_bbox_aux_4: 0.0513 (0.0513)  loss_bbox_dn_0: 0.0691 (0.0691)  loss_bbox_dn_1: 0.0476 (0.0476)  loss_bbox_dn_2: 0.0443 (0.0443)  loss_bbox_dn_3: 0.0443 (0.0443)  loss_bbox_dn_4: 0.0443 (0.0443)  loss_bbox_dn_5: 0.0443 (0.0443)  loss_bbox_dn_pre: 0.0664 (0.0664)  loss_bbox_enc_0: 0.0834 (0.0834)  loss_bbox_pre: 0.0612 (0.0612)  loss_ddf_aux_0: 0.0490 (0.0490)  loss_ddf_aux_1: 0.0173 (0.0173)  loss_ddf_aux_2: 0.0028 (0.0028)  loss_ddf_aux_3: 0.0000 (0.0000)  loss_ddf_aux_4: 0.0000 (0.0000)  loss_ddf_dn_0: 0.3732 (0.3732)  loss_ddf_dn_1: 0.0439 (0.0439)  loss_ddf_dn_2: 0.0106 (0.0106)  loss_ddf_dn_3: 0.0035 (0.0035)  loss_ddf_dn_4: 0.0000 (0.0000)  loss_ddf_dn_5: 0.0000 (0.0000)  loss_fgl: 0.8979 (0.8979)  loss_fgl_aux_0: 0.9863 (0.9863)  loss_fgl_aux_1: 0.9066 (0.9066)  loss_fgl_aux_2: 0.8978 (0.8978)  loss_fgl_aux_3: 0.8978 (0.8978)  loss_fgl_aux_4: 0.8979 (0.8979)  loss_fgl_dn_0: 1.0508 (1.0508)  loss_fgl_dn_1: 0.8916 (0.8916)  loss_fgl_dn_2: 0.8826 (0.8826)  loss_fgl_dn_3: 0.8826 (0.8826)  loss_fgl_dn_4: 0.8826 (0.8826)  loss_fgl_dn_5: 0.8827 (0.8827)  loss_giou: 0.2010 (0.2010)  loss_giou_aux_0: 0.2312 (0.2312)  loss_giou_aux_1: 0.2080 (0.2080)  loss_giou_aux_2: 0.2012 (0.2012)  loss_giou_aux_3: 0.2010 (0.2010)  loss_giou_aux_4: 0.2010 (0.2010)  loss_giou_dn_0: 0.2279 (0.2279)  loss_giou_dn_1: 0.1706 (0.1706)  loss_giou_dn_2: 0.1667 (0.1667)  loss_giou_dn_3: 0.1666 (0.1666)  loss_giou_dn_4: 0.1666 (0.1666)  loss_giou_dn_5: 0.1666 (0.1666)  loss_giou_dn_pre: 0.2258 (0.2258)  loss_giou_enc_0: 0.2519 (0.2519)  loss_giou_pre: 0.2285 (0.2285)  loss_vfl: 0.3034 (0.3034)  loss_vfl_aux_0: 0.3139 (0.3139)  loss_vfl_aux_1: 0.3047 (0.3047)  loss_vfl_aux_2: 0.2980 (0.2980)  loss_vfl_aux_3: 0.2987 (0.2987)  loss_vfl_aux_4: 0.3004 (0.3004)  loss_vfl_dn_0: 0.3501 (0.3501)  loss_vfl_dn_1: 0.2553 (0.2553)  loss_vfl_dn_2: 0.2483 (0.2483)  loss_vfl_dn_3: 0.2475 (0.2475)  loss_vfl_dn_4: 0.2464 (0.2464)  loss_vfl_dn_5: 0.2471 (0.2471)  loss_vfl_dn_pre: 0.3491 (0.3491)  loss_vfl_enc_0: 0.3679 (0.3679)  loss_vfl_pre: 0.3144 (0.3144)  time: 3.7669  data: 1.2673  max mem: 17742
Epoch: [8/120]  [ 100/2360]  eta: 0:24:50  lr: 0.000009  loss: 22.2826 (22.1146)  loss_bbox: 0.0567 (0.0539)  loss_bbox_aux_0: 0.0677 (0.0629)  loss_bbox_aux_1: 0.0575 (0.0559)  loss_bbox_aux_2: 0.0567 (0.0540)  loss_bbox_aux_3: 0.0567 (0.0540)  loss_bbox_aux_4: 0.0567 (0.0539)  loss_bbox_dn_0: 0.0715 (0.0711)  loss_bbox_dn_1: 0.0493 (0.0500)  loss_bbox_dn_2: 0.0472 (0.0478)  loss_bbox_dn_3: 0.0471 (0.0477)  loss_bbox_dn_4: 0.0472 (0.0476)  loss_bbox_dn_5: 0.0472 (0.0476)  loss_bbox_dn_pre: 0.0748 (0.0746)  loss_bbox_enc_0: 0.1037 (0.0976)  loss_bbox_pre: 0.0667 (0.0626)  loss_ddf_aux_0: 0.0573 (0.0575)  loss_ddf_aux_1: 0.0185 (0.0188)  loss_ddf_aux_2: 0.0023 (0.0026)  loss_ddf_aux_3: 0.0000 (0.0000)  loss_ddf_aux_4: 0.0000 (0.0000)  loss_ddf_dn_0: 0.4804 (0.4085)  loss_ddf_dn_1: 0.0438 (0.0428)  loss_ddf_dn_2: 0.0090 (0.0096)  loss_ddf_dn_3: 0.0028 (0.0028)  loss_ddf_dn_4: 0.0000 (0.0000)  loss_ddf_dn_5: 0.0000 (0.0000)  loss_fgl: 1.0026 (1.0050)  loss_fgl_aux_0: 1.0397 (1.0371)  loss_fgl_aux_1: 1.0040 (1.0083)  loss_fgl_aux_2: 1.0047 (1.0050)  loss_fgl_aux_3: 1.0021 (1.0050)  loss_fgl_aux_4: 1.0027 (1.0050)  loss_fgl_dn_0: 1.1058 (1.0958)  loss_fgl_dn_1: 0.9509 (0.9683)  loss_fgl_dn_2: 0.9493 (0.9615)  loss_fgl_dn_3: 0.9491 (0.9617)  loss_fgl_dn_4: 0.9489 (0.9617)  loss_fgl_dn_5: 0.9489 (0.9618)  loss_giou: 0.2550 (0.2631)  loss_giou_aux_0: 0.2692 (0.2792)  loss_giou_aux_1: 0.2607 (0.2657)  loss_giou_aux_2: 0.2548 (0.2631)  loss_giou_aux_3: 0.2550 (0.2630)  loss_giou_aux_4: 0.2550 (0.2631)  loss_giou_dn_0: 0.2844 (0.2780)  loss_giou_dn_1: 0.2160 (0.2117)  loss_giou_dn_2: 0.2132 (0.2074)  loss_giou_dn_3: 0.2131 (0.2073)  loss_giou_dn_4: 0.2130 (0.2073)  loss_giou_dn_5: 0.2130 (0.2073)  loss_giou_dn_pre: 0.2826 (0.2784)  loss_giou_enc_0: 0.3627 (0.3682)  loss_giou_pre: 0.2693 (0.2780)  loss_vfl: 0.3027 (0.3164)  loss_vfl_aux_0: 0.3578 (0.3614)  loss_vfl_aux_1: 0.3315 (0.3332)  loss_vfl_aux_2: 0.3057 (0.3226)  loss_vfl_aux_3: 0.3012 (0.3171)  loss_vfl_aux_4: 0.3023 (0.3168)  loss_vfl_dn_0: 0.3733 (0.3671)  loss_vfl_dn_1: 0.2913 (0.2847)  loss_vfl_dn_2: 0.2861 (0.2792)  loss_vfl_dn_3: 0.2847 (0.2783)  loss_vfl_dn_4: 0.2848 (0.2781)  loss_vfl_dn_5: 0.2847 (0.2782)  loss_vfl_dn_pre: 0.3733 (0.3678)  loss_vfl_enc_0: 0.3981 (0.4121)  loss_vfl_pre: 0.3592 (0.3609)  time: 0.6197  data: 0.0085  max mem: 17742
Epoch: [8/120]  [ 200/2360]  eta: 0:22:44  lr: 0.000009  loss: 22.5558 (22.3438)  loss_bbox: 0.0545 (0.0560)  loss_bbox_aux_0: 0.0590 (0.0638)  loss_bbox_aux_1: 0.0554 (0.0573)  loss_bbox_aux_2: 0.0542 (0.0561)  loss_bbox_aux_3: 0.0545 (0.0560)  loss_bbox_aux_4: 0.0545 (0.0560)  loss_bbox_dn_0: 0.0728 (0.0729)  loss_bbox_dn_1: 0.0489 (0.0514)  loss_bbox_dn_2: 0.0456 (0.0490)  loss_bbox_dn_3: 0.0457 (0.0489)  loss_bbox_dn_4: 0.0455 (0.0488)  loss_bbox_dn_5: 0.0455 (0.0488)  loss_bbox_dn_pre: 0.0762 (0.0772)  loss_bbox_enc_0: 0.0918 (0.1004)  loss_bbox_pre: 0.0603 (0.0638)  loss_ddf_aux_0: 0.0635 (0.0576)  loss_ddf_aux_1: 0.0196 (0.0186)  loss_ddf_aux_2: 0.0021 (0.0024)  loss_ddf_aux_3: 0.0000 (0.0000)  loss_ddf_aux_4: 0.0000 (0.0000)  loss_ddf_dn_0: 0.7897 (0.5763)  loss_ddf_dn_1: 0.0480 (0.0487)  loss_ddf_dn_2: 0.0094 (0.0101)  loss_ddf_dn_3: 0.0016 (0.0026)  loss_ddf_dn_4: 0.0000 (0.0000)  loss_ddf_dn_5: 0.0000 (0.0000)  loss_fgl: 0.9868 (1.0098)  loss_fgl_aux_0: 1.0147 (1.0394)  loss_fgl_aux_1: 0.9879 (1.0121)  loss_fgl_aux_2: 0.9865 (1.0098)  loss_fgl_aux_3: 0.9864 (1.0098)  loss_fgl_aux_4: 0.9867 (1.0098)  loss_fgl_dn_0: 1.1039 (1.0956)  loss_fgl_dn_1: 0.9734 (0.9679)  loss_fgl_dn_2: 0.9642 (0.9608)  loss_fgl_dn_3: 0.9641 (0.9611)  loss_fgl_dn_4: 0.9643 (0.9612)  loss_fgl_dn_5: 0.9643 (0.9612)  loss_giou: 0.2411 (0.2660)  loss_giou_aux_0: 0.2534 (0.2801)  loss_giou_aux_1: 0.2361 (0.2680)  loss_giou_aux_2: 0.2411 (0.2660)  loss_giou_aux_3: 0.2411 (0.2660)  loss_giou_aux_4: 0.2411 (0.2660)  loss_giou_dn_0: 0.2639 (0.2768)  loss_giou_dn_1: 0.1990 (0.2115)  loss_giou_dn_2: 0.1982 (0.2071)  loss_giou_dn_3: 0.1978 (0.2070)  loss_giou_dn_4: 0.1978 (0.2069)  loss_giou_dn_5: 0.1977 (0.2069)  loss_giou_dn_pre: 0.2666 (0.2773)  loss_giou_enc_0: 0.3213 (0.3669)  loss_giou_pre: 0.2521 (0.2792)  loss_vfl: 0.2984 (0.3158)  loss_vfl_aux_0: 0.3452 (0.3646)  loss_vfl_aux_1: 0.3151 (0.3328)  loss_vfl_aux_2: 0.3044 (0.3219)  loss_vfl_aux_3: 0.2988 (0.3169)  loss_vfl_aux_4: 0.2974 (0.3160)  loss_vfl_dn_0: 0.3627 (0.3660)  loss_vfl_dn_1: 0.2769 (0.2835)  loss_vfl_dn_2: 0.2710 (0.2783)  loss_vfl_dn_3: 0.2700 (0.2773)  loss_vfl_dn_4: 0.2703 (0.2772)  loss_vfl_dn_5: 0.2701 (0.2773)  loss_vfl_dn_pre: 0.3630 (0.3668)  loss_vfl_enc_0: 0.3961 (0.4115)  loss_vfl_pre: 0.3458 (0.3645)  time: 0.6141  data: 0.0085  max mem: 17742
Epoch: [8/120]  [ 300/2360]  eta: 0:21:24  lr: 0.000009  loss: 22.5866 (22.3614)  loss_bbox: 0.0457 (0.0572)  loss_bbox_aux_0: 0.0525 (0.0650)  loss_bbox_aux_1: 0.0460 (0.0584)  loss_bbox_aux_2: 0.0459 (0.0572)  loss_bbox_aux_3: 0.0458 (0.0572)  loss_bbox_aux_4: 0.0457 (0.0572)  loss_bbox_dn_0: 0.0646 (0.0741)  loss_bbox_dn_1: 0.0410 (0.0523)  loss_bbox_dn_2: 0.0397 (0.0498)  loss_bbox_dn_3: 0.0395 (0.0497)  loss_bbox_dn_4: 0.0395 (0.0496)  loss_bbox_dn_5: 0.0395 (0.0496)  loss_bbox_dn_pre: 0.0652 (0.0782)  loss_bbox_enc_0: 0.0740 (0.1011)  loss_bbox_pre: 0.0529 (0.0650)  loss_ddf_aux_0: 0.0475 (0.0574)  loss_ddf_aux_1: 0.0095 (0.0175)  loss_ddf_aux_2: 0.0005 (0.0020)  loss_ddf_aux_3: 0.0000 (0.0000)  loss_ddf_aux_4: 0.0000 (0.0000)  loss_ddf_dn_0: 0.3775 (0.5550)  loss_ddf_dn_1: 0.0200 (0.0419)  loss_ddf_dn_2: 0.0036 (0.0084)  loss_ddf_dn_3: 0.0007 (0.0020)  loss_ddf_dn_4: 0.0000 (0.0000)  loss_ddf_dn_5: 0.0000 (0.0000)  loss_fgl: 1.0277 (1.0098)  loss_fgl_aux_0: 1.0562 (1.0388)  loss_fgl_aux_1: 1.0283 (1.0119)  loss_fgl_aux_2: 1.0274 (1.0097)  loss_fgl_aux_3: 1.0274 (1.0098)  loss_fgl_aux_4: 1.0276 (1.0098)  loss_fgl_dn_0: 1.1285 (1.1000)  loss_fgl_dn_1: 0.9984 (0.9715)  loss_fgl_dn_2: 0.9935 (0.9643)  loss_fgl_dn_3: 0.9939 (0.9646)  loss_fgl_dn_4: 0.9937 (0.9647)  loss_fgl_dn_5: 0.9936 (0.9647)  loss_giou: 0.2609 (0.2675)  loss_giou_aux_0: 0.2897 (0.2813)  loss_giou_aux_1: 0.2686 (0.2694)  loss_giou_aux_2: 0.2608 (0.2675)  loss_giou_aux_3: 0.2608 (0.2675)  loss_giou_aux_4: 0.2609 (0.2675)  loss_giou_dn_0: 0.2818 (0.2775)  loss_giou_dn_1: 0.2125 (0.2117)  loss_giou_dn_2: 0.2106 (0.2072)  loss_giou_dn_3: 0.2102 (0.2071)  loss_giou_dn_4: 0.2096 (0.2070)  loss_giou_dn_5: 0.2096 (0.2070)  loss_giou_dn_pre: 0.2811 (0.2777)  loss_giou_enc_0: 0.3586 (0.3674)  loss_giou_pre: 0.2859 (0.2803)  loss_vfl: 0.3097 (0.3157)  loss_vfl_aux_0: 0.3419 (0.3653)  loss_vfl_aux_1: 0.3235 (0.3341)  loss_vfl_aux_2: 0.3056 (0.3209)  loss_vfl_aux_3: 0.3082 (0.3167)  loss_vfl_aux_4: 0.3075 (0.3157)  loss_vfl_dn_0: 0.3674 (0.3653)  loss_vfl_dn_1: 0.2856 (0.2838)  loss_vfl_dn_2: 0.2824 (0.2784)  loss_vfl_dn_3: 0.2806 (0.2775)  loss_vfl_dn_4: 0.2799 (0.2774)  loss_vfl_dn_5: 0.2800 (0.2775)  loss_vfl_dn_pre: 0.3691 (0.3663)  loss_vfl_enc_0: 0.4197 (0.4126)  loss_vfl_pre: 0.3373 (0.3650)  time: 0.6098  data: 0.0081  max mem: 17742
Epoch: [8/120]  [ 400/2360]  eta: 0:20:22  lr: 0.000009  loss: 22.0934 (22.3123)  loss_bbox: 0.0587 (0.0584)  loss_bbox_aux_0: 0.0617 (0.0660)  loss_bbox_aux_1: 0.0574 (0.0597)  loss_bbox_aux_2: 0.0584 (0.0583)  loss_bbox_aux_3: 0.0587 (0.0583)  loss_bbox_aux_4: 0.0587 (0.0584)  loss_bbox_dn_0: 0.0728 (0.0751)  loss_bbox_dn_1: 0.0515 (0.0529)  loss_bbox_dn_2: 0.0505 (0.0504)  loss_bbox_dn_3: 0.0502 (0.0503)  loss_bbox_dn_4: 0.0499 (0.0502)  loss_bbox_dn_5: 0.0499 (0.0502)  loss_bbox_dn_pre: 0.0738 (0.0790)  loss_bbox_enc_0: 0.0941 (0.1027)  loss_bbox_pre: 0.0645 (0.0659)  loss_ddf_aux_0: 0.0491 (0.0560)  loss_ddf_aux_1: 0.0131 (0.0160)  loss_ddf_aux_2: 0.0009 (0.0017)  loss_ddf_aux_3: 0.0000 (0.0000)  loss_ddf_aux_4: 0.0000 (0.0000)  loss_ddf_dn_0: 0.4283 (0.5217)  loss_ddf_dn_1: 0.0266 (0.0375)  loss_ddf_dn_2: 0.0044 (0.0073)  loss_ddf_dn_3: 0.0010 (0.0018)  loss_ddf_dn_4: 0.0000 (0.0000)  loss_ddf_dn_5: 0.0000 (0.0000)  loss_fgl: 1.0141 (1.0073)  loss_fgl_aux_0: 1.0418 (1.0375)  loss_fgl_aux_1: 1.0222 (1.0100)  loss_fgl_aux_2: 1.0138 (1.0071)  loss_fgl_aux_3: 1.0140 (1.0073)  loss_fgl_aux_4: 1.0140 (1.0073)  loss_fgl_dn_0: 1.1116 (1.1015)  loss_fgl_dn_1: 0.9675 (0.9717)  loss_fgl_dn_2: 0.9631 (0.9641)  loss_fgl_dn_3: 0.9631 (0.9644)  loss_fgl_dn_4: 0.9632 (0.9645)  loss_fgl_dn_5: 0.9632 (0.9645)  loss_giou: 0.2636 (0.2668)  loss_giou_aux_0: 0.2721 (0.2805)  loss_giou_aux_1: 0.2673 (0.2687)  loss_giou_aux_2: 0.2636 (0.2668)  loss_giou_aux_3: 0.2637 (0.2668)  loss_giou_aux_4: 0.2636 (0.2668)  loss_giou_dn_0: 0.2676 (0.2777)  loss_giou_dn_1: 0.2084 (0.2114)  loss_giou_dn_2: 0.2048 (0.2069)  loss_giou_dn_3: 0.2047 (0.2068)  loss_giou_dn_4: 0.2045 (0.2067)  loss_giou_dn_5: 0.2045 (0.2067)  loss_giou_dn_pre: 0.2678 (0.2779)  loss_giou_enc_0: 0.3455 (0.3659)  loss_giou_pre: 0.2708 (0.2796)  loss_vfl: 0.3056 (0.3154)  loss_vfl_aux_0: 0.3543 (0.3648)  loss_vfl_aux_1: 0.3290 (0.3335)  loss_vfl_aux_2: 0.3078 (0.3206)  loss_vfl_aux_3: 0.3093 (0.3164)  loss_vfl_aux_4: 0.3027 (0.3151)  loss_vfl_dn_0: 0.3685 (0.3655)  loss_vfl_dn_1: 0.2846 (0.2838)  loss_vfl_dn_2: 0.2779 (0.2783)  loss_vfl_dn_3: 0.2778 (0.2775)  loss_vfl_dn_4: 0.2778 (0.2774)  loss_vfl_dn_5: 0.2778 (0.2775)  loss_vfl_dn_pre: 0.3692 (0.3664)  loss_vfl_enc_0: 0.4139 (0.4141)  loss_vfl_pre: 0.3536 (0.3649)  time: 0.6268  data: 0.0082  max mem: 17742
Epoch: [8/120]  [ 500/2360]  eta: 0:19:14  lr: 0.000009  loss: 21.5528 (22.1848)  loss_bbox: 0.0413 (0.0575)  loss_bbox_aux_0: 0.0454 (0.0646)  loss_bbox_aux_1: 0.0423 (0.0587)  loss_bbox_aux_2: 0.0413 (0.0575)  loss_bbox_aux_3: 0.0413 (0.0575)  loss_bbox_aux_4: 0.0413 (0.0575)  loss_bbox_dn_0: 0.0531 (0.0739)  loss_bbox_dn_1: 0.0400 (0.0520)  loss_bbox_dn_2: 0.0370 (0.0496)  loss_bbox_dn_3: 0.0370 (0.0496)  loss_bbox_dn_4: 0.0370 (0.0495)  loss_bbox_dn_5: 0.0370 (0.0495)  loss_bbox_dn_pre: 0.0567 (0.0778)  loss_bbox_enc_0: 0.0731 (0.1003)  loss_bbox_pre: 0.0456 (0.0646)  loss_ddf_aux_0: 0.0485 (0.0556)  loss_ddf_aux_1: 0.0128 (0.0156)  loss_ddf_aux_2: 0.0006 (0.0015)  loss_ddf_aux_3: 0.0000 (0.0000)  loss_ddf_aux_4: -0.0000 (0.0000)  loss_ddf_dn_0: 0.3471 (0.4898)  loss_ddf_dn_1: 0.0240 (0.0348)  loss_ddf_dn_2: 0.0041 (0.0066)  loss_ddf_dn_3: 0.0009 (0.0016)  loss_ddf_dn_4: 0.0000 (0.0000)  loss_ddf_dn_5: 0.0000 (0.0000)  loss_fgl: 0.9890 (1.0038)  loss_fgl_aux_0: 1.0084 (1.0338)  loss_fgl_aux_1: 0.9872 (1.0066)  loss_fgl_aux_2: 0.9888 (1.0036)  loss_fgl_aux_3: 0.9888 (1.0037)  loss_fgl_aux_4: 0.9889 (1.0038)  loss_fgl_dn_0: 1.0751 (1.0991)  loss_fgl_dn_1: 0.9512 (0.9689)  loss_fgl_dn_2: 0.9436 (0.9613)  loss_fgl_dn_3: 0.9436 (0.9615)  loss_fgl_dn_4: 0.9437 (0.9617)  loss_fgl_dn_5: 0.9437 (0.9617)  loss_giou: 0.2678 (0.2647)  loss_giou_aux_0: 0.2739 (0.2783)  loss_giou_aux_1: 0.2684 (0.2666)  loss_giou_aux_2: 0.2678 (0.2647)  loss_giou_aux_3: 0.2679 (0.2647)  loss_giou_aux_4: 0.2678 (0.2647)  loss_giou_dn_0: 0.2753 (0.2765)  loss_giou_dn_1: 0.2079 (0.2105)  loss_giou_dn_2: 0.2027 (0.2060)  loss_giou_dn_3: 0.2027 (0.2059)  loss_giou_dn_4: 0.2027 (0.2059)  loss_giou_dn_5: 0.2027 (0.2059)  loss_giou_dn_pre: 0.2794 (0.2767)  loss_giou_enc_0: 0.3582 (0.3639)  loss_giou_pre: 0.2742 (0.2775)  loss_vfl: 0.2905 (0.3139)  loss_vfl_aux_0: 0.3507 (0.3646)  loss_vfl_aux_1: 0.3126 (0.3315)  loss_vfl_aux_2: 0.2942 (0.3197)  loss_vfl_aux_3: 0.2921 (0.3152)  loss_vfl_aux_4: 0.2923 (0.3138)  loss_vfl_dn_0: 0.3579 (0.3647)  loss_vfl_dn_1: 0.2788 (0.2830)  loss_vfl_dn_2: 0.2703 (0.2776)  loss_vfl_dn_3: 0.2699 (0.2767)  loss_vfl_dn_4: 0.2701 (0.2766)  loss_vfl_dn_5: 0.2700 (0.2766)  loss_vfl_dn_pre: 0.3597 (0.3657)  loss_vfl_enc_0: 0.3964 (0.4133)  loss_vfl_pre: 0.3497 (0.3646)  time: 0.6146  data: 0.0085  max mem: 17742
Epoch: [8/120]  [ 600/2360]  eta: 0:18:12  lr: 0.000009  loss: 21.1801 (22.1573)  loss_bbox: 0.0457 (0.0586)  loss_bbox_aux_0: 0.0527 (0.0658)  loss_bbox_aux_1: 0.0441 (0.0598)  loss_bbox_aux_2: 0.0482 (0.0586)  loss_bbox_aux_3: 0.0457 (0.0586)  loss_bbox_aux_4: 0.0456 (0.0586)  loss_bbox_dn_0: 0.0695 (0.0747)  loss_bbox_dn_1: 0.0471 (0.0526)  loss_bbox_dn_2: 0.0431 (0.0502)  loss_bbox_dn_3: 0.0431 (0.0501)  loss_bbox_dn_4: 0.0429 (0.0500)  loss_bbox_dn_5: 0.0429 (0.0500)  loss_bbox_dn_pre: 0.0722 (0.0785)  loss_bbox_enc_0: 0.0854 (0.1013)  loss_bbox_pre: 0.0509 (0.0659)  loss_ddf_aux_0: 0.0628 (0.0551)  loss_ddf_aux_1: 0.0176 (0.0154)  loss_ddf_aux_2: 0.0008 (0.0014)  loss_ddf_aux_3: 0.0000 (0.0000)  loss_ddf_aux_4: 0.0000 (0.0000)  loss_ddf_dn_0: 0.4393 (0.4633)  loss_ddf_dn_1: 0.0371 (0.0336)  loss_ddf_dn_2: 0.0070 (0.0063)  loss_ddf_dn_3: 0.0021 (0.0015)  loss_ddf_dn_4: 0.0000 (0.0000)  loss_ddf_dn_5: 0.0000 (0.0000)  loss_fgl: 0.9986 (1.0035)  loss_fgl_aux_0: 1.0370 (1.0332)  loss_fgl_aux_1: 1.0067 (1.0063)  loss_fgl_aux_2: 0.9973 (1.0033)  loss_fgl_aux_3: 0.9984 (1.0035)  loss_fgl_aux_4: 0.9986 (1.0035)  loss_fgl_dn_0: 1.0856 (1.0985)  loss_fgl_dn_1: 0.9588 (0.9684)  loss_fgl_dn_2: 0.9588 (0.9608)  loss_fgl_dn_3: 0.9588 (0.9610)  loss_fgl_dn_4: 0.9588 (0.9611)  loss_fgl_dn_5: 0.9588 (0.9611)  loss_giou: 0.2448 (0.2641)  loss_giou_aux_0: 0.2515 (0.2773)  loss_giou_aux_1: 0.2429 (0.2659)  loss_giou_aux_2: 0.2452 (0.2641)  loss_giou_aux_3: 0.2447 (0.2641)  loss_giou_aux_4: 0.2448 (0.2641)  loss_giou_dn_0: 0.2580 (0.2765)  loss_giou_dn_1: 0.1981 (0.2105)  loss_giou_dn_2: 0.1960 (0.2062)  loss_giou_dn_3: 0.1960 (0.2061)  loss_giou_dn_4: 0.1960 (0.2060)  loss_giou_dn_5: 0.1960 (0.2060)  loss_giou_dn_pre: 0.2604 (0.2767)  loss_giou_enc_0: 0.3377 (0.3626)  loss_giou_pre: 0.2506 (0.2766)  loss_vfl: 0.2902 (0.3136)  loss_vfl_aux_0: 0.3407 (0.3644)  loss_vfl_aux_1: 0.3041 (0.3311)  loss_vfl_aux_2: 0.2955 (0.3194)  loss_vfl_aux_3: 0.2952 (0.3148)  loss_vfl_aux_4: 0.2900 (0.3135)  loss_vfl_dn_0: 0.3625 (0.3651)  loss_vfl_dn_1: 0.2787 (0.2830)  loss_vfl_dn_2: 0.2788 (0.2777)  loss_vfl_dn_3: 0.2778 (0.2767)  loss_vfl_dn_4: 0.2782 (0.2766)  loss_vfl_dn_5: 0.2780 (0.2767)  loss_vfl_dn_pre: 0.3630 (0.3660)  loss_vfl_enc_0: 0.3935 (0.4133)  loss_vfl_pre: 0.3394 (0.3644)  time: 0.6031  data: 0.0082  max mem: 17742
Epoch: [8/120]  [ 700/2360]  eta: 0:17:10  lr: 0.000009  loss: 22.0443 (22.2105)  loss_bbox: 0.0591 (0.0589)  loss_bbox_aux_0: 0.0659 (0.0657)  loss_bbox_aux_1: 0.0631 (0.0600)  loss_bbox_aux_2: 0.0590 (0.0588)  loss_bbox_aux_3: 0.0590 (0.0589)  loss_bbox_aux_4: 0.0591 (0.0589)  loss_bbox_dn_0: 0.0760 (0.0749)  loss_bbox_dn_1: 0.0533 (0.0528)  loss_bbox_dn_2: 0.0520 (0.0504)  loss_bbox_dn_3: 0.0520 (0.0503)  loss_bbox_dn_4: 0.0517 (0.0502)  loss_bbox_dn_5: 0.0517 (0.0502)  loss_bbox_dn_pre: 0.0798 (0.0786)  loss_bbox_enc_0: 0.0891 (0.1008)  loss_bbox_pre: 0.0683 (0.0657)  loss_ddf_aux_0: 0.0536 (0.0559)  loss_ddf_aux_1: 0.0163 (0.0158)  loss_ddf_aux_2: 0.0008 (0.0013)  loss_ddf_aux_3: 0.0000 (0.0000)  loss_ddf_aux_4: 0.0000 (0.0000)  loss_ddf_dn_0: 0.4732 (0.5306)  loss_ddf_dn_1: 0.0292 (0.0341)  loss_ddf_dn_2: 0.0041 (0.0063)  loss_ddf_dn_3: 0.0009 (0.0015)  loss_ddf_dn_4: 0.0000 (0.0000)  loss_ddf_dn_5: 0.0000 (0.0000)  loss_fgl: 0.9606 (1.0033)  loss_fgl_aux_0: 1.0036 (1.0326)  loss_fgl_aux_1: 0.9673 (1.0060)  loss_fgl_aux_2: 0.9605 (1.0032)  loss_fgl_aux_3: 0.9607 (1.0033)  loss_fgl_aux_4: 0.9607 (1.0033)  loss_fgl_dn_0: 1.0894 (1.0980)  loss_fgl_dn_1: 0.9674 (0.9693)  loss_fgl_dn_2: 0.9624 (0.9615)  loss_fgl_dn_3: 0.9627 (0.9617)  loss_fgl_dn_4: 0.9628 (0.9618)  loss_fgl_dn_5: 0.9628 (0.9618)  loss_giou: 0.2391 (0.2630)  loss_giou_aux_0: 0.2466 (0.2759)  loss_giou_aux_1: 0.2402 (0.2649)  loss_giou_aux_2: 0.2391 (0.2630)  loss_giou_aux_3: 0.2391 (0.2630)  loss_giou_aux_4: 0.2391 (0.2630)  loss_giou_dn_0: 0.2549 (0.2760)  loss_giou_dn_1: 0.1978 (0.2104)  loss_giou_dn_2: 0.1923 (0.2060)  loss_giou_dn_3: 0.1922 (0.2060)  loss_giou_dn_4: 0.1922 (0.2059)  loss_giou_dn_5: 0.1922 (0.2059)  loss_giou_dn_pre: 0.2560 (0.2761)  loss_giou_enc_0: 0.3308 (0.3607)  loss_giou_pre: 0.2443 (0.2752)  loss_vfl: 0.3001 (0.3135)  loss_vfl_aux_0: 0.3315 (0.3627)  loss_vfl_aux_1: 0.3102 (0.3299)  loss_vfl_aux_2: 0.3050 (0.3188)  loss_vfl_aux_3: 0.2993 (0.3146)  loss_vfl_aux_4: 0.2992 (0.3133)  loss_vfl_dn_0: 0.3569 (0.3652)  loss_vfl_dn_1: 0.2798 (0.2830)  loss_vfl_dn_2: 0.2746 (0.2776)  loss_vfl_dn_3: 0.2731 (0.2767)  loss_vfl_dn_4: 0.2738 (0.2766)  loss_vfl_dn_5: 0.2741 (0.2767)  loss_vfl_dn_pre: 0.3583 (0.3663)  loss_vfl_enc_0: 0.3957 (0.4113)  loss_vfl_pre: 0.3332 (0.3627)  time: 0.6249  data: 0.0086  max mem: 17742
Epoch: [8/120]  [ 800/2360]  eta: 0:16:07  lr: 0.000009  loss: 21.8225 (22.1952)  loss_bbox: 0.0511 (0.0593)  loss_bbox_aux_0: 0.0584 (0.0660)  loss_bbox_aux_1: 0.0523 (0.0604)  loss_bbox_aux_2: 0.0511 (0.0592)  loss_bbox_aux_3: 0.0511 (0.0592)  loss_bbox_aux_4: 0.0511 (0.0593)  loss_bbox_dn_0: 0.0794 (0.0749)  loss_bbox_dn_1: 0.0474 (0.0528)  loss_bbox_dn_2: 0.0446 (0.0504)  loss_bbox_dn_3: 0.0445 (0.0503)  loss_bbox_dn_4: 0.0444 (0.0502)  loss_bbox_dn_5: 0.0444 (0.0502)  loss_bbox_dn_pre: 0.0782 (0.0786)  loss_bbox_enc_0: 0.0781 (0.1006)  loss_bbox_pre: 0.0555 (0.0660)  loss_ddf_aux_0: 0.0487 (0.0557)  loss_ddf_aux_1: 0.0142 (0.0159)  loss_ddf_aux_2: 0.0007 (0.0012)  loss_ddf_aux_3: 0.0000 (0.0000)  loss_ddf_aux_4: 0.0000 (0.0000)  loss_ddf_dn_0: 0.3915 (0.5188)  loss_ddf_dn_1: 0.0274 (0.0333)  loss_ddf_dn_2: 0.0027 (0.0059)  loss_ddf_dn_3: 0.0005 (0.0014)  loss_ddf_dn_4: 0.0000 (0.0000)  loss_ddf_dn_5: 0.0000 (0.0000)  loss_fgl: 0.9943 (1.0033)  loss_fgl_aux_0: 1.0209 (1.0325)  loss_fgl_aux_1: 0.9960 (1.0061)  loss_fgl_aux_2: 0.9947 (1.0032)  loss_fgl_aux_3: 0.9943 (1.0033)  loss_fgl_aux_4: 0.9942 (1.0033)  loss_fgl_dn_0: 1.0973 (1.0989)  loss_fgl_dn_1: 0.9694 (0.9700)  loss_fgl_dn_2: 0.9597 (0.9621)  loss_fgl_dn_3: 0.9599 (0.9623)  loss_fgl_dn_4: 0.9597 (0.9624)  loss_fgl_dn_5: 0.9598 (0.9624)  loss_giou: 0.2427 (0.2626)  loss_giou_aux_0: 0.2551 (0.2752)  loss_giou_aux_1: 0.2452 (0.2644)  loss_giou_aux_2: 0.2427 (0.2626)  loss_giou_aux_3: 0.2427 (0.2626)  loss_giou_aux_4: 0.2427 (0.2626)  loss_giou_dn_0: 0.2806 (0.2760)  loss_giou_dn_1: 0.2090 (0.2105)  loss_giou_dn_2: 0.2027 (0.2061)  loss_giou_dn_3: 0.2022 (0.2060)  loss_giou_dn_4: 0.2021 (0.2059)  loss_giou_dn_5: 0.2021 (0.2059)  loss_giou_dn_pre: 0.2812 (0.2761)  loss_giou_enc_0: 0.3282 (0.3592)  loss_giou_pre: 0.2556 (0.2745)  loss_vfl: 0.3123 (0.3131)  loss_vfl_aux_0: 0.3809 (0.3622)  loss_vfl_aux_1: 0.3349 (0.3294)  loss_vfl_aux_2: 0.3225 (0.3188)  loss_vfl_aux_3: 0.3119 (0.3142)  loss_vfl_aux_4: 0.3145 (0.3129)  loss_vfl_dn_0: 0.3612 (0.3651)  loss_vfl_dn_1: 0.2849 (0.2831)  loss_vfl_dn_2: 0.2801 (0.2778)  loss_vfl_dn_3: 0.2795 (0.2769)  loss_vfl_dn_4: 0.2790 (0.2768)  loss_vfl_dn_5: 0.2792 (0.2768)  loss_vfl_dn_pre: 0.3625 (0.3663)  loss_vfl_enc_0: 0.4049 (0.4103)  loss_vfl_pre: 0.3798 (0.3621)  time: 0.6037  data: 0.0083  max mem: 17742
Epoch: [8/120]  [ 900/2360]  eta: 0:15:02  lr: 0.000009  loss: 21.9037 (22.2150)  loss_bbox: 0.0438 (0.0596)  loss_bbox_aux_0: 0.0475 (0.0663)  loss_bbox_aux_1: 0.0455 (0.0608)  loss_bbox_aux_2: 0.0438 (0.0596)  loss_bbox_aux_3: 0.0438 (0.0596)  loss_bbox_aux_4: 0.0438 (0.0596)  loss_bbox_dn_0: 0.0585 (0.0751)  loss_bbox_dn_1: 0.0433 (0.0531)  loss_bbox_dn_2: 0.0429 (0.0507)  loss_bbox_dn_3: 0.0429 (0.0506)  loss_bbox_dn_4: 0.0429 (0.0506)  loss_bbox_dn_5: 0.0429 (0.0506)  loss_bbox_dn_pre: 0.0636 (0.0788)  loss_bbox_enc_0: 0.0737 (0.1005)  loss_bbox_pre: 0.0479 (0.0663)  loss_ddf_aux_0: 0.0485 (0.0553)  loss_ddf_aux_1: 0.0128 (0.0157)  loss_ddf_aux_2: 0.0008 (0.0012)  loss_ddf_aux_3: 0.0000 (0.0000)  loss_ddf_aux_4: 0.0000 (0.0000)  loss_ddf_dn_0: 0.3857 (0.5129)  loss_ddf_dn_1: 0.0220 (0.0326)  loss_ddf_dn_2: 0.0024 (0.0055)  loss_ddf_dn_3: 0.0003 (0.0013)  loss_ddf_dn_4: 0.0000 (0.0000)  loss_ddf_dn_5: 0.0000 (0.0000)  loss_fgl: 1.0035 (1.0040)  loss_fgl_aux_0: 1.0366 (1.0332)  loss_fgl_aux_1: 1.0103 (1.0069)  loss_fgl_aux_2: 1.0034 (1.0039)  loss_fgl_aux_3: 1.0035 (1.0039)  loss_fgl_aux_4: 1.0035 (1.0040)  loss_fgl_dn_0: 1.1105 (1.0997)  loss_fgl_dn_1: 0.9779 (0.9711)  loss_fgl_dn_2: 0.9764 (0.9632)  loss_fgl_dn_3: 0.9764 (0.9634)  loss_fgl_dn_4: 0.9764 (0.9635)  loss_fgl_dn_5: 0.9764 (0.9635)  loss_giou: 0.2524 (0.2628)  loss_giou_aux_0: 0.2744 (0.2754)  loss_giou_aux_1: 0.2551 (0.2647)  loss_giou_aux_2: 0.2524 (0.2628)  loss_giou_aux_3: 0.2525 (0.2628)  loss_giou_aux_4: 0.2524 (0.2628)  loss_giou_dn_0: 0.2741 (0.2764)  loss_giou_dn_1: 0.2075 (0.2110)  loss_giou_dn_2: 0.2040 (0.2067)  loss_giou_dn_3: 0.2041 (0.2066)  loss_giou_dn_4: 0.2041 (0.2065)  loss_giou_dn_5: 0.2041 (0.2065)  loss_giou_dn_pre: 0.2728 (0.2766)  loss_giou_enc_0: 0.3624 (0.3592)  loss_giou_pre: 0.2727 (0.2747)  loss_vfl: 0.3065 (0.3134)  loss_vfl_aux_0: 0.3527 (0.3629)  loss_vfl_aux_1: 0.3162 (0.3302)  loss_vfl_aux_2: 0.3147 (0.3193)  loss_vfl_aux_3: 0.3107 (0.3145)  loss_vfl_aux_4: 0.3084 (0.3132)  loss_vfl_dn_0: 0.3634 (0.3654)  loss_vfl_dn_1: 0.2830 (0.2836)  loss_vfl_dn_2: 0.2793 (0.2783)  loss_vfl_dn_3: 0.2777 (0.2774)  loss_vfl_dn_4: 0.2787 (0.2773)  loss_vfl_dn_5: 0.2785 (0.2774)  loss_vfl_dn_pre: 0.3646 (0.3666)  loss_vfl_enc_0: 0.4093 (0.4106)  loss_vfl_pre: 0.3507 (0.3628)  time: 0.5995  data: 0.0081  max mem: 17742
Epoch: [8/120]  [1000/2360]  eta: 0:13:58  lr: 0.000009  loss: 21.4732 (22.1842)  loss_bbox: 0.0397 (0.0592)  loss_bbox_aux_0: 0.0462 (0.0658)  loss_bbox_aux_1: 0.0410 (0.0603)  loss_bbox_aux_2: 0.0397 (0.0592)  loss_bbox_aux_3: 0.0397 (0.0592)  loss_bbox_aux_4: 0.0397 (0.0592)  loss_bbox_dn_0: 0.0628 (0.0750)  loss_bbox_dn_1: 0.0396 (0.0526)  loss_bbox_dn_2: 0.0377 (0.0503)  loss_bbox_dn_3: 0.0377 (0.0502)  loss_bbox_dn_4: 0.0377 (0.0502)  loss_bbox_dn_5: 0.0377 (0.0502)  loss_bbox_dn_pre: 0.0663 (0.0788)  loss_bbox_enc_0: 0.0727 (0.1004)  loss_bbox_pre: 0.0455 (0.0657)  loss_ddf_aux_0: 0.0533 (0.0551)  loss_ddf_aux_1: 0.0145 (0.0155)  loss_ddf_aux_2: 0.0009 (0.0012)  loss_ddf_aux_3: 0.0000 (0.0000)  loss_ddf_aux_4: 0.0000 (0.0000)  loss_ddf_dn_0: 0.3865 (0.5026)  loss_ddf_dn_1: 0.0259 (0.0320)  loss_ddf_dn_2: 0.0049 (0.0054)  loss_ddf_dn_3: 0.0004 (0.0012)  loss_ddf_dn_4: 0.0000 (0.0000)  loss_ddf_dn_5: 0.0000 (0.0000)  loss_fgl: 0.9719 (1.0027)  loss_fgl_aux_0: 1.0141 (1.0325)  loss_fgl_aux_1: 0.9767 (1.0058)  loss_fgl_aux_2: 0.9718 (1.0026)  loss_fgl_aux_3: 0.9716 (1.0027)  loss_fgl_aux_4: 0.9717 (1.0027)  loss_fgl_dn_0: 1.0833 (1.1002)  loss_fgl_dn_1: 0.9462 (0.9706)  loss_fgl_dn_2: 0.9416 (0.9626)  loss_fgl_dn_3: 0.9416 (0.9627)  loss_fgl_dn_4: 0.9416 (0.9628)  loss_fgl_dn_5: 0.9416 (0.9628)  loss_giou: 0.2560 (0.2633)  loss_giou_aux_0: 0.2699 (0.2759)  loss_giou_aux_1: 0.2554 (0.2651)  loss_giou_aux_2: 0.2560 (0.2633)  loss_giou_aux_3: 0.2559 (0.2633)  loss_giou_aux_4: 0.2560 (0.2633)  loss_giou_dn_0: 0.2766 (0.2767)  loss_giou_dn_1: 0.2032 (0.2108)  loss_giou_dn_2: 0.1991 (0.2065)  loss_giou_dn_3: 0.1990 (0.2064)  loss_giou_dn_4: 0.1989 (0.2064)  loss_giou_dn_5: 0.1989 (0.2064)  loss_giou_dn_pre: 0.2790 (0.2769)  loss_giou_enc_0: 0.3627 (0.3598)  loss_giou_pre: 0.2699 (0.2752)  loss_vfl: 0.2939 (0.3130)  loss_vfl_aux_0: 0.3243 (0.3618)  loss_vfl_aux_1: 0.2970 (0.3291)  loss_vfl_aux_2: 0.2921 (0.3186)  loss_vfl_aux_3: 0.2914 (0.3140)  loss_vfl_aux_4: 0.2965 (0.3128)  loss_vfl_dn_0: 0.3516 (0.3653)  loss_vfl_dn_1: 0.2759 (0.2833)  loss_vfl_dn_2: 0.2695 (0.2780)  loss_vfl_dn_3: 0.2696 (0.2772)  loss_vfl_dn_4: 0.2697 (0.2771)  loss_vfl_dn_5: 0.2695 (0.2771)  loss_vfl_dn_pre: 0.3525 (0.3664)  loss_vfl_enc_0: 0.3874 (0.4095)  loss_vfl_pre: 0.3221 (0.3617)  time: 0.5805  data: 0.0089  max mem: 17742
Epoch: [8/120]  [1100/2360]  eta: 0:12:57  lr: 0.000009  loss: 22.2097 (22.1979)  loss_bbox: 0.0432 (0.0592)  loss_bbox_aux_0: 0.0516 (0.0656)  loss_bbox_aux_1: 0.0438 (0.0602)  loss_bbox_aux_2: 0.0432 (0.0592)  loss_bbox_aux_3: 0.0432 (0.0592)  loss_bbox_aux_4: 0.0432 (0.0592)  loss_bbox_dn_0: 0.0605 (0.0749)  loss_bbox_dn_1: 0.0386 (0.0526)  loss_bbox_dn_2: 0.0366 (0.0502)  loss_bbox_dn_3: 0.0365 (0.0502)  loss_bbox_dn_4: 0.0365 (0.0501)  loss_bbox_dn_5: 0.0365 (0.0501)  loss_bbox_dn_pre: 0.0654 (0.0788)  loss_bbox_enc_0: 0.0853 (0.1001)  loss_bbox_pre: 0.0520 (0.0656)  loss_ddf_aux_0: 0.0725 (0.0567)  loss_ddf_aux_1: 0.0206 (0.0159)  loss_ddf_aux_2: 0.0010 (0.0012)  loss_ddf_aux_3: 0.0000 (0.0000)  loss_ddf_aux_4: 0.0000 (0.0000)  loss_ddf_dn_0: 0.4732 (0.5027)  loss_ddf_dn_1: 0.0279 (0.0320)  loss_ddf_dn_2: 0.0059 (0.0054)  loss_ddf_dn_3: 0.0005 (0.0011)  loss_ddf_dn_4: 0.0000 (0.0000)  loss_ddf_dn_5: 0.0000 (0.0000)  loss_fgl: 1.0058 (1.0033)  loss_fgl_aux_0: 1.0409 (1.0330)  loss_fgl_aux_1: 1.0047 (1.0064)  loss_fgl_aux_2: 1.0054 (1.0032)  loss_fgl_aux_3: 1.0057 (1.0033)  loss_fgl_aux_4: 1.0058 (1.0033)  loss_fgl_dn_0: 1.1033 (1.1012)  loss_fgl_dn_1: 0.9799 (0.9715)  loss_fgl_dn_2: 0.9700 (0.9634)  loss_fgl_dn_3: 0.9700 (0.9635)  loss_fgl_dn_4: 0.9702 (0.9636)  loss_fgl_dn_5: 0.9702 (0.9636)  loss_giou: 0.2600 (0.2634)  loss_giou_aux_0: 0.2723 (0.2758)  loss_giou_aux_1: 0.2606 (0.2652)  loss_giou_aux_2: 0.2603 (0.2633)  loss_giou_aux_3: 0.2599 (0.2633)  loss_giou_aux_4: 0.2599 (0.2634)  loss_giou_dn_0: 0.2826 (0.2770)  loss_giou_dn_1: 0.2047 (0.2109)  loss_giou_dn_2: 0.2004 (0.2067)  loss_giou_dn_3: 0.2004 (0.2066)  loss_giou_dn_4: 0.2004 (0.2065)  loss_giou_dn_5: 0.2004 (0.2065)  loss_giou_dn_pre: 0.2832 (0.2772)  loss_giou_enc_0: 0.3739 (0.3597)  loss_giou_pre: 0.2731 (0.2751)  loss_vfl: 0.3306 (0.3135)  loss_vfl_aux_0: 0.3743 (0.3615)  loss_vfl_aux_1: 0.3365 (0.3293)  loss_vfl_aux_2: 0.3347 (0.3189)  loss_vfl_aux_3: 0.3262 (0.3144)  loss_vfl_aux_4: 0.3285 (0.3133)  loss_vfl_dn_0: 0.3737 (0.3655)  loss_vfl_dn_1: 0.2832 (0.2835)  loss_vfl_dn_2: 0.2769 (0.2782)  loss_vfl_dn_3: 0.2768 (0.2774)  loss_vfl_dn_4: 0.2765 (0.2773)  loss_vfl_dn_5: 0.2766 (0.2774)  loss_vfl_dn_pre: 0.3739 (0.3666)  loss_vfl_enc_0: 0.4204 (0.4091)  loss_vfl_pre: 0.3751 (0.3616)  time: 0.6041  data: 0.0087  max mem: 17742
Epoch: [8/120]  [1200/2360]  eta: 0:11:55  lr: 0.000009  loss: 22.4602 (22.1939)  loss_bbox: 0.0407 (0.0590)  loss_bbox_aux_0: 0.0473 (0.0654)  loss_bbox_aux_1: 0.0439 (0.0600)  loss_bbox_aux_2: 0.0407 (0.0589)  loss_bbox_aux_3: 0.0407 (0.0589)  loss_bbox_aux_4: 0.0407 (0.0590)  loss_bbox_dn_0: 0.0614 (0.0749)  loss_bbox_dn_1: 0.0399 (0.0524)  loss_bbox_dn_2: 0.0372 (0.0501)  loss_bbox_dn_3: 0.0372 (0.0501)  loss_bbox_dn_4: 0.0372 (0.0500)  loss_bbox_dn_5: 0.0372 (0.0500)  loss_bbox_dn_pre: 0.0645 (0.0788)  loss_bbox_enc_0: 0.0783 (0.0999)  loss_bbox_pre: 0.0504 (0.0653)  loss_ddf_aux_0: 0.0567 (0.0572)  loss_ddf_aux_1: 0.0152 (0.0160)  loss_ddf_aux_2: 0.0009 (0.0011)  loss_ddf_aux_3: 0.0000 (0.0000)  loss_ddf_aux_4: 0.0000 (0.0000)  loss_ddf_dn_0: 0.4063 (0.4947)  loss_ddf_dn_1: 0.0237 (0.0316)  loss_ddf_dn_2: 0.0048 (0.0054)  loss_ddf_dn_3: 0.0004 (0.0011)  loss_ddf_dn_4: 0.0000 (0.0000)  loss_ddf_dn_5: 0.0000 (0.0000)  loss_fgl: 0.9987 (1.0035)  loss_fgl_aux_0: 1.0436 (1.0332)  loss_fgl_aux_1: 1.0017 (1.0065)  loss_fgl_aux_2: 0.9981 (1.0034)  loss_fgl_aux_3: 0.9981 (1.0035)  loss_fgl_aux_4: 0.9984 (1.0035)  loss_fgl_dn_0: 1.1031 (1.1016)  loss_fgl_dn_1: 0.9822 (0.9714)  loss_fgl_dn_2: 0.9805 (0.9633)  loss_fgl_dn_3: 0.9806 (0.9634)  loss_fgl_dn_4: 0.9805 (0.9635)  loss_fgl_dn_5: 0.9807 (0.9635)  loss_giou: 0.2661 (0.2634)  loss_giou_aux_0: 0.2790 (0.2759)  loss_giou_aux_1: 0.2677 (0.2652)  loss_giou_aux_2: 0.2660 (0.2634)  loss_giou_aux_3: 0.2661 (0.2634)  loss_giou_aux_4: 0.2661 (0.2634)  loss_giou_dn_0: 0.2794 (0.2772)  loss_giou_dn_1: 0.2138 (0.2109)  loss_giou_dn_2: 0.2118 (0.2067)  loss_giou_dn_3: 0.2119 (0.2066)  loss_giou_dn_4: 0.2119 (0.2066)  loss_giou_dn_5: 0.2119 (0.2066)  loss_giou_dn_pre: 0.2794 (0.2775)  loss_giou_enc_0: 0.3590 (0.3601)  loss_giou_pre: 0.2769 (0.2752)  loss_vfl: 0.3140 (0.3138)  loss_vfl_aux_0: 0.3679 (0.3621)  loss_vfl_aux_1: 0.3377 (0.3298)  loss_vfl_aux_2: 0.3187 (0.3193)  loss_vfl_aux_3: 0.3174 (0.3149)  loss_vfl_aux_4: 0.3158 (0.3136)  loss_vfl_dn_0: 0.3662 (0.3656)  loss_vfl_dn_1: 0.2874 (0.2835)  loss_vfl_dn_2: 0.2800 (0.2782)  loss_vfl_dn_3: 0.2793 (0.2774)  loss_vfl_dn_4: 0.2808 (0.2773)  loss_vfl_dn_5: 0.2811 (0.2774)  loss_vfl_dn_pre: 0.3672 (0.3667)  loss_vfl_enc_0: 0.4067 (0.4097)  loss_vfl_pre: 0.3660 (0.3621)  time: 0.6311  data: 0.0093  max mem: 17742
Epoch: [8/120]  [1300/2360]  eta: 0:10:54  lr: 0.000009  loss: 22.5271 (22.1856)  loss_bbox: 0.0489 (0.0585)  loss_bbox_aux_0: 0.0556 (0.0649)  loss_bbox_aux_1: 0.0500 (0.0595)  loss_bbox_aux_2: 0.0491 (0.0585)  loss_bbox_aux_3: 0.0489 (0.0584)  loss_bbox_aux_4: 0.0489 (0.0585)  loss_bbox_dn_0: 0.0651 (0.0745)  loss_bbox_dn_1: 0.0443 (0.0520)  loss_bbox_dn_2: 0.0426 (0.0497)  loss_bbox_dn_3: 0.0425 (0.0497)  loss_bbox_dn_4: 0.0424 (0.0496)  loss_bbox_dn_5: 0.0424 (0.0496)  loss_bbox_dn_pre: 0.0676 (0.0784)  loss_bbox_enc_0: 0.0769 (0.0992)  loss_bbox_pre: 0.0539 (0.0649)  loss_ddf_aux_0: 0.0554 (0.0570)  loss_ddf_aux_1: 0.0164 (0.0160)  loss_ddf_aux_2: 0.0010 (0.0011)  loss_ddf_aux_3: 0.0000 (0.0000)  loss_ddf_aux_4: 0.0000 (0.0000)  loss_ddf_dn_0: 0.4599 (0.4903)  loss_ddf_dn_1: 0.0281 (0.0313)  loss_ddf_dn_2: 0.0059 (0.0054)  loss_ddf_dn_3: 0.0004 (0.0010)  loss_ddf_dn_4: 0.0000 (0.0000)  loss_ddf_dn_5: 0.0000 (0.0000)  loss_fgl: 1.0101 (1.0036)  loss_fgl_aux_0: 1.0339 (1.0331)  loss_fgl_aux_1: 1.0132 (1.0066)  loss_fgl_aux_2: 1.0103 (1.0035)  loss_fgl_aux_3: 1.0101 (1.0036)  loss_fgl_aux_4: 1.0101 (1.0036)  loss_fgl_dn_0: 1.1084 (1.1015)  loss_fgl_dn_1: 0.9769 (0.9713)  loss_fgl_dn_2: 0.9766 (0.9632)  loss_fgl_dn_3: 0.9766 (0.9633)  loss_fgl_dn_4: 0.9766 (0.9634)  loss_fgl_dn_5: 0.9766 (0.9634)  loss_giou: 0.2821 (0.2637)  loss_giou_aux_0: 0.2961 (0.2764)  loss_giou_aux_1: 0.2852 (0.2656)  loss_giou_aux_2: 0.2833 (0.2637)  loss_giou_aux_3: 0.2823 (0.2637)  loss_giou_aux_4: 0.2820 (0.2637)  loss_giou_dn_0: 0.2880 (0.2773)  loss_giou_dn_1: 0.2201 (0.2110)  loss_giou_dn_2: 0.2137 (0.2068)  loss_giou_dn_3: 0.2139 (0.2067)  loss_giou_dn_4: 0.2139 (0.2067)  loss_giou_dn_5: 0.2139 (0.2067)  loss_giou_dn_pre: 0.2914 (0.2776)  loss_giou_enc_0: 0.3712 (0.3605)  loss_giou_pre: 0.2996 (0.2757)  loss_vfl: 0.3287 (0.3140)  loss_vfl_aux_0: 0.3656 (0.3619)  loss_vfl_aux_1: 0.3311 (0.3301)  loss_vfl_aux_2: 0.3280 (0.3194)  loss_vfl_aux_3: 0.3239 (0.3150)  loss_vfl_aux_4: 0.3281 (0.3139)  loss_vfl_dn_0: 0.3665 (0.3655)  loss_vfl_dn_1: 0.2909 (0.2835)  loss_vfl_dn_2: 0.2879 (0.2783)  loss_vfl_dn_3: 0.2880 (0.2774)  loss_vfl_dn_4: 0.2876 (0.2773)  loss_vfl_dn_5: 0.2875 (0.2774)  loss_vfl_dn_pre: 0.3669 (0.3666)  loss_vfl_enc_0: 0.4165 (0.4096)  loss_vfl_pre: 0.3674 (0.3619)  time: 0.6341  data: 0.0088  max mem: 17742
Epoch: [8/120]  [1400/2360]  eta: 0:09:52  lr: 0.000009  loss: 22.0170 (22.1811)  loss_bbox: 0.0543 (0.0581)  loss_bbox_aux_0: 0.0605 (0.0647)  loss_bbox_aux_1: 0.0531 (0.0592)  loss_bbox_aux_2: 0.0547 (0.0581)  loss_bbox_aux_3: 0.0547 (0.0581)  loss_bbox_aux_4: 0.0543 (0.0581)  loss_bbox_dn_0: 0.0686 (0.0741)  loss_bbox_dn_1: 0.0499 (0.0516)  loss_bbox_dn_2: 0.0465 (0.0494)  loss_bbox_dn_3: 0.0465 (0.0493)  loss_bbox_dn_4: 0.0464 (0.0493)  loss_bbox_dn_5: 0.0463 (0.0493)  loss_bbox_dn_pre: 0.0770 (0.0779)  loss_bbox_enc_0: 0.0967 (0.0990)  loss_bbox_pre: 0.0615 (0.0646)  loss_ddf_aux_0: 0.0546 (0.0568)  loss_ddf_aux_1: 0.0158 (0.0159)  loss_ddf_aux_2: 0.0017 (0.0011)  loss_ddf_aux_3: 0.0000 (0.0000)  loss_ddf_aux_4: 0.0000 (0.0000)  loss_ddf_dn_0: 0.4541 (0.4922)  loss_ddf_dn_1: 0.0342 (0.0318)  loss_ddf_dn_2: 0.0073 (0.0056)  loss_ddf_dn_3: 0.0003 (0.0010)  loss_ddf_dn_4: 0.0000 (0.0000)  loss_ddf_dn_5: 0.0000 (0.0000)  loss_fgl: 1.0130 (1.0032)  loss_fgl_aux_0: 1.0532 (1.0328)  loss_fgl_aux_1: 1.0067 (1.0061)  loss_fgl_aux_2: 1.0129 (1.0031)  loss_fgl_aux_3: 1.0129 (1.0032)  loss_fgl_aux_4: 1.0130 (1.0032)  loss_fgl_dn_0: 1.1132 (1.1020)  loss_fgl_dn_1: 0.9815 (0.9712)  loss_fgl_dn_2: 0.9697 (0.9631)  loss_fgl_dn_3: 0.9698 (0.9633)  loss_fgl_dn_4: 0.9697 (0.9634)  loss_fgl_dn_5: 0.9697 (0.9634)  loss_giou: 0.2464 (0.2638)  loss_giou_aux_0: 0.2658 (0.2766)  loss_giou_aux_1: 0.2507 (0.2657)  loss_giou_aux_2: 0.2478 (0.2638)  loss_giou_aux_3: 0.2463 (0.2638)  loss_giou_aux_4: 0.2465 (0.2638)  loss_giou_dn_0: 0.2714 (0.2775)  loss_giou_dn_1: 0.2106 (0.2110)  loss_giou_dn_2: 0.2038 (0.2068)  loss_giou_dn_3: 0.2038 (0.2068)  loss_giou_dn_4: 0.2038 (0.2067)  loss_giou_dn_5: 0.2038 (0.2067)  loss_giou_dn_pre: 0.2714 (0.2778)  loss_giou_enc_0: 0.3598 (0.3611)  loss_giou_pre: 0.2636 (0.2759)  loss_vfl: 0.2987 (0.3137)  loss_vfl_aux_0: 0.3515 (0.3619)  loss_vfl_aux_1: 0.3193 (0.3297)  loss_vfl_aux_2: 0.3076 (0.3191)  loss_vfl_aux_3: 0.3018 (0.3148)  loss_vfl_aux_4: 0.3039 (0.3136)  loss_vfl_dn_0: 0.3691 (0.3654)  loss_vfl_dn_1: 0.2810 (0.2834)  loss_vfl_dn_2: 0.2769 (0.2782)  loss_vfl_dn_3: 0.2756 (0.2773)  loss_vfl_dn_4: 0.2762 (0.2772)  loss_vfl_dn_5: 0.2761 (0.2773)  loss_vfl_dn_pre: 0.3696 (0.3665)  loss_vfl_enc_0: 0.4128 (0.4100)  loss_vfl_pre: 0.3495 (0.3619)  time: 0.6081  data: 0.0090  max mem: 17742
Epoch: [8/120]  [1500/2360]  eta: 0:08:51  lr: 0.000009  loss: 21.6383 (22.1781)  loss_bbox: 0.0456 (0.0583)  loss_bbox_aux_0: 0.0464 (0.0648)  loss_bbox_aux_1: 0.0471 (0.0593)  loss_bbox_aux_2: 0.0456 (0.0583)  loss_bbox_aux_3: 0.0456 (0.0582)  loss_bbox_aux_4: 0.0456 (0.0583)  loss_bbox_dn_0: 0.0615 (0.0740)  loss_bbox_dn_1: 0.0395 (0.0516)  loss_bbox_dn_2: 0.0389 (0.0494)  loss_bbox_dn_3: 0.0389 (0.0494)  loss_bbox_dn_4: 0.0389 (0.0493)  loss_bbox_dn_5: 0.0389 (0.0493)  loss_bbox_dn_pre: 0.0646 (0.0778)  loss_bbox_enc_0: 0.0756 (0.0991)  loss_bbox_pre: 0.0478 (0.0648)  loss_ddf_aux_0: 0.0386 (0.0562)  loss_ddf_aux_1: 0.0115 (0.0157)  loss_ddf_aux_2: 0.0011 (0.0012)  loss_ddf_aux_3: 0.0000 (0.0000)  loss_ddf_aux_4: 0.0000 (0.0000)  loss_ddf_dn_0: 0.4376 (0.4879)  loss_ddf_dn_1: 0.0282 (0.0318)  loss_ddf_dn_2: 0.0057 (0.0057)  loss_ddf_dn_3: 0.0003 (0.0010)  loss_ddf_dn_4: 0.0000 (0.0000)  loss_ddf_dn_5: 0.0000 (0.0000)  loss_fgl: 1.0051 (1.0033)  loss_fgl_aux_0: 1.0167 (1.0329)  loss_fgl_aux_1: 1.0015 (1.0062)  loss_fgl_aux_2: 1.0052 (1.0031)  loss_fgl_aux_3: 1.0052 (1.0032)  loss_fgl_aux_4: 1.0051 (1.0033)  loss_fgl_dn_0: 1.0873 (1.1019)  loss_fgl_dn_1: 0.9737 (0.9713)  loss_fgl_dn_2: 0.9700 (0.9632)  loss_fgl_dn_3: 0.9701 (0.9633)  loss_fgl_dn_4: 0.9701 (0.9634)  loss_fgl_dn_5: 0.9701 (0.9635)  loss_giou: 0.2565 (0.2637)  loss_giou_aux_0: 0.2667 (0.2764)  loss_giou_aux_1: 0.2564 (0.2656)  loss_giou_aux_2: 0.2566 (0.2638)  loss_giou_aux_3: 0.2564 (0.2637)  loss_giou_aux_4: 0.2565 (0.2637)  loss_giou_dn_0: 0.2658 (0.2774)  loss_giou_dn_1: 0.2011 (0.2110)  loss_giou_dn_2: 0.1961 (0.2068)  loss_giou_dn_3: 0.1961 (0.2068)  loss_giou_dn_4: 0.1959 (0.2067)  loss_giou_dn_5: 0.1959 (0.2067)  loss_giou_dn_pre: 0.2653 (0.2777)  loss_giou_enc_0: 0.3372 (0.3612)  loss_giou_pre: 0.2649 (0.2757)  loss_vfl: 0.3136 (0.3140)  loss_vfl_aux_0: 0.3413 (0.3615)  loss_vfl_aux_1: 0.3176 (0.3298)  loss_vfl_aux_2: 0.3170 (0.3195)  loss_vfl_aux_3: 0.3128 (0.3151)  loss_vfl_aux_4: 0.3128 (0.3140)  loss_vfl_dn_0: 0.3624 (0.3654)  loss_vfl_dn_1: 0.2773 (0.2834)  loss_vfl_dn_2: 0.2738 (0.2782)  loss_vfl_dn_3: 0.2728 (0.2774)  loss_vfl_dn_4: 0.2728 (0.2773)  loss_vfl_dn_5: 0.2732 (0.2774)  loss_vfl_dn_pre: 0.3628 (0.3664)  loss_vfl_enc_0: 0.3985 (0.4102)  loss_vfl_pre: 0.3400 (0.3615)  time: 0.6167  data: 0.0089  max mem: 17742
Epoch: [8/120]  [1600/2360]  eta: 0:07:49  lr: 0.000009  loss: 22.3302 (22.1709)  loss_bbox: 0.0570 (0.0585)  loss_bbox_aux_0: 0.0631 (0.0651)  loss_bbox_aux_1: 0.0598 (0.0596)  loss_bbox_aux_2: 0.0571 (0.0585)  loss_bbox_aux_3: 0.0571 (0.0585)  loss_bbox_aux_4: 0.0570 (0.0585)  loss_bbox_dn_0: 0.0771 (0.0741)  loss_bbox_dn_1: 0.0500 (0.0518)  loss_bbox_dn_2: 0.0492 (0.0496)  loss_bbox_dn_3: 0.0492 (0.0495)  loss_bbox_dn_4: 0.0491 (0.0495)  loss_bbox_dn_5: 0.0491 (0.0495)  loss_bbox_dn_pre: 0.0801 (0.0780)  loss_bbox_enc_0: 0.0840 (0.0993)  loss_bbox_pre: 0.0632 (0.0650)  loss_ddf_aux_0: 0.0664 (0.0558)  loss_ddf_aux_1: 0.0199 (0.0156)  loss_ddf_aux_2: 0.0020 (0.0012)  loss_ddf_aux_3: 0.0000 (0.0000)  loss_ddf_aux_4: 0.0000 (0.0000)  loss_ddf_dn_0: 0.5280 (0.4846)  loss_ddf_dn_1: 0.0495 (0.0319)  loss_ddf_dn_2: 0.0132 (0.0058)  loss_ddf_dn_3: 0.0006 (0.0009)  loss_ddf_dn_4: 0.0000 (0.0000)  loss_ddf_dn_5: 0.0000 (0.0000)  loss_fgl: 1.0075 (1.0028)  loss_fgl_aux_0: 1.0414 (1.0326)  loss_fgl_aux_1: 1.0120 (1.0058)  loss_fgl_aux_2: 1.0080 (1.0027)  loss_fgl_aux_3: 1.0077 (1.0028)  loss_fgl_aux_4: 1.0075 (1.0028)  loss_fgl_dn_0: 1.1068 (1.1021)  loss_fgl_dn_1: 0.9683 (0.9711)  loss_fgl_dn_2: 0.9608 (0.9631)  loss_fgl_dn_3: 0.9608 (0.9632)  loss_fgl_dn_4: 0.9607 (0.9633)  loss_fgl_dn_5: 0.9607 (0.9633)  loss_giou: 0.2469 (0.2634)  loss_giou_aux_0: 0.2546 (0.2761)  loss_giou_aux_1: 0.2437 (0.2653)  loss_giou_aux_2: 0.2473 (0.2634)  loss_giou_aux_3: 0.2468 (0.2634)  loss_giou_aux_4: 0.2469 (0.2634)  loss_giou_dn_0: 0.2712 (0.2771)  loss_giou_dn_1: 0.2051 (0.2108)  loss_giou_dn_2: 0.2011 (0.2067)  loss_giou_dn_3: 0.2011 (0.2066)  loss_giou_dn_4: 0.2015 (0.2066)  loss_giou_dn_5: 0.2016 (0.2066)  loss_giou_dn_pre: 0.2723 (0.2775)  loss_giou_enc_0: 0.3574 (0.3609)  loss_giou_pre: 0.2570 (0.2755)  loss_vfl: 0.3085 (0.3145)  loss_vfl_aux_0: 0.3384 (0.3615)  loss_vfl_aux_1: 0.3166 (0.3298)  loss_vfl_aux_2: 0.3013 (0.3195)  loss_vfl_aux_3: 0.3005 (0.3154)  loss_vfl_aux_4: 0.3118 (0.3144)  loss_vfl_dn_0: 0.3626 (0.3652)  loss_vfl_dn_1: 0.2841 (0.2833)  loss_vfl_dn_2: 0.2785 (0.2781)  loss_vfl_dn_3: 0.2780 (0.2773)  loss_vfl_dn_4: 0.2778 (0.2772)  loss_vfl_dn_5: 0.2782 (0.2773)  loss_vfl_dn_pre: 0.3641 (0.3662)  loss_vfl_enc_0: 0.4058 (0.4102)  loss_vfl_pre: 0.3394 (0.3614)  time: 0.6077  data: 0.0089  max mem: 17742
Epoch: [8/120]  [1700/2360]  eta: 0:06:47  lr: 0.000009  loss: 21.9100 (22.1735)  loss_bbox: 0.0530 (0.0586)  loss_bbox_aux_0: 0.0582 (0.0651)  loss_bbox_aux_1: 0.0534 (0.0597)  loss_bbox_aux_2: 0.0530 (0.0586)  loss_bbox_aux_3: 0.0529 (0.0586)  loss_bbox_aux_4: 0.0530 (0.0586)  loss_bbox_dn_0: 0.0754 (0.0742)  loss_bbox_dn_1: 0.0487 (0.0519)  loss_bbox_dn_2: 0.0450 (0.0497)  loss_bbox_dn_3: 0.0451 (0.0496)  loss_bbox_dn_4: 0.0455 (0.0496)  loss_bbox_dn_5: 0.0455 (0.0496)  loss_bbox_dn_pre: 0.0759 (0.0781)  loss_bbox_enc_0: 0.0980 (0.0992)  loss_bbox_pre: 0.0602 (0.0650)  loss_ddf_aux_0: 0.0522 (0.0559)  loss_ddf_aux_1: 0.0173 (0.0157)  loss_ddf_aux_2: 0.0019 (0.0012)  loss_ddf_aux_3: 0.0000 (0.0000)  loss_ddf_aux_4: 0.0000 (0.0000)  loss_ddf_dn_0: 0.4872 (0.4822)  loss_ddf_dn_1: 0.0392 (0.0323)  loss_ddf_dn_2: 0.0141 (0.0063)  loss_ddf_dn_3: 0.0005 (0.0009)  loss_ddf_dn_4: 0.0000 (0.0000)  loss_ddf_dn_5: 0.0000 (0.0000)  loss_fgl: 0.9997 (1.0026)  loss_fgl_aux_0: 1.0199 (1.0327)  loss_fgl_aux_1: 1.0020 (1.0056)  loss_fgl_aux_2: 1.0003 (1.0025)  loss_fgl_aux_3: 1.0001 (1.0026)  loss_fgl_aux_4: 0.9999 (1.0026)  loss_fgl_dn_0: 1.0867 (1.1019)  loss_fgl_dn_1: 0.9566 (0.9709)  loss_fgl_dn_2: 0.9510 (0.9629)  loss_fgl_dn_3: 0.9510 (0.9630)  loss_fgl_dn_4: 0.9508 (0.9631)  loss_fgl_dn_5: 0.9507 (0.9631)  loss_giou: 0.2474 (0.2636)  loss_giou_aux_0: 0.2616 (0.2764)  loss_giou_aux_1: 0.2505 (0.2655)  loss_giou_aux_2: 0.2474 (0.2636)  loss_giou_aux_3: 0.2475 (0.2636)  loss_giou_aux_4: 0.2474 (0.2636)  loss_giou_dn_0: 0.2707 (0.2771)  loss_giou_dn_1: 0.2059 (0.2108)  loss_giou_dn_2: 0.1990 (0.2067)  loss_giou_dn_3: 0.1989 (0.2067)  loss_giou_dn_4: 0.1990 (0.2066)  loss_giou_dn_5: 0.1990 (0.2066)  loss_giou_dn_pre: 0.2705 (0.2775)  loss_giou_enc_0: 0.3407 (0.3611)  loss_giou_pre: 0.2606 (0.2757)  loss_vfl: 0.3090 (0.3149)  loss_vfl_aux_0: 0.3687 (0.3618)  loss_vfl_aux_1: 0.3263 (0.3299)  loss_vfl_aux_2: 0.3147 (0.3199)  loss_vfl_aux_3: 0.3084 (0.3159)  loss_vfl_aux_4: 0.3085 (0.3148)  loss_vfl_dn_0: 0.3648 (0.3652)  loss_vfl_dn_1: 0.2780 (0.2833)  loss_vfl_dn_2: 0.2741 (0.2781)  loss_vfl_dn_3: 0.2745 (0.2773)  loss_vfl_dn_4: 0.2733 (0.2772)  loss_vfl_dn_5: 0.2734 (0.2773)  loss_vfl_dn_pre: 0.3672 (0.3662)  loss_vfl_enc_0: 0.3999 (0.4105)  loss_vfl_pre: 0.3666 (0.3617)  time: 0.6188  data: 0.0088  max mem: 17742
Epoch: [8/120]  [1800/2360]  eta: 0:05:45  lr: 0.000009  loss: 23.2782 (22.1764)  loss_bbox: 0.0517 (0.0586)  loss_bbox_aux_0: 0.0614 (0.0651)  loss_bbox_aux_1: 0.0529 (0.0597)  loss_bbox_aux_2: 0.0517 (0.0586)  loss_bbox_aux_3: 0.0517 (0.0586)  loss_bbox_aux_4: 0.0517 (0.0586)  loss_bbox_dn_0: 0.0733 (0.0744)  loss_bbox_dn_1: 0.0472 (0.0520)  loss_bbox_dn_2: 0.0450 (0.0498)  loss_bbox_dn_3: 0.0450 (0.0498)  loss_bbox_dn_4: 0.0449 (0.0497)  loss_bbox_dn_5: 0.0449 (0.0497)  loss_bbox_dn_pre: 0.0756 (0.0783)  loss_bbox_enc_0: 0.1000 (0.0993)  loss_bbox_pre: 0.0609 (0.0651)  loss_ddf_aux_0: 0.0541 (0.0557)  loss_ddf_aux_1: 0.0166 (0.0158)  loss_ddf_aux_2: 0.0020 (0.0013)  loss_ddf_aux_3: 0.0000 (0.0000)  loss_ddf_aux_4: 0.0000 (0.0000)  loss_ddf_dn_0: 0.5551 (0.4820)  loss_ddf_dn_1: 0.0402 (0.0323)  loss_ddf_dn_2: 0.0109 (0.0065)  loss_ddf_dn_3: 0.0006 (0.0009)  loss_ddf_dn_4: 0.0000 (0.0000)  loss_ddf_dn_5: 0.0000 (0.0000)  loss_fgl: 1.0333 (1.0028)  loss_fgl_aux_0: 1.0726 (1.0329)  loss_fgl_aux_1: 1.0400 (1.0058)  loss_fgl_aux_2: 1.0359 (1.0027)  loss_fgl_aux_3: 1.0336 (1.0028)  loss_fgl_aux_4: 1.0332 (1.0028)  loss_fgl_dn_0: 1.1203 (1.1018)  loss_fgl_dn_1: 0.9969 (0.9710)  loss_fgl_dn_2: 0.9888 (0.9630)  loss_fgl_dn_3: 0.9887 (0.9631)  loss_fgl_dn_4: 0.9888 (0.9632)  loss_fgl_dn_5: 0.9888 (0.9632)  loss_giou: 0.2956 (0.2638)  loss_giou_aux_0: 0.2995 (0.2766)  loss_giou_aux_1: 0.2942 (0.2657)  loss_giou_aux_2: 0.2953 (0.2639)  loss_giou_aux_3: 0.2956 (0.2638)  loss_giou_aux_4: 0.2956 (0.2638)  loss_giou_dn_0: 0.2954 (0.2771)  loss_giou_dn_1: 0.2214 (0.2108)  loss_giou_dn_2: 0.2175 (0.2068)  loss_giou_dn_3: 0.2175 (0.2067)  loss_giou_dn_4: 0.2174 (0.2067)  loss_giou_dn_5: 0.2174 (0.2067)  loss_giou_dn_pre: 0.2929 (0.2775)  loss_giou_enc_0: 0.3759 (0.3614)  loss_giou_pre: 0.2968 (0.2759)  loss_vfl: 0.3175 (0.3148)  loss_vfl_aux_0: 0.3432 (0.3613)  loss_vfl_aux_1: 0.3264 (0.3296)  loss_vfl_aux_2: 0.3247 (0.3197)  loss_vfl_aux_3: 0.3188 (0.3158)  loss_vfl_aux_4: 0.3164 (0.3147)  loss_vfl_dn_0: 0.3725 (0.3652)  loss_vfl_dn_1: 0.2936 (0.2834)  loss_vfl_dn_2: 0.2861 (0.2781)  loss_vfl_dn_3: 0.2856 (0.2774)  loss_vfl_dn_4: 0.2861 (0.2773)  loss_vfl_dn_5: 0.2862 (0.2774)  loss_vfl_dn_pre: 0.3733 (0.3662)  loss_vfl_enc_0: 0.4005 (0.4102)  loss_vfl_pre: 0.3431 (0.3612)  time: 0.6146  data: 0.0088  max mem: 17742
Epoch: [8/120]  [1900/2360]  eta: 0:04:44  lr: 0.000009  loss: 22.1257 (22.1667)  loss_bbox: 0.0413 (0.0583)  loss_bbox_aux_0: 0.0444 (0.0649)  loss_bbox_aux_1: 0.0429 (0.0593)  loss_bbox_aux_2: 0.0414 (0.0583)  loss_bbox_aux_3: 0.0413 (0.0583)  loss_bbox_aux_4: 0.0413 (0.0583)  loss_bbox_dn_0: 0.0581 (0.0742)  loss_bbox_dn_1: 0.0382 (0.0518)  loss_bbox_dn_2: 0.0349 (0.0496)  loss_bbox_dn_3: 0.0348 (0.0495)  loss_bbox_dn_4: 0.0347 (0.0494)  loss_bbox_dn_5: 0.0346 (0.0494)  loss_bbox_dn_pre: 0.0682 (0.0781)  loss_bbox_enc_0: 0.0801 (0.0988)  loss_bbox_pre: 0.0454 (0.0648)  loss_ddf_aux_0: 0.0449 (0.0552)  loss_ddf_aux_1: 0.0125 (0.0156)  loss_ddf_aux_2: 0.0013 (0.0013)  loss_ddf_aux_3: 0.0000 (0.0000)  loss_ddf_aux_4: -0.0000 (0.0000)  loss_ddf_dn_0: 0.4198 (0.4779)  loss_ddf_dn_1: 0.0427 (0.0325)  loss_ddf_dn_2: 0.0152 (0.0068)  loss_ddf_dn_3: 0.0005 (0.0008)  loss_ddf_dn_4: 0.0000 (0.0000)  loss_ddf_dn_5: 0.0000 (0.0000)  loss_fgl: 0.9997 (1.0029)  loss_fgl_aux_0: 1.0347 (1.0330)  loss_fgl_aux_1: 1.0004 (1.0059)  loss_fgl_aux_2: 1.0002 (1.0028)  loss_fgl_aux_3: 1.0000 (1.0029)  loss_fgl_aux_4: 0.9998 (1.0029)  loss_fgl_dn_0: 1.1006 (1.1018)  loss_fgl_dn_1: 0.9849 (0.9709)  loss_fgl_dn_2: 0.9787 (0.9629)  loss_fgl_dn_3: 0.9789 (0.9630)  loss_fgl_dn_4: 0.9789 (0.9631)  loss_fgl_dn_5: 0.9789 (0.9631)  loss_giou: 0.2528 (0.2637)  loss_giou_aux_0: 0.2746 (0.2765)  loss_giou_aux_1: 0.2558 (0.2656)  loss_giou_aux_2: 0.2528 (0.2637)  loss_giou_aux_3: 0.2528 (0.2637)  loss_giou_aux_4: 0.2528 (0.2637)  loss_giou_dn_0: 0.2813 (0.2772)  loss_giou_dn_1: 0.2125 (0.2107)  loss_giou_dn_2: 0.2118 (0.2066)  loss_giou_dn_3: 0.2121 (0.2066)  loss_giou_dn_4: 0.2121 (0.2066)  loss_giou_dn_5: 0.2120 (0.2066)  loss_giou_dn_pre: 0.2804 (0.2775)  loss_giou_enc_0: 0.3533 (0.3613)  loss_giou_pre: 0.2737 (0.2758)  loss_vfl: 0.3049 (0.3148)  loss_vfl_aux_0: 0.3558 (0.3613)  loss_vfl_aux_1: 0.3291 (0.3297)  loss_vfl_aux_2: 0.3134 (0.3198)  loss_vfl_aux_3: 0.3042 (0.3159)  loss_vfl_aux_4: 0.3046 (0.3148)  loss_vfl_dn_0: 0.3702 (0.3653)  loss_vfl_dn_1: 0.2922 (0.2833)  loss_vfl_dn_2: 0.2864 (0.2781)  loss_vfl_dn_3: 0.2843 (0.2774)  loss_vfl_dn_4: 0.2844 (0.2773)  loss_vfl_dn_5: 0.2839 (0.2774)  loss_vfl_dn_pre: 0.3711 (0.3663)  loss_vfl_enc_0: 0.4035 (0.4101)  loss_vfl_pre: 0.3542 (0.3613)  time: 0.6324  data: 0.0090  max mem: 17742
Epoch: [8/120]  [2000/2360]  eta: 0:03:42  lr: 0.000009  loss: 21.7029 (22.1657)  loss_bbox: 0.0624 (0.0583)  loss_bbox_aux_0: 0.0619 (0.0648)  loss_bbox_aux_1: 0.0662 (0.0593)  loss_bbox_aux_2: 0.0625 (0.0583)  loss_bbox_aux_3: 0.0624 (0.0583)  loss_bbox_aux_4: 0.0624 (0.0583)  loss_bbox_dn_0: 0.0811 (0.0741)  loss_bbox_dn_1: 0.0549 (0.0518)  loss_bbox_dn_2: 0.0504 (0.0496)  loss_bbox_dn_3: 0.0502 (0.0495)  loss_bbox_dn_4: 0.0500 (0.0495)  loss_bbox_dn_5: 0.0500 (0.0495)  loss_bbox_dn_pre: 0.0863 (0.0781)  loss_bbox_enc_0: 0.0999 (0.0986)  loss_bbox_pre: 0.0623 (0.0647)  loss_ddf_aux_0: 0.0393 (0.0549)  loss_ddf_aux_1: 0.0116 (0.0156)  loss_ddf_aux_2: 0.0012 (0.0013)  loss_ddf_aux_3: 0.0000 (0.0000)  loss_ddf_aux_4: 0.0000 (0.0000)  loss_ddf_dn_0: 0.3715 (0.4803)  loss_ddf_dn_1: 0.0309 (0.0330)  loss_ddf_dn_2: 0.0084 (0.0071)  loss_ddf_dn_3: 0.0003 (0.0008)  loss_ddf_dn_4: 0.0000 (0.0000)  loss_ddf_dn_5: 0.0000 (0.0000)  loss_fgl: 0.9957 (1.0028)  loss_fgl_aux_0: 1.0244 (1.0328)  loss_fgl_aux_1: 1.0072 (1.0057)  loss_fgl_aux_2: 0.9962 (1.0026)  loss_fgl_aux_3: 0.9958 (1.0027)  loss_fgl_aux_4: 0.9958 (1.0028)  loss_fgl_dn_0: 1.0963 (1.1017)  loss_fgl_dn_1: 0.9672 (0.9709)  loss_fgl_dn_2: 0.9633 (0.9628)  loss_fgl_dn_3: 0.9633 (0.9630)  loss_fgl_dn_4: 0.9633 (0.9630)  loss_fgl_dn_5: 0.9634 (0.9631)  loss_giou: 0.2398 (0.2637)  loss_giou_aux_0: 0.2540 (0.2764)  loss_giou_aux_1: 0.2414 (0.2656)  loss_giou_aux_2: 0.2397 (0.2637)  loss_giou_aux_3: 0.2398 (0.2637)  loss_giou_aux_4: 0.2398 (0.2637)  loss_giou_dn_0: 0.2628 (0.2770)  loss_giou_dn_1: 0.2047 (0.2106)  loss_giou_dn_2: 0.2007 (0.2066)  loss_giou_dn_3: 0.2006 (0.2066)  loss_giou_dn_4: 0.2003 (0.2065)  loss_giou_dn_5: 0.2003 (0.2065)  loss_giou_dn_pre: 0.2626 (0.2774)  loss_giou_enc_0: 0.3336 (0.3614)  loss_giou_pre: 0.2527 (0.2757)  loss_vfl: 0.3012 (0.3149)  loss_vfl_aux_0: 0.3454 (0.3608)  loss_vfl_aux_1: 0.3175 (0.3295)  loss_vfl_aux_2: 0.3044 (0.3198)  loss_vfl_aux_3: 0.3024 (0.3158)  loss_vfl_aux_4: 0.3035 (0.3148)  loss_vfl_dn_0: 0.3603 (0.3652)  loss_vfl_dn_1: 0.2801 (0.2833)  loss_vfl_dn_2: 0.2773 (0.2781)  loss_vfl_dn_3: 0.2744 (0.2773)  loss_vfl_dn_4: 0.2740 (0.2772)  loss_vfl_dn_5: 0.2736 (0.2773)  loss_vfl_dn_pre: 0.3611 (0.3662)  loss_vfl_enc_0: 0.3969 (0.4100)  loss_vfl_pre: 0.3440 (0.3607)  time: 0.6242  data: 0.0089  max mem: 17742
Epoch: [8/120]  [2100/2360]  eta: 0:02:40  lr: 0.000009  loss: 21.9290 (22.1586)  loss_bbox: 0.0488 (0.0582)  loss_bbox_aux_0: 0.0563 (0.0646)  loss_bbox_aux_1: 0.0500 (0.0593)  loss_bbox_aux_2: 0.0488 (0.0582)  loss_bbox_aux_3: 0.0489 (0.0582)  loss_bbox_aux_4: 0.0489 (0.0582)  loss_bbox_dn_0: 0.0653 (0.0740)  loss_bbox_dn_1: 0.0440 (0.0518)  loss_bbox_dn_2: 0.0427 (0.0496)  loss_bbox_dn_3: 0.0427 (0.0495)  loss_bbox_dn_4: 0.0428 (0.0495)  loss_bbox_dn_5: 0.0428 (0.0495)  loss_bbox_dn_pre: 0.0723 (0.0780)  loss_bbox_enc_0: 0.1002 (0.0984)  loss_bbox_pre: 0.0594 (0.0645)  loss_ddf_aux_0: 0.0448 (0.0544)  loss_ddf_aux_1: 0.0159 (0.0155)  loss_ddf_aux_2: 0.0017 (0.0013)  loss_ddf_aux_3: 0.0000 (0.0000)  loss_ddf_aux_4: -0.0000 (0.0000)  loss_ddf_dn_0: 0.4337 (0.4786)  loss_ddf_dn_1: 0.0437 (0.0333)  loss_ddf_dn_2: 0.0120 (0.0073)  loss_ddf_dn_3: 0.0006 (0.0008)  loss_ddf_dn_4: 0.0000 (0.0000)  loss_ddf_dn_5: 0.0000 (0.0000)  loss_fgl: 1.0019 (1.0029)  loss_fgl_aux_0: 1.0400 (1.0328)  loss_fgl_aux_1: 1.0034 (1.0058)  loss_fgl_aux_2: 1.0019 (1.0028)  loss_fgl_aux_3: 1.0018 (1.0029)  loss_fgl_aux_4: 1.0018 (1.0029)  loss_fgl_dn_0: 1.0998 (1.1016)  loss_fgl_dn_1: 0.9635 (0.9707)  loss_fgl_dn_2: 0.9544 (0.9627)  loss_fgl_dn_3: 0.9545 (0.9628)  loss_fgl_dn_4: 0.9546 (0.9629)  loss_fgl_dn_5: 0.9546 (0.9629)  loss_giou: 0.2569 (0.2635)  loss_giou_aux_0: 0.2643 (0.2761)  loss_giou_aux_1: 0.2571 (0.2654)  loss_giou_aux_2: 0.2568 (0.2635)  loss_giou_aux_3: 0.2568 (0.2635)  loss_giou_aux_4: 0.2569 (0.2635)  loss_giou_dn_0: 0.2690 (0.2768)  loss_giou_dn_1: 0.2091 (0.2105)  loss_giou_dn_2: 0.2031 (0.2065)  loss_giou_dn_3: 0.2030 (0.2064)  loss_giou_dn_4: 0.2030 (0.2064)  loss_giou_dn_5: 0.2031 (0.2064)  loss_giou_dn_pre: 0.2715 (0.2771)  loss_giou_enc_0: 0.3551 (0.3613)  loss_giou_pre: 0.2663 (0.2754)  loss_vfl: 0.3129 (0.3149)  loss_vfl_aux_0: 0.3327 (0.3606)  loss_vfl_aux_1: 0.3135 (0.3294)  loss_vfl_aux_2: 0.3077 (0.3197)  loss_vfl_aux_3: 0.3142 (0.3159)  loss_vfl_aux_4: 0.3114 (0.3149)  loss_vfl_dn_0: 0.3620 (0.3651)  loss_vfl_dn_1: 0.2830 (0.2833)  loss_vfl_dn_2: 0.2752 (0.2781)  loss_vfl_dn_3: 0.2743 (0.2773)  loss_vfl_dn_4: 0.2747 (0.2772)  loss_vfl_dn_5: 0.2742 (0.2773)  loss_vfl_dn_pre: 0.3629 (0.3661)  loss_vfl_enc_0: 0.4045 (0.4100)  loss_vfl_pre: 0.3341 (0.3604)  time: 0.6122  data: 0.0089  max mem: 17742
Epoch: [8/120]  [2200/2360]  eta: 0:01:39  lr: 0.000009  loss: 21.6293 (22.1459)  loss_bbox: 0.0466 (0.0581)  loss_bbox_aux_0: 0.0477 (0.0644)  loss_bbox_aux_1: 0.0480 (0.0591)  loss_bbox_aux_2: 0.0471 (0.0581)  loss_bbox_aux_3: 0.0467 (0.0581)  loss_bbox_aux_4: 0.0467 (0.0581)  loss_bbox_dn_0: 0.0621 (0.0740)  loss_bbox_dn_1: 0.0397 (0.0517)  loss_bbox_dn_2: 0.0386 (0.0495)  loss_bbox_dn_3: 0.0386 (0.0495)  loss_bbox_dn_4: 0.0386 (0.0494)  loss_bbox_dn_5: 0.0386 (0.0494)  loss_bbox_dn_pre: 0.0661 (0.0779)  loss_bbox_enc_0: 0.0742 (0.0982)  loss_bbox_pre: 0.0479 (0.0644)  loss_ddf_aux_0: 0.0633 (0.0545)  loss_ddf_aux_1: 0.0274 (0.0158)  loss_ddf_aux_2: 0.0045 (0.0014)  loss_ddf_aux_3: 0.0000 (0.0000)  loss_ddf_aux_4: 0.0000 (0.0000)  loss_ddf_dn_0: 0.4537 (0.4799)  loss_ddf_dn_1: 0.0450 (0.0340)  loss_ddf_dn_2: 0.0103 (0.0075)  loss_ddf_dn_3: 0.0006 (0.0008)  loss_ddf_dn_4: 0.0000 (0.0000)  loss_ddf_dn_5: 0.0000 (0.0000)  loss_fgl: 0.9952 (1.0026)  loss_fgl_aux_0: 1.0136 (1.0324)  loss_fgl_aux_1: 0.9980 (1.0055)  loss_fgl_aux_2: 0.9952 (1.0024)  loss_fgl_aux_3: 0.9953 (1.0025)  loss_fgl_aux_4: 0.9952 (1.0026)  loss_fgl_dn_0: 1.0960 (1.1011)  loss_fgl_dn_1: 0.9540 (0.9703)  loss_fgl_dn_2: 0.9421 (0.9623)  loss_fgl_dn_3: 0.9420 (0.9624)  loss_fgl_dn_4: 0.9420 (0.9625)  loss_fgl_dn_5: 0.9420 (0.9625)  loss_giou: 0.2424 (0.2632)  loss_giou_aux_0: 0.2454 (0.2757)  loss_giou_aux_1: 0.2406 (0.2650)  loss_giou_aux_2: 0.2427 (0.2632)  loss_giou_aux_3: 0.2426 (0.2632)  loss_giou_aux_4: 0.2424 (0.2632)  loss_giou_dn_0: 0.2533 (0.2765)  loss_giou_dn_1: 0.1978 (0.2103)  loss_giou_dn_2: 0.1942 (0.2063)  loss_giou_dn_3: 0.1944 (0.2062)  loss_giou_dn_4: 0.1943 (0.2062)  loss_giou_dn_5: 0.1943 (0.2062)  loss_giou_dn_pre: 0.2539 (0.2768)  loss_giou_enc_0: 0.3325 (0.3609)  loss_giou_pre: 0.2455 (0.2751)  loss_vfl: 0.2952 (0.3145)  loss_vfl_aux_0: 0.3346 (0.3600)  loss_vfl_aux_1: 0.3108 (0.3289)  loss_vfl_aux_2: 0.2926 (0.3192)  loss_vfl_aux_3: 0.2932 (0.3154)  loss_vfl_aux_4: 0.2956 (0.3144)  loss_vfl_dn_0: 0.3542 (0.3649)  loss_vfl_dn_1: 0.2764 (0.2831)  loss_vfl_dn_2: 0.2718 (0.2780)  loss_vfl_dn_3: 0.2697 (0.2772)  loss_vfl_dn_4: 0.2698 (0.2771)  loss_vfl_dn_5: 0.2698 (0.2772)  loss_vfl_dn_pre: 0.3542 (0.3659)  loss_vfl_enc_0: 0.3735 (0.4094)  loss_vfl_pre: 0.3348 (0.3599)  time: 0.6384  data: 0.0084  max mem: 17742
Epoch: [8/120]  [2300/2360]  eta: 0:00:37  lr: 0.000009  loss: 21.7734 (22.1525)  loss_bbox: 0.0569 (0.0584)  loss_bbox_aux_0: 0.0644 (0.0646)  loss_bbox_aux_1: 0.0596 (0.0594)  loss_bbox_aux_2: 0.0568 (0.0583)  loss_bbox_aux_3: 0.0569 (0.0584)  loss_bbox_aux_4: 0.0569 (0.0584)  loss_bbox_dn_0: 0.0741 (0.0741)  loss_bbox_dn_1: 0.0499 (0.0518)  loss_bbox_dn_2: 0.0481 (0.0497)  loss_bbox_dn_3: 0.0481 (0.0496)  loss_bbox_dn_4: 0.0480 (0.0496)  loss_bbox_dn_5: 0.0480 (0.0496)  loss_bbox_dn_pre: 0.0773 (0.0780)  loss_bbox_enc_0: 0.1030 (0.0985)  loss_bbox_pre: 0.0663 (0.0645)  loss_ddf_aux_0: 0.0578 (0.0549)  loss_ddf_aux_1: 0.0208 (0.0161)  loss_ddf_aux_2: 0.0038 (0.0015)  loss_ddf_aux_3: 0.0000 (0.0000)  loss_ddf_aux_4: 0.0000 (0.0000)  loss_ddf_dn_0: 0.4633 (0.4783)  loss_ddf_dn_1: 0.0405 (0.0342)  loss_ddf_dn_2: 0.0097 (0.0076)  loss_ddf_dn_3: 0.0004 (0.0008)  loss_ddf_dn_4: 0.0000 (0.0000)  loss_ddf_dn_5: 0.0000 (0.0000)  loss_fgl: 0.9747 (1.0027)  loss_fgl_aux_0: 1.0171 (1.0325)  loss_fgl_aux_1: 0.9806 (1.0056)  loss_fgl_aux_2: 0.9745 (1.0026)  loss_fgl_aux_3: 0.9747 (1.0026)  loss_fgl_aux_4: 0.9747 (1.0026)  loss_fgl_dn_0: 1.0953 (1.1010)  loss_fgl_dn_1: 0.9415 (0.9704)  loss_fgl_dn_2: 0.9286 (0.9624)  loss_fgl_dn_3: 0.9286 (0.9625)  loss_fgl_dn_4: 0.9286 (0.9626)  loss_fgl_dn_5: 0.9287 (0.9626)  loss_giou: 0.2463 (0.2633)  loss_giou_aux_0: 0.2535 (0.2759)  loss_giou_aux_1: 0.2494 (0.2652)  loss_giou_aux_2: 0.2464 (0.2634)  loss_giou_aux_3: 0.2464 (0.2633)  loss_giou_aux_4: 0.2463 (0.2633)  loss_giou_dn_0: 0.2659 (0.2765)  loss_giou_dn_1: 0.1965 (0.2103)  loss_giou_dn_2: 0.1920 (0.2063)  loss_giou_dn_3: 0.1920 (0.2063)  loss_giou_dn_4: 0.1920 (0.2062)  loss_giou_dn_5: 0.1921 (0.2063)  loss_giou_dn_pre: 0.2664 (0.2769)  loss_giou_enc_0: 0.3523 (0.3610)  loss_giou_pre: 0.2596 (0.2752)  loss_vfl: 0.3048 (0.3145)  loss_vfl_aux_0: 0.3617 (0.3604)  loss_vfl_aux_1: 0.3134 (0.3290)  loss_vfl_aux_2: 0.3089 (0.3192)  loss_vfl_aux_3: 0.3052 (0.3154)  loss_vfl_aux_4: 0.3046 (0.3144)  loss_vfl_dn_0: 0.3627 (0.3650)  loss_vfl_dn_1: 0.2795 (0.2832)  loss_vfl_dn_2: 0.2730 (0.2780)  loss_vfl_dn_3: 0.2712 (0.2773)  loss_vfl_dn_4: 0.2707 (0.2772)  loss_vfl_dn_5: 0.2711 (0.2773)  loss_vfl_dn_pre: 0.3630 (0.3660)  loss_vfl_enc_0: 0.4272 (0.4100)  loss_vfl_pre: 0.3577 (0.3602)  time: 0.6436  data: 0.0088  max mem: 17742
Epoch: [8/120]  [2359/2360]  eta: 0:00:00  lr: 0.000009  loss: 21.7372 (22.1611)  loss_bbox: 0.0477 (0.0585)  loss_bbox_aux_0: 0.0503 (0.0648)  loss_bbox_aux_1: 0.0467 (0.0595)  loss_bbox_aux_2: 0.0477 (0.0585)  loss_bbox_aux_3: 0.0477 (0.0585)  loss_bbox_aux_4: 0.0477 (0.0585)  loss_bbox_dn_0: 0.0734 (0.0742)  loss_bbox_dn_1: 0.0461 (0.0519)  loss_bbox_dn_2: 0.0449 (0.0497)  loss_bbox_dn_3: 0.0448 (0.0497)  loss_bbox_dn_4: 0.0448 (0.0496)  loss_bbox_dn_5: 0.0448 (0.0496)  loss_bbox_dn_pre: 0.0756 (0.0781)  loss_bbox_enc_0: 0.1268 (0.0990)  loss_bbox_pre: 0.0477 (0.0647)  loss_ddf_aux_0: 0.0488 (0.0549)  loss_ddf_aux_1: 0.0180 (0.0162)  loss_ddf_aux_2: 0.0026 (0.0015)  loss_ddf_aux_3: 0.0000 (0.0000)  loss_ddf_aux_4: -0.0000 (0.0000)  loss_ddf_dn_0: 0.4273 (0.4793)  loss_ddf_dn_1: 0.0420 (0.0346)  loss_ddf_dn_2: 0.0089 (0.0077)  loss_ddf_dn_3: 0.0004 (0.0008)  loss_ddf_dn_4: 0.0000 (0.0000)  loss_ddf_dn_5: 0.0000 (0.0000)  loss_fgl: 0.9619 (1.0025)  loss_fgl_aux_0: 1.0011 (1.0324)  loss_fgl_aux_1: 0.9676 (1.0054)  loss_fgl_aux_2: 0.9621 (1.0024)  loss_fgl_aux_3: 0.9621 (1.0024)  loss_fgl_aux_4: 0.9620 (1.0025)  loss_fgl_dn_0: 1.0775 (1.1011)  loss_fgl_dn_1: 0.9448 (0.9705)  loss_fgl_dn_2: 0.9348 (0.9625)  loss_fgl_dn_3: 0.9348 (0.9626)  loss_fgl_dn_4: 0.9348 (0.9627)  loss_fgl_dn_5: 0.9348 (0.9627)  loss_giou: 0.2502 (0.2638)  loss_giou_aux_0: 0.2558 (0.2763)  loss_giou_aux_1: 0.2488 (0.2657)  loss_giou_aux_2: 0.2501 (0.2638)  loss_giou_aux_3: 0.2500 (0.2638)  loss_giou_aux_4: 0.2501 (0.2638)  loss_giou_dn_0: 0.2687 (0.2767)  loss_giou_dn_1: 0.2026 (0.2105)  loss_giou_dn_2: 0.1997 (0.2065)  loss_giou_dn_3: 0.1997 (0.2065)  loss_giou_dn_4: 0.1996 (0.2064)  loss_giou_dn_5: 0.1996 (0.2064)  loss_giou_dn_pre: 0.2698 (0.2770)  loss_giou_enc_0: 0.3490 (0.3614)  loss_giou_pre: 0.2582 (0.2756)  loss_vfl: 0.2930 (0.3144)  loss_vfl_aux_0: 0.3468 (0.3605)  loss_vfl_aux_1: 0.3007 (0.3290)  loss_vfl_aux_2: 0.2944 (0.3192)  loss_vfl_aux_3: 0.2943 (0.3154)  loss_vfl_aux_4: 0.2921 (0.3144)  loss_vfl_dn_0: 0.3569 (0.3650)  loss_vfl_dn_1: 0.2743 (0.2832)  loss_vfl_dn_2: 0.2686 (0.2781)  loss_vfl_dn_3: 0.2681 (0.2773)  loss_vfl_dn_4: 0.2679 (0.2772)  loss_vfl_dn_5: 0.2679 (0.2773)  loss_vfl_dn_pre: 0.3571 (0.3659)  loss_vfl_enc_0: 0.3873 (0.4104)  loss_vfl_pre: 0.3449 (0.3604)  time: 0.6449  data: 0.0084  max mem: 17742
Epoch: [8/120] Total time: 0:24:22 (0.6198 s / it)
Averaged stats: lr: 0.000009  loss: 21.7372 (22.1611)  loss_bbox: 0.0477 (0.0585)  loss_bbox_aux_0: 0.0503 (0.0648)  loss_bbox_aux_1: 0.0467 (0.0595)  loss_bbox_aux_2: 0.0477 (0.0585)  loss_bbox_aux_3: 0.0477 (0.0585)  loss_bbox_aux_4: 0.0477 (0.0585)  loss_bbox_dn_0: 0.0734 (0.0742)  loss_bbox_dn_1: 0.0461 (0.0519)  loss_bbox_dn_2: 0.0449 (0.0497)  loss_bbox_dn_3: 0.0448 (0.0497)  loss_bbox_dn_4: 0.0448 (0.0496)  loss_bbox_dn_5: 0.0448 (0.0496)  loss_bbox_dn_pre: 0.0756 (0.0781)  loss_bbox_enc_0: 0.1268 (0.0990)  loss_bbox_pre: 0.0477 (0.0647)  loss_ddf_aux_0: 0.0488 (0.0549)  loss_ddf_aux_1: 0.0180 (0.0162)  loss_ddf_aux_2: 0.0026 (0.0015)  loss_ddf_aux_3: 0.0000 (0.0000)  loss_ddf_aux_4: -0.0000 (0.0000)  loss_ddf_dn_0: 0.4273 (0.4793)  loss_ddf_dn_1: 0.0420 (0.0346)  loss_ddf_dn_2: 0.0089 (0.0077)  loss_ddf_dn_3: 0.0004 (0.0008)  loss_ddf_dn_4: 0.0000 (0.0000)  loss_ddf_dn_5: 0.0000 (0.0000)  loss_fgl: 0.9619 (1.0025)  loss_fgl_aux_0: 1.0011 (1.0324)  loss_fgl_aux_1: 0.9676 (1.0054)  loss_fgl_aux_2: 0.9621 (1.0024)  loss_fgl_aux_3: 0.9621 (1.0024)  loss_fgl_aux_4: 0.9620 (1.0025)  loss_fgl_dn_0: 1.0775 (1.1011)  loss_fgl_dn_1: 0.9448 (0.9705)  loss_fgl_dn_2: 0.9348 (0.9625)  loss_fgl_dn_3: 0.9348 (0.9626)  loss_fgl_dn_4: 0.9348 (0.9627)  loss_fgl_dn_5: 0.9348 (0.9627)  loss_giou: 0.2502 (0.2638)  loss_giou_aux_0: 0.2558 (0.2763)  loss_giou_aux_1: 0.2488 (0.2657)  loss_giou_aux_2: 0.2501 (0.2638)  loss_giou_aux_3: 0.2500 (0.2638)  loss_giou_aux_4: 0.2501 (0.2638)  loss_giou_dn_0: 0.2687 (0.2767)  loss_giou_dn_1: 0.2026 (0.2105)  loss_giou_dn_2: 0.1997 (0.2065)  loss_giou_dn_3: 0.1997 (0.2065)  loss_giou_dn_4: 0.1996 (0.2064)  loss_giou_dn_5: 0.1996 (0.2064)  loss_giou_dn_pre: 0.2698 (0.2770)  loss_giou_enc_0: 0.3490 (0.3614)  loss_giou_pre: 0.2582 (0.2756)  loss_vfl: 0.2930 (0.3144)  loss_vfl_aux_0: 0.3468 (0.3605)  loss_vfl_aux_1: 0.3007 (0.3290)  loss_vfl_aux_2: 0.2944 (0.3192)  loss_vfl_aux_3: 0.2943 (0.3154)  loss_vfl_aux_4: 0.2921 (0.3144)  loss_vfl_dn_0: 0.3569 (0.3650)  loss_vfl_dn_1: 0.2743 (0.2832)  loss_vfl_dn_2: 0.2686 (0.2781)  loss_vfl_dn_3: 0.2681 (0.2773)  loss_vfl_dn_4: 0.2679 (0.2772)  loss_vfl_dn_5: 0.2679 (0.2773)  loss_vfl_dn_pre: 0.3571 (0.3659)  loss_vfl_enc_0: 0.3873 (0.4104)  loss_vfl_pre: 0.3449 (0.3604)
Test:  [  0/109]  eta: 0:01:54    time: 1.0486  data: 0.8748  max mem: 17742
Test:  [ 10/109]  eta: 0:00:28    time: 0.2888  data: 0.0895  max mem: 17742
Test:  [ 20/109]  eta: 0:00:20    time: 0.1934  data: 0.0109  max mem: 17742
Test:  [ 30/109]  eta: 0:00:17    time: 0.1904  data: 0.0113  max mem: 17742
Test:  [ 40/109]  eta: 0:00:15    time: 0.2107  data: 0.0109  max mem: 17742
Test:  [ 50/109]  eta: 0:00:12    time: 0.1939  data: 0.0103  max mem: 17742
Test:  [ 60/109]  eta: 0:00:10    time: 0.1909  data: 0.0105  max mem: 17742
Test:  [ 70/109]  eta: 0:00:08    time: 0.2217  data: 0.0111  max mem: 17742
Test:  [ 80/109]  eta: 0:00:06    time: 0.2140  data: 0.0117  max mem: 17742
Test:  [ 90/109]  eta: 0:00:04    time: 0.2041  data: 0.0109  max mem: 17742
Test:  [100/109]  eta: 0:00:01    time: 0.1894  data: 0.0103  max mem: 17742
Test:  [108/109]  eta: 0:00:00    time: 0.1603  data: 0.0095  max mem: 17742
Test: Total time: 0:00:22 (0.2044 s / it)
Metrics: {'f1': 0.9581881533101044, 'precision': 0.9683098591549296, 'recall': 0.9482758620689655, 'iou': 0.7738678588915031, 'TPs': 825, 'FPs': 27, 'FNs': 45}
Averaged stats: 
Accumulating evaluation results...
COCOeval_opt.accumulate() finished...
DONE (t=0.28s).
IoU metric: bbox
 Average Precision  (AP) @[ IoU=0.50:0.95 | area=   all | maxDets=100 ] = 0.664
 Average Precision  (AP) @[ IoU=0.50      | area=   all | maxDets=100 ] = 0.955
 Average Precision  (AP) @[ IoU=0.75      | area=   all | maxDets=100 ] = 0.759
 Average Precision  (AP) @[ IoU=0.50:0.95 | area= small | maxDets=100 ] = 0.590
 Average Precision  (AP) @[ IoU=0.50:0.95 | area=medium | maxDets=100 ] = 0.753
 Average Precision  (AP) @[ IoU=0.50:0.95 | area= large | maxDets=100 ] = 0.757
 Average Recall     (AR) @[ IoU=0.50:0.95 | area=   all | maxDets=  1 ] = 0.684
 Average Recall     (AR) @[ IoU=0.50:0.95 | area=   all | maxDets= 10 ] = 0.710
 Average Recall     (AR) @[ IoU=0.50:0.95 | area=   all | maxDets=100 ] = 0.745
 Average Recall     (AR) @[ IoU=0.50:0.95 | area= small | maxDets=100 ] = 0.663
 Average Recall     (AR) @[ IoU=0.50:0.95 | area=medium | maxDets=100 ] = 0.823
 Average Recall     (AR) @[ IoU=0.50:0.95 | area= large | maxDets=100 ] = 0.879
 Average Recall     (AR) @[ IoU=0.50      | area=   all | maxDets=100 ] = 0.977
 Average Recall     (AR) @[ IoU=0.75      | area=   all | maxDets=100 ] = 0.842
best_stat: {'epoch': 8, 'coco_eval_bbox': 0.6644066236377352}
Epoch: [9/120]  [   0/2360]  eta: 2:27:39  lr: 0.000009  loss: 20.5296 (20.5296)  loss_bbox: 0.0680 (0.0680)  loss_bbox_aux_0: 0.0842 (0.0842)  loss_bbox_aux_1: 0.0703 (0.0703)  loss_bbox_aux_2: 0.0680 (0.0680)  loss_bbox_aux_3: 0.0681 (0.0681)  loss_bbox_aux_4: 0.0680 (0.0680)  loss_bbox_dn_0: 0.1107 (0.1107)  loss_bbox_dn_1: 0.0698 (0.0698)  loss_bbox_dn_2: 0.0639 (0.0639)  loss_bbox_dn_3: 0.0633 (0.0633)  loss_bbox_dn_4: 0.0635 (0.0635)  loss_bbox_dn_5: 0.0635 (0.0635)  loss_bbox_dn_pre: 0.1148 (0.1148)  loss_bbox_enc_0: 0.1933 (0.1933)  loss_bbox_pre: 0.0873 (0.0873)  loss_ddf_aux_0: 0.0522 (0.0522)  loss_ddf_aux_1: 0.0180 (0.0180)  loss_ddf_aux_2: 0.0024 (0.0024)  loss_ddf_aux_3: 0.0000 (0.0000)  loss_ddf_aux_4: 0.0001 (0.0001)  loss_ddf_dn_0: 0.4592 (0.4592)  loss_ddf_dn_1: 0.0472 (0.0472)  loss_ddf_dn_2: 0.0107 (0.0107)  loss_ddf_dn_3: 0.0007 (0.0007)  loss_ddf_dn_4: 0.0000 (0.0000)  loss_ddf_dn_5: 0.0000 (0.0000)  loss_fgl: 0.9137 (0.9137)  loss_fgl_aux_0: 0.9513 (0.9513)  loss_fgl_aux_1: 0.9276 (0.9276)  loss_fgl_aux_2: 0.9136 (0.9136)  loss_fgl_aux_3: 0.9137 (0.9137)  loss_fgl_aux_4: 0.9138 (0.9138)  loss_fgl_dn_0: 1.0625 (1.0625)  loss_fgl_dn_1: 0.9061 (0.9061)  loss_fgl_dn_2: 0.8849 (0.8849)  loss_fgl_dn_3: 0.8856 (0.8856)  loss_fgl_dn_4: 0.8856 (0.8856)  loss_fgl_dn_5: 0.8856 (0.8856)  loss_giou: 0.2071 (0.2071)  loss_giou_aux_0: 0.2152 (0.2152)  loss_giou_aux_1: 0.2087 (0.2087)  loss_giou_aux_2: 0.2072 (0.2072)  loss_giou_aux_3: 0.2072 (0.2072)  loss_giou_aux_4: 0.2072 (0.2072)  loss_giou_dn_0: 0.2425 (0.2425)  loss_giou_dn_1: 0.1877 (0.1877)  loss_giou_dn_2: 0.1812 (0.1812)  loss_giou_dn_3: 0.1803 (0.1803)  loss_giou_dn_4: 0.1803 (0.1803)  loss_giou_dn_5: 0.1802 (0.1802)  loss_giou_dn_pre: 0.2429 (0.2429)  loss_giou_enc_0: 0.2880 (0.2880)  loss_giou_pre: 0.2186 (0.2186)  loss_vfl: 0.2661 (0.2661)  loss_vfl_aux_0: 0.3158 (0.3158)  loss_vfl_aux_1: 0.3030 (0.3030)  loss_vfl_aux_2: 0.2837 (0.2837)  loss_vfl_aux_3: 0.2941 (0.2941)  loss_vfl_aux_4: 0.2643 (0.2643)  loss_vfl_dn_0: 0.3654 (0.3654)  loss_vfl_dn_1: 0.2707 (0.2707)  loss_vfl_dn_2: 0.2575 (0.2575)  loss_vfl_dn_3: 0.2508 (0.2508)  loss_vfl_dn_4: 0.2517 (0.2517)  loss_vfl_dn_5: 0.2507 (0.2507)  loss_vfl_dn_pre: 0.3664 (0.3664)  loss_vfl_enc_0: 0.4315 (0.4315)  loss_vfl_pre: 0.3126 (0.3126)  time: 3.7540  data: 1.3414  max mem: 17742
Epoch: [9/120]  [ 100/2360]  eta: 0:23:58  lr: 0.000009  loss: 21.5911 (22.0812)  loss_bbox: 0.0502 (0.0630)  loss_bbox_aux_0: 0.0546 (0.0680)  loss_bbox_aux_1: 0.0527 (0.0637)  loss_bbox_aux_2: 0.0502 (0.0630)  loss_bbox_aux_3: 0.0502 (0.0631)  loss_bbox_aux_4: 0.0502 (0.0630)  loss_bbox_dn_0: 0.0680 (0.0767)  loss_bbox_dn_1: 0.0454 (0.0548)  loss_bbox_dn_2: 0.0444 (0.0527)  loss_bbox_dn_3: 0.0443 (0.0526)  loss_bbox_dn_4: 0.0443 (0.0526)  loss_bbox_dn_5: 0.0443 (0.0526)  loss_bbox_dn_pre: 0.0699 (0.0803)  loss_bbox_enc_0: 0.0824 (0.1042)  loss_bbox_pre: 0.0534 (0.0679)  loss_ddf_aux_0: 0.0549 (0.0555)  loss_ddf_aux_1: 0.0208 (0.0195)  loss_ddf_aux_2: 0.0032 (0.0029)  loss_ddf_aux_3: 0.0000 (0.0000)  loss_ddf_aux_4: 0.0000 (0.0000)  loss_ddf_dn_0: 0.4306 (0.4713)  loss_ddf_dn_1: 0.0308 (0.0364)  loss_ddf_dn_2: 0.0083 (0.0085)  loss_ddf_dn_3: 0.0004 (0.0004)  loss_ddf_dn_4: 0.0000 (0.0000)  loss_ddf_dn_5: 0.0000 (0.0000)  loss_fgl: 0.9945 (0.9947)  loss_fgl_aux_0: 1.0150 (1.0256)  loss_fgl_aux_1: 0.9916 (0.9973)  loss_fgl_aux_2: 0.9923 (0.9939)  loss_fgl_aux_3: 0.9946 (0.9942)  loss_fgl_aux_4: 0.9945 (0.9947)  loss_fgl_dn_0: 1.0903 (1.0926)  loss_fgl_dn_1: 0.9653 (0.9648)  loss_fgl_dn_2: 0.9610 (0.9573)  loss_fgl_dn_3: 0.9610 (0.9574)  loss_fgl_dn_4: 0.9611 (0.9574)  loss_fgl_dn_5: 0.9611 (0.9575)  loss_giou: 0.2404 (0.2644)  loss_giou_aux_0: 0.2495 (0.2762)  loss_giou_aux_1: 0.2432 (0.2661)  loss_giou_aux_2: 0.2402 (0.2645)  loss_giou_aux_3: 0.2404 (0.2645)  loss_giou_aux_4: 0.2404 (0.2644)  loss_giou_dn_0: 0.2701 (0.2734)  loss_giou_dn_1: 0.2011 (0.2098)  loss_giou_dn_2: 0.1994 (0.2060)  loss_giou_dn_3: 0.1995 (0.2060)  loss_giou_dn_4: 0.1994 (0.2060)  loss_giou_dn_5: 0.1994 (0.2060)  loss_giou_dn_pre: 0.2696 (0.2735)  loss_giou_enc_0: 0.3244 (0.3539)  loss_giou_pre: 0.2504 (0.2756)  loss_vfl: 0.3083 (0.3127)  loss_vfl_aux_0: 0.3566 (0.3560)  loss_vfl_aux_1: 0.3282 (0.3286)  loss_vfl_aux_2: 0.3094 (0.3183)  loss_vfl_aux_3: 0.3076 (0.3136)  loss_vfl_aux_4: 0.3078 (0.3119)  loss_vfl_dn_0: 0.3549 (0.3614)  loss_vfl_dn_1: 0.2785 (0.2808)  loss_vfl_dn_2: 0.2747 (0.2759)  loss_vfl_dn_3: 0.2749 (0.2753)  loss_vfl_dn_4: 0.2747 (0.2752)  loss_vfl_dn_5: 0.2749 (0.2754)  loss_vfl_dn_pre: 0.3580 (0.3625)  loss_vfl_enc_0: 0.3873 (0.4077)  loss_vfl_pre: 0.3540 (0.3554)  time: 0.6144  data: 0.0084  max mem: 17742
Epoch: [9/120]  [ 200/2360]  eta: 0:22:44  lr: 0.000009  loss: 21.6998 (22.0607)  loss_bbox: 0.0619 (0.0608)  loss_bbox_aux_0: 0.0647 (0.0661)  loss_bbox_aux_1: 0.0639 (0.0616)  loss_bbox_aux_2: 0.0621 (0.0607)  loss_bbox_aux_3: 0.0620 (0.0608)  loss_bbox_aux_4: 0.0620 (0.0608)  loss_bbox_dn_0: 0.0701 (0.0756)  loss_bbox_dn_1: 0.0499 (0.0536)  loss_bbox_dn_2: 0.0509 (0.0514)  loss_bbox_dn_3: 0.0511 (0.0513)  loss_bbox_dn_4: 0.0499 (0.0513)  loss_bbox_dn_5: 0.0499 (0.0513)  loss_bbox_dn_pre: 0.0708 (0.0792)  loss_bbox_enc_0: 0.0843 (0.1007)  loss_bbox_pre: 0.0652 (0.0659)  loss_ddf_aux_0: 0.0416 (0.0511)  loss_ddf_aux_1: 0.0151 (0.0182)  loss_ddf_aux_2: 0.0017 (0.0025)  loss_ddf_aux_3: 0.0000 (0.0000)  loss_ddf_aux_4: -0.0000 (0.0000)  loss_ddf_dn_0: 0.3554 (0.4404)  loss_ddf_dn_1: 0.0270 (0.0324)  loss_ddf_dn_2: 0.0076 (0.0081)  loss_ddf_dn_3: 0.0005 (0.0004)  loss_ddf_dn_4: 0.0000 (0.0000)  loss_ddf_dn_5: 0.0000 (0.0000)  loss_fgl: 1.0054 (0.9968)  loss_fgl_aux_0: 1.0355 (1.0274)  loss_fgl_aux_1: 1.0135 (0.9998)  loss_fgl_aux_2: 1.0049 (0.9964)  loss_fgl_aux_3: 1.0050 (0.9966)  loss_fgl_aux_4: 1.0052 (0.9968)  loss_fgl_dn_0: 1.0829 (1.0950)  loss_fgl_dn_1: 0.9648 (0.9657)  loss_fgl_dn_2: 0.9576 (0.9582)  loss_fgl_dn_3: 0.9579 (0.9582)  loss_fgl_dn_4: 0.9575 (0.9583)  loss_fgl_dn_5: 0.9576 (0.9583)  loss_giou: 0.2683 (0.2640)  loss_giou_aux_0: 0.2753 (0.2766)  loss_giou_aux_1: 0.2690 (0.2656)  loss_giou_aux_2: 0.2684 (0.2640)  loss_giou_aux_3: 0.2684 (0.2640)  loss_giou_aux_4: 0.2684 (0.2640)  loss_giou_dn_0: 0.2830 (0.2761)  loss_giou_dn_1: 0.2100 (0.2097)  loss_giou_dn_2: 0.2099 (0.2058)  loss_giou_dn_3: 0.2093 (0.2057)  loss_giou_dn_4: 0.2097 (0.2057)  loss_giou_dn_5: 0.2097 (0.2057)  loss_giou_dn_pre: 0.2835 (0.2762)  loss_giou_enc_0: 0.3684 (0.3575)  loss_giou_pre: 0.2748 (0.2757)  loss_vfl: 0.3105 (0.3142)  loss_vfl_aux_0: 0.3474 (0.3580)  loss_vfl_aux_1: 0.3264 (0.3283)  loss_vfl_aux_2: 0.3120 (0.3187)  loss_vfl_aux_3: 0.3140 (0.3151)  loss_vfl_aux_4: 0.3097 (0.3139)  loss_vfl_dn_0: 0.3610 (0.3637)  loss_vfl_dn_1: 0.2838 (0.2824)  loss_vfl_dn_2: 0.2773 (0.2773)  loss_vfl_dn_3: 0.2766 (0.2766)  loss_vfl_dn_4: 0.2761 (0.2765)  loss_vfl_dn_5: 0.2758 (0.2766)  loss_vfl_dn_pre: 0.3626 (0.3648)  loss_vfl_enc_0: 0.3878 (0.4092)  loss_vfl_pre: 0.3456 (0.3576)  time: 0.6174  data: 0.0085  max mem: 17742
Epoch: [9/120]  [ 300/2360]  eta: 0:21:32  lr: 0.000009  loss: 22.1137 (22.1002)  loss_bbox: 0.0450 (0.0611)  loss_bbox_aux_0: 0.0487 (0.0667)  loss_bbox_aux_1: 0.0476 (0.0621)  loss_bbox_aux_2: 0.0449 (0.0611)  loss_bbox_aux_3: 0.0449 (0.0611)  loss_bbox_aux_4: 0.0450 (0.0611)  loss_bbox_dn_0: 0.0645 (0.0771)  loss_bbox_dn_1: 0.0425 (0.0544)  loss_bbox_dn_2: 0.0439 (0.0522)  loss_bbox_dn_3: 0.0439 (0.0521)  loss_bbox_dn_4: 0.0429 (0.0520)  loss_bbox_dn_5: 0.0429 (0.0520)  loss_bbox_dn_pre: 0.0691 (0.0810)  loss_bbox_enc_0: 0.0899 (0.1017)  loss_bbox_pre: 0.0554 (0.0666)  loss_ddf_aux_0: 0.0473 (0.0494)  loss_ddf_aux_1: 0.0183 (0.0179)  loss_ddf_aux_2: 0.0023 (0.0023)  loss_ddf_aux_3: 0.0000 (0.0000)  loss_ddf_aux_4: 0.0000 (0.0000)  loss_ddf_dn_0: 0.3391 (0.4202)  loss_ddf_dn_1: 0.0327 (0.0323)  loss_ddf_dn_2: 0.0121 (0.0087)  loss_ddf_dn_3: 0.0005 (0.0004)  loss_ddf_dn_4: 0.0000 (0.0000)  loss_ddf_dn_5: 0.0000 (0.0000)  loss_fgl: 1.0202 (1.0025)  loss_fgl_aux_0: 1.0566 (1.0325)  loss_fgl_aux_1: 1.0245 (1.0055)  loss_fgl_aux_2: 1.0206 (1.0022)  loss_fgl_aux_3: 1.0203 (1.0023)  loss_fgl_aux_4: 1.0201 (1.0025)  loss_fgl_dn_0: 1.0980 (1.0966)  loss_fgl_dn_1: 0.9854 (0.9664)  loss_fgl_dn_2: 0.9793 (0.9586)  loss_fgl_dn_3: 0.9794 (0.9586)  loss_fgl_dn_4: 0.9795 (0.9586)  loss_fgl_dn_5: 0.9795 (0.9587)  loss_giou: 0.2627 (0.2637)  loss_giou_aux_0: 0.2755 (0.2766)  loss_giou_aux_1: 0.2577 (0.2654)  loss_giou_aux_2: 0.2627 (0.2637)  loss_giou_aux_3: 0.2627 (0.2637)  loss_giou_aux_4: 0.2627 (0.2637)  loss_giou_dn_0: 0.2808 (0.2773)  loss_giou_dn_1: 0.2099 (0.2102)  loss_giou_dn_2: 0.2053 (0.2061)  loss_giou_dn_3: 0.2052 (0.2061)  loss_giou_dn_4: 0.2050 (0.2060)  loss_giou_dn_5: 0.2050 (0.2060)  loss_giou_dn_pre: 0.2802 (0.2776)  loss_giou_enc_0: 0.3539 (0.3597)  loss_giou_pre: 0.2751 (0.2760)  loss_vfl: 0.3219 (0.3147)  loss_vfl_aux_0: 0.3459 (0.3587)  loss_vfl_aux_1: 0.3288 (0.3285)  loss_vfl_aux_2: 0.3169 (0.3194)  loss_vfl_aux_3: 0.3260 (0.3154)  loss_vfl_aux_4: 0.3236 (0.3146)  loss_vfl_dn_0: 0.3632 (0.3646)  loss_vfl_dn_1: 0.2861 (0.2829)  loss_vfl_dn_2: 0.2797 (0.2776)  loss_vfl_dn_3: 0.2788 (0.2769)  loss_vfl_dn_4: 0.2789 (0.2768)  loss_vfl_dn_5: 0.2791 (0.2770)  loss_vfl_dn_pre: 0.3632 (0.3657)  loss_vfl_enc_0: 0.4045 (0.4090)  loss_vfl_pre: 0.3455 (0.3582)  time: 0.6405  data: 0.0085  max mem: 17742
Epoch: [9/120]  [ 400/2360]  eta: 0:20:25  lr: 0.000009  loss: 21.9387 (22.0102)  loss_bbox: 0.0448 (0.0586)  loss_bbox_aux_0: 0.0468 (0.0643)  loss_bbox_aux_1: 0.0450 (0.0596)  loss_bbox_aux_2: 0.0448 (0.0586)  loss_bbox_aux_3: 0.0448 (0.0586)  loss_bbox_aux_4: 0.0448 (0.0586)  loss_bbox_dn_0: 0.0598 (0.0749)  loss_bbox_dn_1: 0.0407 (0.0526)  loss_bbox_dn_2: 0.0383 (0.0505)  loss_bbox_dn_3: 0.0382 (0.0504)  loss_bbox_dn_4: 0.0382 (0.0504)  loss_bbox_dn_5: 0.0382 (0.0504)  loss_bbox_dn_pre: 0.0671 (0.0788)  loss_bbox_enc_0: 0.0729 (0.0982)  loss_bbox_pre: 0.0471 (0.0642)  loss_ddf_aux_0: 0.0670 (0.0509)  loss_ddf_aux_1: 0.0268 (0.0188)  loss_ddf_aux_2: 0.0026 (0.0023)  loss_ddf_aux_3: 0.0000 (0.0000)  loss_ddf_aux_4: 0.0000 (0.0000)  loss_ddf_dn_0: 0.4073 (0.4069)  loss_ddf_dn_1: 0.0592 (0.0341)  loss_ddf_dn_2: 0.0241 (0.0102)  loss_ddf_dn_3: 0.0006 (0.0005)  loss_ddf_dn_4: 0.0000 (0.0000)  loss_ddf_dn_5: 0.0000 (0.0000)  loss_fgl: 0.9985 (1.0018)  loss_fgl_aux_0: 1.0237 (1.0320)  loss_fgl_aux_1: 1.0006 (1.0046)  loss_fgl_aux_2: 0.9985 (1.0015)  loss_fgl_aux_3: 0.9985 (1.0016)  loss_fgl_aux_4: 0.9987 (1.0017)  loss_fgl_dn_0: 1.0810 (1.0943)  loss_fgl_dn_1: 0.9642 (0.9643)  loss_fgl_dn_2: 0.9518 (0.9565)  loss_fgl_dn_3: 0.9521 (0.9565)  loss_fgl_dn_4: 0.9525 (0.9566)  loss_fgl_dn_5: 0.9525 (0.9566)  loss_giou: 0.2671 (0.2623)  loss_giou_aux_0: 0.2781 (0.2753)  loss_giou_aux_1: 0.2705 (0.2640)  loss_giou_aux_2: 0.2674 (0.2622)  loss_giou_aux_3: 0.2671 (0.2623)  loss_giou_aux_4: 0.2671 (0.2623)  loss_giou_dn_0: 0.2731 (0.2753)  loss_giou_dn_1: 0.2072 (0.2088)  loss_giou_dn_2: 0.2025 (0.2049)  loss_giou_dn_3: 0.2024 (0.2048)  loss_giou_dn_4: 0.2024 (0.2047)  loss_giou_dn_5: 0.2024 (0.2047)  loss_giou_dn_pre: 0.2702 (0.2756)  loss_giou_enc_0: 0.3570 (0.3592)  loss_giou_pre: 0.2785 (0.2747)  loss_vfl: 0.3174 (0.3141)  loss_vfl_aux_0: 0.3538 (0.3586)  loss_vfl_aux_1: 0.3238 (0.3273)  loss_vfl_aux_2: 0.3213 (0.3185)  loss_vfl_aux_3: 0.3221 (0.3147)  loss_vfl_aux_4: 0.3180 (0.3139)  loss_vfl_dn_0: 0.3551 (0.3636)  loss_vfl_dn_1: 0.2810 (0.2818)  loss_vfl_dn_2: 0.2768 (0.2767)  loss_vfl_dn_3: 0.2769 (0.2760)  loss_vfl_dn_4: 0.2755 (0.2760)  loss_vfl_dn_5: 0.2751 (0.2761)  loss_vfl_dn_pre: 0.3568 (0.3647)  loss_vfl_enc_0: 0.4269 (0.4084)  loss_vfl_pre: 0.3538 (0.3581)  time: 0.6463  data: 0.0085  max mem: 17742
Epoch: [9/120]  [ 500/2360]  eta: 0:19:18  lr: 0.000009  loss: 22.0018 (22.0307)  loss_bbox: 0.0504 (0.0575)  loss_bbox_aux_0: 0.0578 (0.0631)  loss_bbox_aux_1: 0.0513 (0.0584)  loss_bbox_aux_2: 0.0503 (0.0574)  loss_bbox_aux_3: 0.0504 (0.0574)  loss_bbox_aux_4: 0.0504 (0.0574)  loss_bbox_dn_0: 0.0674 (0.0736)  loss_bbox_dn_1: 0.0494 (0.0516)  loss_bbox_dn_2: 0.0475 (0.0495)  loss_bbox_dn_3: 0.0475 (0.0494)  loss_bbox_dn_4: 0.0475 (0.0494)  loss_bbox_dn_5: 0.0475 (0.0494)  loss_bbox_dn_pre: 0.0736 (0.0775)  loss_bbox_enc_0: 0.0864 (0.0962)  loss_bbox_pre: 0.0635 (0.0630)  loss_ddf_aux_0: 0.0520 (0.0515)  loss_ddf_aux_1: 0.0219 (0.0198)  loss_ddf_aux_2: 0.0028 (0.0024)  loss_ddf_aux_3: 0.0000 (0.0000)  loss_ddf_aux_4: 0.0000 (0.0000)  loss_ddf_dn_0: 0.6720 (0.4248)  loss_ddf_dn_1: 0.1235 (0.0485)  loss_ddf_dn_2: 0.0389 (0.0156)  loss_ddf_dn_3: 0.0010 (0.0005)  loss_ddf_dn_4: 0.0000 (0.0000)  loss_ddf_dn_5: 0.0000 (0.0000)  loss_fgl: 0.9909 (1.0028)  loss_fgl_aux_0: 1.0283 (1.0327)  loss_fgl_aux_1: 0.9963 (1.0057)  loss_fgl_aux_2: 0.9905 (1.0026)  loss_fgl_aux_3: 0.9909 (1.0027)  loss_fgl_aux_4: 0.9909 (1.0028)  loss_fgl_dn_0: 1.0978 (1.0944)  loss_fgl_dn_1: 0.9641 (0.9642)  loss_fgl_dn_2: 0.9516 (0.9565)  loss_fgl_dn_3: 0.9517 (0.9566)  loss_fgl_dn_4: 0.9518 (0.9566)  loss_fgl_dn_5: 0.9518 (0.9566)  loss_giou: 0.2503 (0.2622)  loss_giou_aux_0: 0.2552 (0.2749)  loss_giou_aux_1: 0.2545 (0.2640)  loss_giou_aux_2: 0.2502 (0.2622)  loss_giou_aux_3: 0.2503 (0.2622)  loss_giou_aux_4: 0.2503 (0.2622)  loss_giou_dn_0: 0.2544 (0.2743)  loss_giou_dn_1: 0.1962 (0.2080)  loss_giou_dn_2: 0.1940 (0.2042)  loss_giou_dn_3: 0.1939 (0.2042)  loss_giou_dn_4: 0.1939 (0.2041)  loss_giou_dn_5: 0.1939 (0.2041)  loss_giou_dn_pre: 0.2557 (0.2747)  loss_giou_enc_0: 0.3280 (0.3592)  loss_giou_pre: 0.2585 (0.2744)  loss_vfl: 0.2993 (0.3136)  loss_vfl_aux_0: 0.3587 (0.3593)  loss_vfl_aux_1: 0.3123 (0.3279)  loss_vfl_aux_2: 0.3103 (0.3180)  loss_vfl_aux_3: 0.3042 (0.3143)  loss_vfl_aux_4: 0.3044 (0.3135)  loss_vfl_dn_0: 0.3564 (0.3635)  loss_vfl_dn_1: 0.2773 (0.2817)  loss_vfl_dn_2: 0.2715 (0.2767)  loss_vfl_dn_3: 0.2694 (0.2760)  loss_vfl_dn_4: 0.2698 (0.2760)  loss_vfl_dn_5: 0.2697 (0.2760)  loss_vfl_dn_pre: 0.3566 (0.3644)  loss_vfl_enc_0: 0.4052 (0.4078)  loss_vfl_pre: 0.3595 (0.3588)  time: 0.5986  data: 0.0083  max mem: 17742
Epoch: [9/120]  [ 600/2360]  eta: 0:18:12  lr: 0.000009  loss: 23.5411 (22.1296)  loss_bbox: 0.0458 (0.0565)  loss_bbox_aux_0: 0.0495 (0.0622)  loss_bbox_aux_1: 0.0460 (0.0575)  loss_bbox_aux_2: 0.0458 (0.0565)  loss_bbox_aux_3: 0.0458 (0.0565)  loss_bbox_aux_4: 0.0458 (0.0565)  loss_bbox_dn_0: 0.0622 (0.0725)  loss_bbox_dn_1: 0.0455 (0.0508)  loss_bbox_dn_2: 0.0439 (0.0488)  loss_bbox_dn_3: 0.0439 (0.0487)  loss_bbox_dn_4: 0.0441 (0.0487)  loss_bbox_dn_5: 0.0441 (0.0487)  loss_bbox_dn_pre: 0.0657 (0.0764)  loss_bbox_enc_0: 0.0701 (0.0953)  loss_bbox_pre: 0.0474 (0.0622)  loss_ddf_aux_0: 0.1260 (0.0573)  loss_ddf_aux_1: 0.0617 (0.0234)  loss_ddf_aux_2: 0.0060 (0.0027)  loss_ddf_aux_3: 0.0000 (0.0000)  loss_ddf_aux_4: -0.0000 (0.0000)  loss_ddf_dn_0: 1.6801 (0.4918)  loss_ddf_dn_1: 0.2278 (0.0772)  loss_ddf_dn_2: 0.0615 (0.0227)  loss_ddf_dn_3: 0.0012 (0.0005)  loss_ddf_dn_4: 0.0000 (0.0000)  loss_ddf_dn_5: 0.0000 (0.0000)  loss_fgl: 1.0022 (1.0033)  loss_fgl_aux_0: 1.0305 (1.0329)  loss_fgl_aux_1: 1.0044 (1.0061)  loss_fgl_aux_2: 1.0025 (1.0032)  loss_fgl_aux_3: 1.0023 (1.0032)  loss_fgl_aux_4: 1.0023 (1.0033)  loss_fgl_dn_0: 1.1106 (1.0948)  loss_fgl_dn_1: 0.9775 (0.9644)  loss_fgl_dn_2: 0.9719 (0.9568)  loss_fgl_dn_3: 0.9719 (0.9569)  loss_fgl_dn_4: 0.9721 (0.9569)  loss_fgl_dn_5: 0.9721 (0.9569)  loss_giou: 0.2652 (0.2621)  loss_giou_aux_0: 0.2862 (0.2752)  loss_giou_aux_1: 0.2673 (0.2639)  loss_giou_aux_2: 0.2652 (0.2621)  loss_giou_aux_3: 0.2652 (0.2621)  loss_giou_aux_4: 0.2652 (0.2621)  loss_giou_dn_0: 0.2681 (0.2743)  loss_giou_dn_1: 0.2057 (0.2078)  loss_giou_dn_2: 0.2028 (0.2040)  loss_giou_dn_3: 0.2028 (0.2040)  loss_giou_dn_4: 0.2026 (0.2040)  loss_giou_dn_5: 0.2026 (0.2040)  loss_giou_dn_pre: 0.2703 (0.2748)  loss_giou_enc_0: 0.3562 (0.3596)  loss_giou_pre: 0.2851 (0.2747)  loss_vfl: 0.2969 (0.3134)  loss_vfl_aux_0: 0.3463 (0.3588)  loss_vfl_aux_1: 0.3179 (0.3273)  loss_vfl_aux_2: 0.3143 (0.3176)  loss_vfl_aux_3: 0.2957 (0.3140)  loss_vfl_aux_4: 0.2967 (0.3132)  loss_vfl_dn_0: 0.3622 (0.3634)  loss_vfl_dn_1: 0.2845 (0.2816)  loss_vfl_dn_2: 0.2794 (0.2766)  loss_vfl_dn_3: 0.2760 (0.2758)  loss_vfl_dn_4: 0.2756 (0.2758)  loss_vfl_dn_5: 0.2757 (0.2758)  loss_vfl_dn_pre: 0.3629 (0.3643)  loss_vfl_enc_0: 0.4010 (0.4070)  loss_vfl_pre: 0.3444 (0.3583)  time: 0.6052  data: 0.0084  max mem: 17742
Epoch: [9/120]  [ 700/2360]  eta: 0:17:07  lr: 0.000009  loss: 21.0923 (22.1191)  loss_bbox: 0.0447 (0.0564)  loss_bbox_aux_0: 0.0475 (0.0620)  loss_bbox_aux_1: 0.0458 (0.0573)  loss_bbox_aux_2: 0.0448 (0.0564)  loss_bbox_aux_3: 0.0448 (0.0564)  loss_bbox_aux_4: 0.0448 (0.0564)  loss_bbox_dn_0: 0.0662 (0.0727)  loss_bbox_dn_1: 0.0417 (0.0509)  loss_bbox_dn_2: 0.0391 (0.0489)  loss_bbox_dn_3: 0.0391 (0.0488)  loss_bbox_dn_4: 0.0390 (0.0488)  loss_bbox_dn_5: 0.0390 (0.0488)  loss_bbox_dn_pre: 0.0671 (0.0767)  loss_bbox_enc_0: 0.0715 (0.0945)  loss_bbox_pre: 0.0482 (0.0619)  loss_ddf_aux_0: 0.0648 (0.0583)  loss_ddf_aux_1: 0.0302 (0.0245)  loss_ddf_aux_2: 0.0044 (0.0029)  loss_ddf_aux_3: 0.0000 (0.0000)  loss_ddf_aux_4: 0.0000 (0.0000)  loss_ddf_dn_0: 0.5531 (0.5018)  loss_ddf_dn_1: 0.1363 (0.0838)  loss_ddf_dn_2: 0.0836 (0.0280)  loss_ddf_dn_3: 0.0012 (0.0006)  loss_ddf_dn_4: 0.0000 (0.0000)  loss_ddf_dn_5: 0.0000 (0.0000)  loss_fgl: 0.9863 (1.0022)  loss_fgl_aux_0: 1.0089 (1.0319)  loss_fgl_aux_1: 0.9915 (1.0051)  loss_fgl_aux_2: 0.9862 (1.0021)  loss_fgl_aux_3: 0.9863 (1.0022)  loss_fgl_aux_4: 0.9864 (1.0022)  loss_fgl_dn_0: 1.0771 (1.0939)  loss_fgl_dn_1: 0.9403 (0.9638)  loss_fgl_dn_2: 0.9284 (0.9561)  loss_fgl_dn_3: 0.9284 (0.9562)  loss_fgl_dn_4: 0.9282 (0.9562)  loss_fgl_dn_5: 0.9281 (0.9562)  loss_giou: 0.2305 (0.2612)  loss_giou_aux_0: 0.2471 (0.2742)  loss_giou_aux_1: 0.2351 (0.2629)  loss_giou_aux_2: 0.2298 (0.2612)  loss_giou_aux_3: 0.2303 (0.2612)  loss_giou_aux_4: 0.2304 (0.2612)  loss_giou_dn_0: 0.2537 (0.2731)  loss_giou_dn_1: 0.1958 (0.2072)  loss_giou_dn_2: 0.1929 (0.2034)  loss_giou_dn_3: 0.1930 (0.2034)  loss_giou_dn_4: 0.1930 (0.2033)  loss_giou_dn_5: 0.1930 (0.2033)  loss_giou_dn_pre: 0.2542 (0.2737)  loss_giou_enc_0: 0.3265 (0.3583)  loss_giou_pre: 0.2474 (0.2737)  loss_vfl: 0.3056 (0.3127)  loss_vfl_aux_0: 0.3378 (0.3585)  loss_vfl_aux_1: 0.3159 (0.3263)  loss_vfl_aux_2: 0.3088 (0.3168)  loss_vfl_aux_3: 0.3063 (0.3132)  loss_vfl_aux_4: 0.3065 (0.3125)  loss_vfl_dn_0: 0.3511 (0.3627)  loss_vfl_dn_1: 0.2692 (0.2811)  loss_vfl_dn_2: 0.2638 (0.2761)  loss_vfl_dn_3: 0.2629 (0.2752)  loss_vfl_dn_4: 0.2623 (0.2752)  loss_vfl_dn_5: 0.2625 (0.2753)  loss_vfl_dn_pre: 0.3526 (0.3635)  loss_vfl_enc_0: 0.3812 (0.4059)  loss_vfl_pre: 0.3375 (0.3579)  time: 0.5984  data: 0.0087  max mem: 17742
Epoch: [9/120]  [ 800/2360]  eta: 0:16:01  lr: 0.000009  loss: 21.7109 (22.1585)  loss_bbox: 0.0419 (0.0566)  loss_bbox_aux_0: 0.0492 (0.0622)  loss_bbox_aux_1: 0.0427 (0.0576)  loss_bbox_aux_2: 0.0420 (0.0566)  loss_bbox_aux_3: 0.0419 (0.0566)  loss_bbox_aux_4: 0.0419 (0.0566)  loss_bbox_dn_0: 0.0599 (0.0729)  loss_bbox_dn_1: 0.0380 (0.0513)  loss_bbox_dn_2: 0.0361 (0.0492)  loss_bbox_dn_3: 0.0361 (0.0492)  loss_bbox_dn_4: 0.0361 (0.0491)  loss_bbox_dn_5: 0.0361 (0.0491)  loss_bbox_dn_pre: 0.0609 (0.0769)  loss_bbox_enc_0: 0.0778 (0.0944)  loss_bbox_pre: 0.0488 (0.0621)  loss_ddf_aux_0: 0.0594 (0.0584)  loss_ddf_aux_1: 0.0309 (0.0250)  loss_ddf_aux_2: 0.0070 (0.0033)  loss_ddf_aux_3: 0.0001 (0.0000)  loss_ddf_aux_4: 0.0000 (0.0000)  loss_ddf_dn_0: 0.5705 (0.4975)  loss_ddf_dn_1: 0.2988 (0.1016)  loss_ddf_dn_2: 0.0681 (0.0352)  loss_ddf_dn_3: 0.0007 (0.0006)  loss_ddf_dn_4: 0.0000 (0.0000)  loss_ddf_dn_5: 0.0000 (0.0000)  loss_fgl: 0.9833 (1.0030)  loss_fgl_aux_0: 1.0103 (1.0328)  loss_fgl_aux_1: 0.9904 (1.0060)  loss_fgl_aux_2: 0.9837 (1.0028)  loss_fgl_aux_3: 0.9834 (1.0029)  loss_fgl_aux_4: 0.9833 (1.0030)  loss_fgl_dn_0: 1.0734 (1.0940)  loss_fgl_dn_1: 0.9497 (0.9645)  loss_fgl_dn_2: 0.9438 (0.9569)  loss_fgl_dn_3: 0.9463 (0.9570)  loss_fgl_dn_4: 0.9463 (0.9570)  loss_fgl_dn_5: 0.9463 (0.9570)  loss_giou: 0.2378 (0.2614)  loss_giou_aux_0: 0.2522 (0.2743)  loss_giou_aux_1: 0.2398 (0.2631)  loss_giou_aux_2: 0.2377 (0.2614)  loss_giou_aux_3: 0.2376 (0.2614)  loss_giou_aux_4: 0.2377 (0.2614)  loss_giou_dn_0: 0.2490 (0.2733)  loss_giou_dn_1: 0.1960 (0.2075)  loss_giou_dn_2: 0.1932 (0.2038)  loss_giou_dn_3: 0.1932 (0.2037)  loss_giou_dn_4: 0.1933 (0.2037)  loss_giou_dn_5: 0.1933 (0.2037)  loss_giou_dn_pre: 0.2516 (0.2738)  loss_giou_enc_0: 0.3160 (0.3586)  loss_giou_pre: 0.2500 (0.2738)  loss_vfl: 0.2943 (0.3126)  loss_vfl_aux_0: 0.3226 (0.3581)  loss_vfl_aux_1: 0.3001 (0.3266)  loss_vfl_aux_2: 0.2943 (0.3168)  loss_vfl_aux_3: 0.2939 (0.3131)  loss_vfl_aux_4: 0.2944 (0.3124)  loss_vfl_dn_0: 0.3509 (0.3630)  loss_vfl_dn_1: 0.2708 (0.2815)  loss_vfl_dn_2: 0.2677 (0.2765)  loss_vfl_dn_3: 0.2671 (0.2756)  loss_vfl_dn_4: 0.2664 (0.2755)  loss_vfl_dn_5: 0.2668 (0.2756)  loss_vfl_dn_pre: 0.3514 (0.3638)  loss_vfl_enc_0: 0.3861 (0.4058)  loss_vfl_pre: 0.3215 (0.3575)  time: 0.5991  data: 0.0086  max mem: 17742
Epoch: [9/120]  [ 900/2360]  eta: 0:15:07  lr: 0.000009  loss: 21.0741 (22.1820)  loss_bbox: 0.0435 (0.0565)  loss_bbox_aux_0: 0.0488 (0.0622)  loss_bbox_aux_1: 0.0441 (0.0575)  loss_bbox_aux_2: 0.0435 (0.0565)  loss_bbox_aux_3: 0.0435 (0.0565)  loss_bbox_aux_4: 0.0435 (0.0565)  loss_bbox_dn_0: 0.0606 (0.0726)  loss_bbox_dn_1: 0.0403 (0.0511)  loss_bbox_dn_2: 0.0386 (0.0491)  loss_bbox_dn_3: 0.0385 (0.0490)  loss_bbox_dn_4: 0.0387 (0.0490)  loss_bbox_dn_5: 0.0387 (0.0490)  loss_bbox_dn_pre: 0.0625 (0.0765)  loss_bbox_enc_0: 0.0732 (0.0945)  loss_bbox_pre: 0.0494 (0.0620)  loss_ddf_aux_0: 0.0714 (0.0590)  loss_ddf_aux_1: 0.0213 (0.0245)  loss_ddf_aux_2: 0.0017 (0.0031)  loss_ddf_aux_3: 0.0001 (0.0000)  loss_ddf_aux_4: 0.0000 (0.0000)  loss_ddf_dn_0: 0.5772 (0.5061)  loss_ddf_dn_1: 0.1359 (0.1086)  loss_ddf_dn_2: 0.0758 (0.0376)  loss_ddf_dn_3: 0.0008 (0.0006)  loss_ddf_dn_4: 0.0000 (0.0000)  loss_ddf_dn_5: 0.0000 (0.0000)  loss_fgl: 0.9545 (1.0030)  loss_fgl_aux_0: 0.9790 (1.0324)  loss_fgl_aux_1: 0.9535 (1.0058)  loss_fgl_aux_2: 0.9543 (1.0029)  loss_fgl_aux_3: 0.9545 (1.0029)  loss_fgl_aux_4: 0.9544 (1.0030)  loss_fgl_dn_0: 1.0544 (1.0940)  loss_fgl_dn_1: 0.9255 (0.9644)  loss_fgl_dn_2: 0.9194 (0.9571)  loss_fgl_dn_3: 0.9194 (0.9571)  loss_fgl_dn_4: 0.9192 (0.9572)  loss_fgl_dn_5: 0.9193 (0.9572)  loss_giou: 0.2354 (0.2627)  loss_giou_aux_0: 0.2521 (0.2757)  loss_giou_aux_1: 0.2379 (0.2644)  loss_giou_aux_2: 0.2356 (0.2627)  loss_giou_aux_3: 0.2353 (0.2627)  loss_giou_aux_4: 0.2353 (0.2627)  loss_giou_dn_0: 0.2440 (0.2735)  loss_giou_dn_1: 0.1792 (0.2079)  loss_giou_dn_2: 0.1803 (0.2041)  loss_giou_dn_3: 0.1803 (0.2041)  loss_giou_dn_4: 0.1802 (0.2040)  loss_giou_dn_5: 0.1802 (0.2040)  loss_giou_dn_pre: 0.2485 (0.2741)  loss_giou_enc_0: 0.3290 (0.3601)  loss_giou_pre: 0.2502 (0.2752)  loss_vfl: 0.2861 (0.3123)  loss_vfl_aux_0: 0.3232 (0.3568)  loss_vfl_aux_1: 0.2987 (0.3257)  loss_vfl_aux_2: 0.2881 (0.3164)  loss_vfl_aux_3: 0.2882 (0.3128)  loss_vfl_aux_4: 0.2858 (0.3121)  loss_vfl_dn_0: 0.3477 (0.3630)  loss_vfl_dn_1: 0.2625 (0.2814)  loss_vfl_dn_2: 0.2581 (0.2765)  loss_vfl_dn_3: 0.2550 (0.2755)  loss_vfl_dn_4: 0.2551 (0.2755)  loss_vfl_dn_5: 0.2550 (0.2755)  loss_vfl_dn_pre: 0.3494 (0.3638)  loss_vfl_enc_0: 0.3773 (0.4049)  loss_vfl_pre: 0.3275 (0.3563)  time: 0.6831  data: 0.0085  max mem: 17742
Epoch: [9/120]  [1000/2360]  eta: 0:14:06  lr: 0.000009  loss: 21.8308 (22.2153)  loss_bbox: 0.0492 (0.0568)  loss_bbox_aux_0: 0.0539 (0.0625)  loss_bbox_aux_1: 0.0507 (0.0578)  loss_bbox_aux_2: 0.0497 (0.0568)  loss_bbox_aux_3: 0.0492 (0.0568)  loss_bbox_aux_4: 0.0492 (0.0568)  loss_bbox_dn_0: 0.0662 (0.0726)  loss_bbox_dn_1: 0.0469 (0.0513)  loss_bbox_dn_2: 0.0457 (0.0493)  loss_bbox_dn_3: 0.0456 (0.0492)  loss_bbox_dn_4: 0.0457 (0.0492)  loss_bbox_dn_5: 0.0457 (0.0492)  loss_bbox_dn_pre: 0.0703 (0.0765)  loss_bbox_enc_0: 0.0721 (0.0944)  loss_bbox_pre: 0.0517 (0.0623)  loss_ddf_aux_0: 0.0710 (0.0589)  loss_ddf_aux_1: 0.0227 (0.0239)  loss_ddf_aux_2: 0.0010 (0.0030)  loss_ddf_aux_3: 0.0000 (0.0000)  loss_ddf_aux_4: 0.0000 (0.0000)  loss_ddf_dn_0: 0.4584 (0.5039)  loss_ddf_dn_1: 0.1870 (0.1159)  loss_ddf_dn_2: 0.1081 (0.0412)  loss_ddf_dn_3: 0.0017 (0.0006)  loss_ddf_dn_4: 0.0000 (0.0000)  loss_ddf_dn_5: 0.0000 (0.0000)  loss_fgl: 1.0042 (1.0038)  loss_fgl_aux_0: 1.0267 (1.0328)  loss_fgl_aux_1: 1.0055 (1.0066)  loss_fgl_aux_2: 1.0041 (1.0036)  loss_fgl_aux_3: 1.0044 (1.0037)  loss_fgl_aux_4: 1.0043 (1.0038)  loss_fgl_dn_0: 1.0742 (1.0944)  loss_fgl_dn_1: 0.9545 (0.9651)  loss_fgl_dn_2: 0.9524 (0.9578)  loss_fgl_dn_3: 0.9534 (0.9579)  loss_fgl_dn_4: 0.9538 (0.9580)  loss_fgl_dn_5: 0.9538 (0.9580)  loss_giou: 0.2445 (0.2630)  loss_giou_aux_0: 0.2551 (0.2760)  loss_giou_aux_1: 0.2439 (0.2647)  loss_giou_aux_2: 0.2440 (0.2630)  loss_giou_aux_3: 0.2444 (0.2630)  loss_giou_aux_4: 0.2445 (0.2630)  loss_giou_dn_0: 0.2538 (0.2735)  loss_giou_dn_1: 0.1979 (0.2081)  loss_giou_dn_2: 0.1938 (0.2044)  loss_giou_dn_3: 0.1937 (0.2044)  loss_giou_dn_4: 0.1937 (0.2043)  loss_giou_dn_5: 0.1937 (0.2043)  loss_giou_dn_pre: 0.2570 (0.2741)  loss_giou_enc_0: 0.3327 (0.3609)  loss_giou_pre: 0.2538 (0.2755)  loss_vfl: 0.3009 (0.3133)  loss_vfl_aux_0: 0.3407 (0.3573)  loss_vfl_aux_1: 0.3190 (0.3268)  loss_vfl_aux_2: 0.3074 (0.3177)  loss_vfl_aux_3: 0.3108 (0.3139)  loss_vfl_aux_4: 0.3007 (0.3131)  loss_vfl_dn_0: 0.3636 (0.3632)  loss_vfl_dn_1: 0.2830 (0.2820)  loss_vfl_dn_2: 0.2773 (0.2769)  loss_vfl_dn_3: 0.2744 (0.2759)  loss_vfl_dn_4: 0.2735 (0.2758)  loss_vfl_dn_5: 0.2739 (0.2759)  loss_vfl_dn_pre: 0.3637 (0.3640)  loss_vfl_enc_0: 0.4039 (0.4057)  loss_vfl_pre: 0.3382 (0.3567)  time: 0.6231  data: 0.0083  max mem: 17742
Epoch: [9/120]  [1100/2360]  eta: 0:13:04  lr: 0.000009  loss: 23.8685 (22.3298)  loss_bbox: 0.0501 (0.0563)  loss_bbox_aux_0: 0.0508 (0.0619)  loss_bbox_aux_1: 0.0511 (0.0573)  loss_bbox_aux_2: 0.0500 (0.0563)  loss_bbox_aux_3: 0.0501 (0.0563)  loss_bbox_aux_4: 0.0501 (0.0563)  loss_bbox_dn_0: 0.0658 (0.0723)  loss_bbox_dn_1: 0.0442 (0.0510)  loss_bbox_dn_2: 0.0437 (0.0490)  loss_bbox_dn_3: 0.0437 (0.0490)  loss_bbox_dn_4: 0.0437 (0.0489)  loss_bbox_dn_5: 0.0437 (0.0489)  loss_bbox_dn_pre: 0.0777 (0.0764)  loss_bbox_enc_0: 0.0860 (0.0940)  loss_bbox_pre: 0.0503 (0.0618)  loss_ddf_aux_0: 0.1987 (0.0639)  loss_ddf_aux_1: 0.0275 (0.0242)  loss_ddf_aux_2: 0.0023 (0.0029)  loss_ddf_aux_3: 0.0000 (0.0000)  loss_ddf_aux_4: -0.0000 (0.0000)  loss_ddf_dn_0: 1.1173 (0.5671)  loss_ddf_dn_1: 0.5113 (0.1389)  loss_ddf_dn_2: 0.3840 (0.0621)  loss_ddf_dn_3: 0.0015 (0.0007)  loss_ddf_dn_4: 0.0000 (0.0000)  loss_ddf_dn_5: 0.0000 (0.0000)  loss_fgl: 1.0082 (1.0042)  loss_fgl_aux_0: 1.0348 (1.0332)  loss_fgl_aux_1: 1.0124 (1.0069)  loss_fgl_aux_2: 1.0087 (1.0041)  loss_fgl_aux_3: 1.0087 (1.0042)  loss_fgl_aux_4: 1.0084 (1.0042)  loss_fgl_dn_0: 1.0937 (1.0944)  loss_fgl_dn_1: 0.9702 (0.9657)  loss_fgl_dn_2: 0.9640 (0.9586)  loss_fgl_dn_3: 0.9647 (0.9587)  loss_fgl_dn_4: 0.9647 (0.9588)  loss_fgl_dn_5: 0.9646 (0.9588)  loss_giou: 0.2502 (0.2629)  loss_giou_aux_0: 0.2806 (0.2759)  loss_giou_aux_1: 0.2568 (0.2646)  loss_giou_aux_2: 0.2498 (0.2629)  loss_giou_aux_3: 0.2503 (0.2629)  loss_giou_aux_4: 0.2502 (0.2629)  loss_giou_dn_0: 0.2788 (0.2739)  loss_giou_dn_1: 0.2102 (0.2084)  loss_giou_dn_2: 0.2071 (0.2047)  loss_giou_dn_3: 0.2071 (0.2047)  loss_giou_dn_4: 0.2067 (0.2046)  loss_giou_dn_5: 0.2067 (0.2046)  loss_giou_dn_pre: 0.2776 (0.2746)  loss_giou_enc_0: 0.3630 (0.3613)  loss_giou_pre: 0.2798 (0.2753)  loss_vfl: 0.3114 (0.3130)  loss_vfl_aux_0: 0.3461 (0.3566)  loss_vfl_aux_1: 0.3305 (0.3265)  loss_vfl_aux_2: 0.3210 (0.3176)  loss_vfl_aux_3: 0.3142 (0.3137)  loss_vfl_aux_4: 0.3097 (0.3129)  loss_vfl_dn_0: 0.3737 (0.3639)  loss_vfl_dn_1: 0.2868 (0.2824)  loss_vfl_dn_2: 0.2805 (0.2772)  loss_vfl_dn_3: 0.2791 (0.2762)  loss_vfl_dn_4: 0.2788 (0.2761)  loss_vfl_dn_5: 0.2789 (0.2762)  loss_vfl_dn_pre: 0.3737 (0.3647)  loss_vfl_enc_0: 0.4106 (0.4052)  loss_vfl_pre: 0.3489 (0.3561)  time: 0.6341  data: 0.0085  max mem: 17742
Epoch: [9/120]  [1200/2360]  eta: 0:12:01  lr: 0.000009  loss: 28.1234 (22.6219)  loss_bbox: 0.0668 (0.0568)  loss_bbox_aux_0: 0.0670 (0.0625)  loss_bbox_aux_1: 0.0702 (0.0582)  loss_bbox_aux_2: 0.0669 (0.0570)  loss_bbox_aux_3: 0.0668 (0.0568)  loss_bbox_aux_4: 0.0668 (0.0568)  loss_bbox_dn_0: 0.0862 (0.0726)  loss_bbox_dn_1: 0.0621 (0.0513)  loss_bbox_dn_2: 0.0593 (0.0494)  loss_bbox_dn_3: 0.0596 (0.0493)  loss_bbox_dn_4: 0.0599 (0.0493)  loss_bbox_dn_5: 0.0599 (0.0493)  loss_bbox_dn_pre: 0.0912 (0.0767)  loss_bbox_enc_0: 0.1171 (0.0946)  loss_bbox_pre: 0.0647 (0.0622)  loss_ddf_aux_0: 0.1278 (0.0721)  loss_ddf_aux_1: 0.0313 (0.0252)  loss_ddf_aux_2: 0.0153 (0.0035)  loss_ddf_aux_3: 0.0001 (0.0000)  loss_ddf_aux_4: 0.0000 (0.0000)  loss_ddf_dn_0: 2.5422 (0.6730)  loss_ddf_dn_1: 1.4387 (0.1998)  loss_ddf_dn_2: 1.2250 (0.1232)  loss_ddf_dn_3: 0.0041 (0.0009)  loss_ddf_dn_4: 0.0000 (0.0000)  loss_ddf_dn_5: 0.0000 (0.0000)  loss_fgl: 1.0592 (1.0063)  loss_fgl_aux_0: 1.0617 (1.0342)  loss_fgl_aux_1: 1.0558 (1.0084)  loss_fgl_aux_2: 1.0594 (1.0060)  loss_fgl_aux_3: 1.0595 (1.0062)  loss_fgl_aux_4: 1.0595 (1.0062)  loss_fgl_dn_0: 1.1222 (1.0951)  loss_fgl_dn_1: 1.0180 (0.9674)  loss_fgl_dn_2: 1.0053 (0.9603)  loss_fgl_dn_3: 1.0091 (0.9606)  loss_fgl_dn_4: 1.0096 (0.9606)  loss_fgl_dn_5: 1.0096 (0.9606)  loss_giou: 0.2597 (0.2639)  loss_giou_aux_0: 0.2951 (0.2770)  loss_giou_aux_1: 0.2626 (0.2657)  loss_giou_aux_2: 0.2600 (0.2640)  loss_giou_aux_3: 0.2597 (0.2639)  loss_giou_aux_4: 0.2597 (0.2639)  loss_giou_dn_0: 0.2930 (0.2749)  loss_giou_dn_1: 0.2290 (0.2094)  loss_giou_dn_2: 0.2255 (0.2057)  loss_giou_dn_3: 0.2255 (0.2057)  loss_giou_dn_4: 0.2256 (0.2056)  loss_giou_dn_5: 0.2256 (0.2056)  loss_giou_dn_pre: 0.2925 (0.2756)  loss_giou_enc_0: 0.3844 (0.3628)  loss_giou_pre: 0.2943 (0.2763)  loss_vfl: 0.3184 (0.3139)  loss_vfl_aux_0: 0.3619 (0.3569)  loss_vfl_aux_1: 0.3414 (0.3275)  loss_vfl_aux_2: 0.3267 (0.3184)  loss_vfl_aux_3: 0.3199 (0.3145)  loss_vfl_aux_4: 0.3178 (0.3137)  loss_vfl_dn_0: 0.3831 (0.3650)  loss_vfl_dn_1: 0.3069 (0.2833)  loss_vfl_dn_2: 0.3005 (0.2781)  loss_vfl_dn_3: 0.2945 (0.2769)  loss_vfl_dn_4: 0.2924 (0.2767)  loss_vfl_dn_5: 0.2926 (0.2768)  loss_vfl_dn_pre: 0.3816 (0.3657)  loss_vfl_enc_0: 0.4286 (0.4055)  loss_vfl_pre: 0.3619 (0.3565)  time: 0.6197  data: 0.0084  max mem: 17742
Epoch: [9/120]  [1300/2360]  eta: 0:10:59  lr: 0.000009  loss: 23.7298 (22.7645)  loss_bbox: 0.0479 (0.0571)  loss_bbox_aux_0: 0.0553 (0.0627)  loss_bbox_aux_1: 0.0506 (0.0585)  loss_bbox_aux_2: 0.0480 (0.0572)  loss_bbox_aux_3: 0.0479 (0.0571)  loss_bbox_aux_4: 0.0479 (0.0571)  loss_bbox_dn_0: 0.0665 (0.0730)  loss_bbox_dn_1: 0.0480 (0.0517)  loss_bbox_dn_2: 0.0459 (0.0496)  loss_bbox_dn_3: 0.0458 (0.0495)  loss_bbox_dn_4: 0.0456 (0.0495)  loss_bbox_dn_5: 0.0456 (0.0495)  loss_bbox_dn_pre: 0.0731 (0.0771)  loss_bbox_enc_0: 0.1016 (0.0958)  loss_bbox_pre: 0.0552 (0.0624)  loss_ddf_aux_0: 0.0916 (0.0754)  loss_ddf_aux_1: 0.0236 (0.0257)  loss_ddf_aux_2: 0.0086 (0.0040)  loss_ddf_aux_3: 0.0001 (0.0000)  loss_ddf_aux_4: 0.0000 (0.0000)  loss_ddf_dn_0: 1.2158 (0.7525)  loss_ddf_dn_1: 0.3007 (0.2216)  loss_ddf_dn_2: 0.2224 (0.1416)  loss_ddf_dn_3: 0.0040 (0.0012)  loss_ddf_dn_4: 0.0000 (0.0000)  loss_ddf_dn_5: 0.0000 (0.0000)  loss_fgl: 1.0018 (1.0065)  loss_fgl_aux_0: 1.0328 (1.0344)  loss_fgl_aux_1: 1.0080 (1.0087)  loss_fgl_aux_2: 1.0021 (1.0062)  loss_fgl_aux_3: 1.0020 (1.0064)  loss_fgl_aux_4: 1.0020 (1.0065)  loss_fgl_dn_0: 1.1067 (1.0962)  loss_fgl_dn_1: 0.9928 (0.9695)  loss_fgl_dn_2: 0.9872 (0.9624)  loss_fgl_dn_3: 0.9875 (0.9627)  loss_fgl_dn_4: 0.9874 (0.9627)  loss_fgl_dn_5: 0.9873 (0.9627)  loss_giou: 0.2561 (0.2636)  loss_giou_aux_0: 0.2580 (0.2768)  loss_giou_aux_1: 0.2554 (0.2653)  loss_giou_aux_2: 0.2559 (0.2636)  loss_giou_aux_3: 0.2558 (0.2636)  loss_giou_aux_4: 0.2562 (0.2636)  loss_giou_dn_0: 0.2819 (0.2751)  loss_giou_dn_1: 0.2127 (0.2097)  loss_giou_dn_2: 0.2068 (0.2058)  loss_giou_dn_3: 0.2066 (0.2057)  loss_giou_dn_4: 0.2061 (0.2057)  loss_giou_dn_5: 0.2061 (0.2057)  loss_giou_dn_pre: 0.2788 (0.2757)  loss_giou_enc_0: 0.3536 (0.3634)  loss_giou_pre: 0.2569 (0.2761)  loss_vfl: 0.3166 (0.3138)  loss_vfl_aux_0: 0.3625 (0.3566)  loss_vfl_aux_1: 0.3146 (0.3274)  loss_vfl_aux_2: 0.3132 (0.3183)  loss_vfl_aux_3: 0.3189 (0.3145)  loss_vfl_aux_4: 0.3146 (0.3136)  loss_vfl_dn_0: 0.3683 (0.3652)  loss_vfl_dn_1: 0.2894 (0.2838)  loss_vfl_dn_2: 0.2813 (0.2783)  loss_vfl_dn_3: 0.2818 (0.2771)  loss_vfl_dn_4: 0.2812 (0.2769)  loss_vfl_dn_5: 0.2812 (0.2770)  loss_vfl_dn_pre: 0.3682 (0.3660)  loss_vfl_enc_0: 0.4186 (0.4056)  loss_vfl_pre: 0.3633 (0.3562)  time: 0.6210  data: 0.0084  max mem: 17742
Epoch: [9/120]  [1400/2360]  eta: 0:09:57  lr: 0.000009  loss: 20.8068 (22.7244)  loss_bbox: 0.0491 (0.0569)  loss_bbox_aux_0: 0.0611 (0.0627)  loss_bbox_aux_1: 0.0512 (0.0583)  loss_bbox_aux_2: 0.0492 (0.0571)  loss_bbox_aux_3: 0.0492 (0.0569)  loss_bbox_aux_4: 0.0491 (0.0569)  loss_bbox_dn_0: 0.0764 (0.0731)  loss_bbox_dn_1: 0.0431 (0.0517)  loss_bbox_dn_2: 0.0412 (0.0496)  loss_bbox_dn_3: 0.0412 (0.0495)  loss_bbox_dn_4: 0.0423 (0.0494)  loss_bbox_dn_5: 0.0423 (0.0494)  loss_bbox_dn_pre: 0.0735 (0.0771)  loss_bbox_enc_0: 0.0810 (0.0958)  loss_bbox_pre: 0.0605 (0.0624)  loss_ddf_aux_0: 0.0470 (0.0736)  loss_ddf_aux_1: 0.0113 (0.0245)  loss_ddf_aux_2: 0.0025 (0.0040)  loss_ddf_aux_3: 0.0001 (0.0000)  loss_ddf_aux_4: -0.0000 (0.0000)  loss_ddf_dn_0: 0.2900 (0.7404)  loss_ddf_dn_1: 0.0485 (0.2112)  loss_ddf_dn_2: 0.0164 (0.1337)  loss_ddf_dn_3: 0.0063 (0.0016)  loss_ddf_dn_4: 0.0000 (0.0000)  loss_ddf_dn_5: 0.0000 (0.0000)  loss_fgl: 0.9627 (1.0062)  loss_fgl_aux_0: 0.9942 (1.0340)  loss_fgl_aux_1: 0.9650 (1.0083)  loss_fgl_aux_2: 0.9632 (1.0059)  loss_fgl_aux_3: 0.9627 (1.0061)  loss_fgl_aux_4: 0.9627 (1.0061)  loss_fgl_dn_0: 1.0837 (1.0965)  loss_fgl_dn_1: 0.9362 (0.9701)  loss_fgl_dn_2: 0.9232 (0.9628)  loss_fgl_dn_3: 0.9233 (0.9631)  loss_fgl_dn_4: 0.9227 (0.9631)  loss_fgl_dn_5: 0.9226 (0.9631)  loss_giou: 0.2482 (0.2633)  loss_giou_aux_0: 0.2623 (0.2766)  loss_giou_aux_1: 0.2491 (0.2651)  loss_giou_aux_2: 0.2482 (0.2634)  loss_giou_aux_3: 0.2482 (0.2633)  loss_giou_aux_4: 0.2482 (0.2633)  loss_giou_dn_0: 0.2749 (0.2751)  loss_giou_dn_1: 0.2101 (0.2097)  loss_giou_dn_2: 0.2033 (0.2057)  loss_giou_dn_3: 0.2033 (0.2056)  loss_giou_dn_4: 0.2034 (0.2056)  loss_giou_dn_5: 0.2034 (0.2056)  loss_giou_dn_pre: 0.2819 (0.2756)  loss_giou_enc_0: 0.3320 (0.3628)  loss_giou_pre: 0.2613 (0.2759)  loss_vfl: 0.2837 (0.3134)  loss_vfl_aux_0: 0.3136 (0.3553)  loss_vfl_aux_1: 0.2948 (0.3267)  loss_vfl_aux_2: 0.2910 (0.3178)  loss_vfl_aux_3: 0.2869 (0.3140)  loss_vfl_aux_4: 0.2833 (0.3132)  loss_vfl_dn_0: 0.3857 (0.3657)  loss_vfl_dn_1: 0.2846 (0.2844)  loss_vfl_dn_2: 0.2747 (0.2785)  loss_vfl_dn_3: 0.2689 (0.2772)  loss_vfl_dn_4: 0.2683 (0.2769)  loss_vfl_dn_5: 0.2690 (0.2770)  loss_vfl_dn_pre: 0.3861 (0.3665)  loss_vfl_enc_0: 0.3787 (0.4051)  loss_vfl_pre: 0.3134 (0.3550)  time: 0.6113  data: 0.0082  max mem: 17742
Epoch: [9/120]  [1500/2360]  eta: 0:08:57  lr: 0.000009  loss: 21.8564 (22.6861)  loss_bbox: 0.0432 (0.0570)  loss_bbox_aux_0: 0.0478 (0.0627)  loss_bbox_aux_1: 0.0434 (0.0583)  loss_bbox_aux_2: 0.0432 (0.0571)  loss_bbox_aux_3: 0.0432 (0.0570)  loss_bbox_aux_4: 0.0432 (0.0570)  loss_bbox_dn_0: 0.0660 (0.0731)  loss_bbox_dn_1: 0.0387 (0.0517)  loss_bbox_dn_2: 0.0382 (0.0496)  loss_bbox_dn_3: 0.0382 (0.0495)  loss_bbox_dn_4: 0.0382 (0.0494)  loss_bbox_dn_5: 0.0382 (0.0494)  loss_bbox_dn_pre: 0.0706 (0.0771)  loss_bbox_enc_0: 0.0721 (0.0957)  loss_bbox_pre: 0.0473 (0.0624)  loss_ddf_aux_0: 0.0423 (0.0718)  loss_ddf_aux_1: 0.0125 (0.0238)  loss_ddf_aux_2: 0.0016 (0.0039)  loss_ddf_aux_3: 0.0000 (0.0000)  loss_ddf_aux_4: 0.0000 (0.0000)  loss_ddf_dn_0: 0.4707 (0.7206)  loss_ddf_dn_1: 0.0849 (0.2015)  loss_ddf_dn_2: 0.0185 (0.1258)  loss_ddf_dn_3: 0.0037 (0.0018)  loss_ddf_dn_4: 0.0000 (0.0000)  loss_ddf_dn_5: 0.0000 (0.0000)  loss_fgl: 1.0099 (1.0060)  loss_fgl_aux_0: 1.0298 (1.0339)  loss_fgl_aux_1: 1.0120 (1.0082)  loss_fgl_aux_2: 1.0093 (1.0058)  loss_fgl_aux_3: 1.0094 (1.0060)  loss_fgl_aux_4: 1.0097 (1.0060)  loss_fgl_dn_0: 1.1031 (1.0964)  loss_fgl_dn_1: 0.9717 (0.9700)  loss_fgl_dn_2: 0.9603 (0.9626)  loss_fgl_dn_3: 0.9608 (0.9629)  loss_fgl_dn_4: 0.9611 (0.9628)  loss_fgl_dn_5: 0.9611 (0.9629)  loss_giou: 0.2443 (0.2632)  loss_giou_aux_0: 0.2594 (0.2764)  loss_giou_aux_1: 0.2468 (0.2649)  loss_giou_aux_2: 0.2443 (0.2632)  loss_giou_aux_3: 0.2443 (0.2632)  loss_giou_aux_4: 0.2443 (0.2632)  loss_giou_dn_0: 0.2661 (0.2750)  loss_giou_dn_1: 0.1987 (0.2097)  loss_giou_dn_2: 0.1957 (0.2057)  loss_giou_dn_3: 0.1958 (0.2057)  loss_giou_dn_4: 0.1959 (0.2056)  loss_giou_dn_5: 0.1959 (0.2056)  loss_giou_dn_pre: 0.2669 (0.2756)  loss_giou_enc_0: 0.3332 (0.3625)  loss_giou_pre: 0.2609 (0.2756)  loss_vfl: 0.3082 (0.3136)  loss_vfl_aux_0: 0.3686 (0.3563)  loss_vfl_aux_1: 0.3294 (0.3269)  loss_vfl_aux_2: 0.3343 (0.3179)  loss_vfl_aux_3: 0.3110 (0.3143)  loss_vfl_aux_4: 0.3086 (0.3134)  loss_vfl_dn_0: 0.3634 (0.3662)  loss_vfl_dn_1: 0.2838 (0.2846)  loss_vfl_dn_2: 0.2742 (0.2786)  loss_vfl_dn_3: 0.2759 (0.2773)  loss_vfl_dn_4: 0.2756 (0.2770)  loss_vfl_dn_5: 0.2753 (0.2771)  loss_vfl_dn_pre: 0.3634 (0.3669)  loss_vfl_enc_0: 0.4140 (0.4052)  loss_vfl_pre: 0.3699 (0.3560)  time: 0.6764  data: 0.0096  max mem: 17742
Epoch: [9/120]  [1600/2360]  eta: 0:07:55  lr: 0.000009  loss: 22.3556 (22.6652)  loss_bbox: 0.0451 (0.0568)  loss_bbox_aux_0: 0.0484 (0.0625)  loss_bbox_aux_1: 0.0467 (0.0581)  loss_bbox_aux_2: 0.0451 (0.0569)  loss_bbox_aux_3: 0.0451 (0.0568)  loss_bbox_aux_4: 0.0451 (0.0568)  loss_bbox_dn_0: 0.0633 (0.0730)  loss_bbox_dn_1: 0.0413 (0.0516)  loss_bbox_dn_2: 0.0394 (0.0494)  loss_bbox_dn_3: 0.0394 (0.0494)  loss_bbox_dn_4: 0.0390 (0.0493)  loss_bbox_dn_5: 0.0390 (0.0493)  loss_bbox_dn_pre: 0.0628 (0.0769)  loss_bbox_enc_0: 0.0757 (0.0953)  loss_bbox_pre: 0.0491 (0.0621)  loss_ddf_aux_0: 0.0400 (0.0700)  loss_ddf_aux_1: 0.0147 (0.0232)  loss_ddf_aux_2: 0.0016 (0.0037)  loss_ddf_aux_3: 0.0000 (0.0000)  loss_ddf_aux_4: 0.0000 (0.0000)  loss_ddf_dn_0: 0.5662 (0.7114)  loss_ddf_dn_1: 0.1013 (0.1990)  loss_ddf_dn_2: 0.0044 (0.1186)  loss_ddf_dn_3: 0.0008 (0.0018)  loss_ddf_dn_4: 0.0000 (0.0000)  loss_ddf_dn_5: 0.0000 (0.0000)  loss_fgl: 1.0038 (1.0056)  loss_fgl_aux_0: 1.0288 (1.0338)  loss_fgl_aux_1: 1.0045 (1.0079)  loss_fgl_aux_2: 1.0041 (1.0054)  loss_fgl_aux_3: 1.0041 (1.0056)  loss_fgl_aux_4: 1.0040 (1.0056)  loss_fgl_dn_0: 1.1142 (1.0971)  loss_fgl_dn_1: 1.0028 (0.9705)  loss_fgl_dn_2: 0.9938 (0.9630)  loss_fgl_dn_3: 0.9938 (0.9633)  loss_fgl_dn_4: 0.9935 (0.9633)  loss_fgl_dn_5: 0.9933 (0.9633)  loss_giou: 0.2753 (0.2633)  loss_giou_aux_0: 0.2949 (0.2764)  loss_giou_aux_1: 0.2747 (0.2651)  loss_giou_aux_2: 0.2752 (0.2633)  loss_giou_aux_3: 0.2753 (0.2633)  loss_giou_aux_4: 0.2752 (0.2633)  loss_giou_dn_0: 0.2905 (0.2753)  loss_giou_dn_1: 0.2232 (0.2097)  loss_giou_dn_2: 0.2174 (0.2057)  loss_giou_dn_3: 0.2173 (0.2056)  loss_giou_dn_4: 0.2172 (0.2056)  loss_giou_dn_5: 0.2172 (0.2056)  loss_giou_dn_pre: 0.2906 (0.2757)  loss_giou_enc_0: 0.3653 (0.3625)  loss_giou_pre: 0.2945 (0.2757)  loss_vfl: 0.3025 (0.3136)  loss_vfl_aux_0: 0.3569 (0.3574)  loss_vfl_aux_1: 0.3091 (0.3270)  loss_vfl_aux_2: 0.3030 (0.3179)  loss_vfl_aux_3: 0.3035 (0.3142)  loss_vfl_aux_4: 0.3011 (0.3134)  loss_vfl_dn_0: 0.3611 (0.3661)  loss_vfl_dn_1: 0.2841 (0.2845)  loss_vfl_dn_2: 0.2773 (0.2785)  loss_vfl_dn_3: 0.2749 (0.2772)  loss_vfl_dn_4: 0.2745 (0.2769)  loss_vfl_dn_5: 0.2747 (0.2770)  loss_vfl_dn_pre: 0.3621 (0.3668)  loss_vfl_enc_0: 0.3839 (0.4052)  loss_vfl_pre: 0.3574 (0.3572)  time: 0.6354  data: 0.0083  max mem: 17742
Epoch: [9/120]  [1700/2360]  eta: 0:06:53  lr: 0.000009  loss: 22.2298 (22.6394)  loss_bbox: 0.0435 (0.0568)  loss_bbox_aux_0: 0.0535 (0.0626)  loss_bbox_aux_1: 0.0463 (0.0581)  loss_bbox_aux_2: 0.0436 (0.0569)  loss_bbox_aux_3: 0.0435 (0.0568)  loss_bbox_aux_4: 0.0435 (0.0568)  loss_bbox_dn_0: 0.0645 (0.0730)  loss_bbox_dn_1: 0.0438 (0.0516)  loss_bbox_dn_2: 0.0405 (0.0494)  loss_bbox_dn_3: 0.0403 (0.0493)  loss_bbox_dn_4: 0.0400 (0.0492)  loss_bbox_dn_5: 0.0400 (0.0492)  loss_bbox_dn_pre: 0.0653 (0.0770)  loss_bbox_enc_0: 0.0778 (0.0954)  loss_bbox_pre: 0.0556 (0.0623)  loss_ddf_aux_0: 0.0302 (0.0679)  loss_ddf_aux_1: 0.0070 (0.0224)  loss_ddf_aux_2: 0.0005 (0.0036)  loss_ddf_aux_3: 0.0000 (0.0000)  loss_ddf_aux_4: 0.0000 (0.0000)  loss_ddf_dn_0: 0.4546 (0.6948)  loss_ddf_dn_1: 0.0841 (0.1920)  loss_ddf_dn_2: 0.0115 (0.1122)  loss_ddf_dn_3: 0.0018 (0.0018)  loss_ddf_dn_4: 0.0000 (0.0000)  loss_ddf_dn_5: 0.0000 (0.0000)  loss_fgl: 1.0198 (1.0069)  loss_fgl_aux_0: 1.0376 (1.0346)  loss_fgl_aux_1: 1.0183 (1.0088)  loss_fgl_aux_2: 1.0194 (1.0066)  loss_fgl_aux_3: 1.0195 (1.0068)  loss_fgl_aux_4: 1.0197 (1.0069)  loss_fgl_dn_0: 1.1022 (1.0976)  loss_fgl_dn_1: 0.9754 (0.9708)  loss_fgl_dn_2: 0.9633 (0.9634)  loss_fgl_dn_3: 0.9633 (0.9636)  loss_fgl_dn_4: 0.9632 (0.9636)  loss_fgl_dn_5: 0.9630 (0.9636)  loss_giou: 0.2489 (0.2630)  loss_giou_aux_0: 0.2591 (0.2761)  loss_giou_aux_1: 0.2517 (0.2647)  loss_giou_aux_2: 0.2489 (0.2630)  loss_giou_aux_3: 0.2490 (0.2630)  loss_giou_aux_4: 0.2489 (0.2630)  loss_giou_dn_0: 0.2723 (0.2753)  loss_giou_dn_1: 0.2108 (0.2097)  loss_giou_dn_2: 0.2061 (0.2057)  loss_giou_dn_3: 0.2061 (0.2056)  loss_giou_dn_4: 0.2060 (0.2055)  loss_giou_dn_5: 0.2060 (0.2055)  loss_giou_dn_pre: 0.2730 (0.2757)  loss_giou_enc_0: 0.3433 (0.3619)  loss_giou_pre: 0.2601 (0.2754)  loss_vfl: 0.3055 (0.3133)  loss_vfl_aux_0: 0.3796 (0.3579)  loss_vfl_aux_1: 0.3223 (0.3271)  loss_vfl_aux_2: 0.3146 (0.3178)  loss_vfl_aux_3: 0.3073 (0.3140)  loss_vfl_aux_4: 0.3063 (0.3132)  loss_vfl_dn_0: 0.3670 (0.3661)  loss_vfl_dn_1: 0.2871 (0.2846)  loss_vfl_dn_2: 0.2833 (0.2787)  loss_vfl_dn_3: 0.2806 (0.2772)  loss_vfl_dn_4: 0.2799 (0.2770)  loss_vfl_dn_5: 0.2801 (0.2770)  loss_vfl_dn_pre: 0.3670 (0.3670)  loss_vfl_enc_0: 0.4106 (0.4055)  loss_vfl_pre: 0.3800 (0.3577)  time: 0.6189  data: 0.0086  max mem: 17742
Epoch: [9/120]  [1800/2360]  eta: 0:05:50  lr: 0.000009  loss: 22.1155 (22.6036)  loss_bbox: 0.0493 (0.0568)  loss_bbox_aux_0: 0.0546 (0.0626)  loss_bbox_aux_1: 0.0511 (0.0581)  loss_bbox_aux_2: 0.0491 (0.0569)  loss_bbox_aux_3: 0.0493 (0.0568)  loss_bbox_aux_4: 0.0493 (0.0568)  loss_bbox_dn_0: 0.0679 (0.0730)  loss_bbox_dn_1: 0.0437 (0.0515)  loss_bbox_dn_2: 0.0422 (0.0494)  loss_bbox_dn_3: 0.0422 (0.0493)  loss_bbox_dn_4: 0.0421 (0.0492)  loss_bbox_dn_5: 0.0421 (0.0492)  loss_bbox_dn_pre: 0.0692 (0.0770)  loss_bbox_enc_0: 0.0811 (0.0955)  loss_bbox_pre: 0.0524 (0.0624)  loss_ddf_aux_0: 0.0330 (0.0662)  loss_ddf_aux_1: 0.0069 (0.0216)  loss_ddf_aux_2: 0.0004 (0.0034)  loss_ddf_aux_3: 0.0001 (0.0000)  loss_ddf_aux_4: -0.0000 (0.0000)  loss_ddf_dn_0: 0.3853 (0.6799)  loss_ddf_dn_1: 0.0459 (0.1847)  loss_ddf_dn_2: 0.0062 (0.1064)  loss_ddf_dn_3: 0.0007 (0.0017)  loss_ddf_dn_4: 0.0000 (0.0000)  loss_ddf_dn_5: 0.0000 (0.0000)  loss_fgl: 0.9935 (1.0063)  loss_fgl_aux_0: 1.0090 (1.0341)  loss_fgl_aux_1: 0.9960 (1.0083)  loss_fgl_aux_2: 0.9934 (1.0060)  loss_fgl_aux_3: 0.9936 (1.0063)  loss_fgl_aux_4: 0.9936 (1.0063)  loss_fgl_dn_0: 1.0965 (1.0979)  loss_fgl_dn_1: 0.9617 (0.9708)  loss_fgl_dn_2: 0.9556 (0.9634)  loss_fgl_dn_3: 0.9557 (0.9636)  loss_fgl_dn_4: 0.9558 (0.9636)  loss_fgl_dn_5: 0.9560 (0.9636)  loss_giou: 0.2534 (0.2630)  loss_giou_aux_0: 0.2667 (0.2760)  loss_giou_aux_1: 0.2570 (0.2648)  loss_giou_aux_2: 0.2531 (0.2630)  loss_giou_aux_3: 0.2534 (0.2630)  loss_giou_aux_4: 0.2533 (0.2630)  loss_giou_dn_0: 0.2625 (0.2751)  loss_giou_dn_1: 0.2025 (0.2095)  loss_giou_dn_2: 0.1933 (0.2055)  loss_giou_dn_3: 0.1935 (0.2055)  loss_giou_dn_4: 0.1935 (0.2054)  loss_giou_dn_5: 0.1936 (0.2054)  loss_giou_dn_pre: 0.2684 (0.2755)  loss_giou_enc_0: 0.3470 (0.3617)  loss_giou_pre: 0.2646 (0.2753)  loss_vfl: 0.2944 (0.3133)  loss_vfl_aux_0: 0.3391 (0.3580)  loss_vfl_aux_1: 0.3142 (0.3270)  loss_vfl_aux_2: 0.3046 (0.3177)  loss_vfl_aux_3: 0.3033 (0.3140)  loss_vfl_aux_4: 0.2936 (0.3131)  loss_vfl_dn_0: 0.3577 (0.3659)  loss_vfl_dn_1: 0.2759 (0.2845)  loss_vfl_dn_2: 0.2719 (0.2786)  loss_vfl_dn_3: 0.2711 (0.2771)  loss_vfl_dn_4: 0.2709 (0.2769)  loss_vfl_dn_5: 0.2712 (0.2770)  loss_vfl_dn_pre: 0.3582 (0.3667)  loss_vfl_enc_0: 0.3844 (0.4055)  loss_vfl_pre: 0.3382 (0.3579)  time: 0.5977  data: 0.0086  max mem: 17742
Epoch: [9/120]  [1900/2360]  eta: 0:04:48  lr: 0.000009  loss: 21.2431 (22.5737)  loss_bbox: 0.0522 (0.0570)  loss_bbox_aux_0: 0.0591 (0.0628)  loss_bbox_aux_1: 0.0533 (0.0583)  loss_bbox_aux_2: 0.0522 (0.0571)  loss_bbox_aux_3: 0.0522 (0.0570)  loss_bbox_aux_4: 0.0522 (0.0570)  loss_bbox_dn_0: 0.0698 (0.0731)  loss_bbox_dn_1: 0.0459 (0.0516)  loss_bbox_dn_2: 0.0426 (0.0495)  loss_bbox_dn_3: 0.0426 (0.0494)  loss_bbox_dn_4: 0.0427 (0.0493)  loss_bbox_dn_5: 0.0427 (0.0493)  loss_bbox_dn_pre: 0.0707 (0.0771)  loss_bbox_enc_0: 0.0930 (0.0954)  loss_bbox_pre: 0.0567 (0.0625)  loss_ddf_aux_0: 0.0326 (0.0644)  loss_ddf_aux_1: 0.0065 (0.0208)  loss_ddf_aux_2: 0.0004 (0.0032)  loss_ddf_aux_3: 0.0000 (0.0000)  loss_ddf_aux_4: 0.0000 (0.0000)  loss_ddf_dn_0: 0.3851 (0.6645)  loss_ddf_dn_1: 0.0440 (0.1776)  loss_ddf_dn_2: 0.0052 (0.1011)  loss_ddf_dn_3: 0.0004 (0.0017)  loss_ddf_dn_4: 0.0000 (0.0000)  loss_ddf_dn_5: 0.0000 (0.0000)  loss_fgl: 1.0058 (1.0062)  loss_fgl_aux_0: 1.0294 (1.0340)  loss_fgl_aux_1: 0.9981 (1.0082)  loss_fgl_aux_2: 1.0065 (1.0059)  loss_fgl_aux_3: 1.0062 (1.0062)  loss_fgl_aux_4: 1.0060 (1.0062)  loss_fgl_dn_0: 1.0793 (1.0981)  loss_fgl_dn_1: 0.9432 (0.9711)  loss_fgl_dn_2: 0.9362 (0.9636)  loss_fgl_dn_3: 0.9361 (0.9639)  loss_fgl_dn_4: 0.9360 (0.9638)  loss_fgl_dn_5: 0.9359 (0.9638)  loss_giou: 0.2380 (0.2630)  loss_giou_aux_0: 0.2409 (0.2759)  loss_giou_aux_1: 0.2308 (0.2648)  loss_giou_aux_2: 0.2380 (0.2630)  loss_giou_aux_3: 0.2380 (0.2630)  loss_giou_aux_4: 0.2380 (0.2630)  loss_giou_dn_0: 0.2498 (0.2749)  loss_giou_dn_1: 0.1853 (0.2095)  loss_giou_dn_2: 0.1849 (0.2055)  loss_giou_dn_3: 0.1849 (0.2054)  loss_giou_dn_4: 0.1849 (0.2054)  loss_giou_dn_5: 0.1849 (0.2054)  loss_giou_dn_pre: 0.2491 (0.2753)  loss_giou_enc_0: 0.3279 (0.3610)  loss_giou_pre: 0.2407 (0.2752)  loss_vfl: 0.2909 (0.3133)  loss_vfl_aux_0: 0.3556 (0.3580)  loss_vfl_aux_1: 0.3001 (0.3268)  loss_vfl_aux_2: 0.2943 (0.3178)  loss_vfl_aux_3: 0.2929 (0.3141)  loss_vfl_aux_4: 0.2920 (0.3132)  loss_vfl_dn_0: 0.3579 (0.3657)  loss_vfl_dn_1: 0.2775 (0.2844)  loss_vfl_dn_2: 0.2757 (0.2785)  loss_vfl_dn_3: 0.2734 (0.2772)  loss_vfl_dn_4: 0.2722 (0.2769)  loss_vfl_dn_5: 0.2726 (0.2770)  loss_vfl_dn_pre: 0.3577 (0.3665)  loss_vfl_enc_0: 0.3792 (0.4052)  loss_vfl_pre: 0.3557 (0.3579)  time: 0.6521  data: 0.0088  max mem: 17742
Epoch: [9/120]  [2000/2360]  eta: 0:03:45  lr: 0.000009  loss: 21.2409 (22.5319)  loss_bbox: 0.0506 (0.0570)  loss_bbox_aux_0: 0.0610 (0.0627)  loss_bbox_aux_1: 0.0545 (0.0583)  loss_bbox_aux_2: 0.0506 (0.0571)  loss_bbox_aux_3: 0.0506 (0.0570)  loss_bbox_aux_4: 0.0506 (0.0570)  loss_bbox_dn_0: 0.0729 (0.0730)  loss_bbox_dn_1: 0.0505 (0.0516)  loss_bbox_dn_2: 0.0473 (0.0495)  loss_bbox_dn_3: 0.0473 (0.0494)  loss_bbox_dn_4: 0.0471 (0.0493)  loss_bbox_dn_5: 0.0471 (0.0493)  loss_bbox_dn_pre: 0.0780 (0.0770)  loss_bbox_enc_0: 0.1057 (0.0955)  loss_bbox_pre: 0.0587 (0.0624)  loss_ddf_aux_0: 0.0326 (0.0628)  loss_ddf_aux_1: 0.0068 (0.0201)  loss_ddf_aux_2: 0.0004 (0.0031)  loss_ddf_aux_3: 0.0000 (0.0000)  loss_ddf_aux_4: 0.0000 (0.0000)  loss_ddf_dn_0: 0.3408 (0.6526)  loss_ddf_dn_1: 0.0368 (0.1711)  loss_ddf_dn_2: 0.0067 (0.0964)  loss_ddf_dn_3: 0.0010 (0.0016)  loss_ddf_dn_4: 0.0000 (0.0000)  loss_ddf_dn_5: 0.0000 (0.0000)  loss_fgl: 0.9849 (1.0051)  loss_fgl_aux_0: 1.0040 (1.0330)  loss_fgl_aux_1: 0.9849 (1.0071)  loss_fgl_aux_2: 0.9839 (1.0048)  loss_fgl_aux_3: 0.9842 (1.0050)  loss_fgl_aux_4: 0.9845 (1.0051)  loss_fgl_dn_0: 1.0827 (1.0978)  loss_fgl_dn_1: 0.9551 (0.9705)  loss_fgl_dn_2: 0.9459 (0.9631)  loss_fgl_dn_3: 0.9460 (0.9633)  loss_fgl_dn_4: 0.9463 (0.9633)  loss_fgl_dn_5: 0.9464 (0.9633)  loss_giou: 0.2377 (0.2631)  loss_giou_aux_0: 0.2535 (0.2759)  loss_giou_aux_1: 0.2379 (0.2648)  loss_giou_aux_2: 0.2378 (0.2631)  loss_giou_aux_3: 0.2377 (0.2631)  loss_giou_aux_4: 0.2377 (0.2631)  loss_giou_dn_0: 0.2592 (0.2747)  loss_giou_dn_1: 0.1977 (0.2093)  loss_giou_dn_2: 0.1942 (0.2053)  loss_giou_dn_3: 0.1941 (0.2053)  loss_giou_dn_4: 0.1940 (0.2052)  loss_giou_dn_5: 0.1940 (0.2052)  loss_giou_dn_pre: 0.2618 (0.2751)  loss_giou_enc_0: 0.3261 (0.3608)  loss_giou_pre: 0.2521 (0.2752)  loss_vfl: 0.2996 (0.3130)  loss_vfl_aux_0: 0.3325 (0.3574)  loss_vfl_aux_1: 0.3167 (0.3267)  loss_vfl_aux_2: 0.3084 (0.3175)  loss_vfl_aux_3: 0.3000 (0.3137)  loss_vfl_aux_4: 0.2994 (0.3128)  loss_vfl_dn_0: 0.3577 (0.3654)  loss_vfl_dn_1: 0.2788 (0.2841)  loss_vfl_dn_2: 0.2714 (0.2783)  loss_vfl_dn_3: 0.2695 (0.2769)  loss_vfl_dn_4: 0.2677 (0.2767)  loss_vfl_dn_5: 0.2684 (0.2768)  loss_vfl_dn_pre: 0.3582 (0.3662)  loss_vfl_enc_0: 0.3924 (0.4048)  loss_vfl_pre: 0.3313 (0.3572)  time: 0.6351  data: 0.0087  max mem: 17742
Epoch: [9/120]  [2100/2360]  eta: 0:02:42  lr: 0.000009  loss: 22.0819 (22.5017)  loss_bbox: 0.0477 (0.0570)  loss_bbox_aux_0: 0.0563 (0.0627)  loss_bbox_aux_1: 0.0488 (0.0582)  loss_bbox_aux_2: 0.0477 (0.0571)  loss_bbox_aux_3: 0.0477 (0.0570)  loss_bbox_aux_4: 0.0477 (0.0570)  loss_bbox_dn_0: 0.0665 (0.0730)  loss_bbox_dn_1: 0.0444 (0.0516)  loss_bbox_dn_2: 0.0438 (0.0494)  loss_bbox_dn_3: 0.0439 (0.0494)  loss_bbox_dn_4: 0.0439 (0.0493)  loss_bbox_dn_5: 0.0439 (0.0493)  loss_bbox_dn_pre: 0.0705 (0.0770)  loss_bbox_enc_0: 0.0900 (0.0955)  loss_bbox_pre: 0.0559 (0.0624)  loss_ddf_aux_0: 0.0393 (0.0613)  loss_ddf_aux_1: 0.0092 (0.0195)  loss_ddf_aux_2: 0.0005 (0.0030)  loss_ddf_aux_3: 0.0000 (0.0000)  loss_ddf_aux_4: 0.0000 (0.0000)  loss_ddf_dn_0: 0.5722 (0.6404)  loss_ddf_dn_1: 0.0808 (0.1651)  loss_ddf_dn_2: 0.0183 (0.0922)  loss_ddf_dn_3: 0.0010 (0.0016)  loss_ddf_dn_4: 0.0000 (0.0000)  loss_ddf_dn_5: 0.0000 (0.0000)  loss_fgl: 0.9930 (1.0050)  loss_fgl_aux_0: 1.0242 (1.0327)  loss_fgl_aux_1: 0.9925 (1.0070)  loss_fgl_aux_2: 0.9938 (1.0047)  loss_fgl_aux_3: 0.9932 (1.0049)  loss_fgl_aux_4: 0.9931 (1.0049)  loss_fgl_dn_0: 1.1001 (1.0976)  loss_fgl_dn_1: 0.9747 (0.9703)  loss_fgl_dn_2: 0.9668 (0.9628)  loss_fgl_dn_3: 0.9671 (0.9631)  loss_fgl_dn_4: 0.9674 (0.9630)  loss_fgl_dn_5: 0.9677 (0.9630)  loss_giou: 0.2536 (0.2630)  loss_giou_aux_0: 0.2702 (0.2756)  loss_giou_aux_1: 0.2546 (0.2647)  loss_giou_aux_2: 0.2538 (0.2630)  loss_giou_aux_3: 0.2537 (0.2630)  loss_giou_aux_4: 0.2536 (0.2630)  loss_giou_dn_0: 0.2739 (0.2745)  loss_giou_dn_1: 0.2094 (0.2093)  loss_giou_dn_2: 0.2065 (0.2053)  loss_giou_dn_3: 0.2065 (0.2053)  loss_giou_dn_4: 0.2065 (0.2052)  loss_giou_dn_5: 0.2065 (0.2052)  loss_giou_dn_pre: 0.2755 (0.2749)  loss_giou_enc_0: 0.3343 (0.3606)  loss_giou_pre: 0.2692 (0.2749)  loss_vfl: 0.3148 (0.3130)  loss_vfl_aux_0: 0.3504 (0.3570)  loss_vfl_aux_1: 0.3232 (0.3267)  loss_vfl_aux_2: 0.3198 (0.3176)  loss_vfl_aux_3: 0.3241 (0.3137)  loss_vfl_aux_4: 0.3140 (0.3129)  loss_vfl_dn_0: 0.3597 (0.3652)  loss_vfl_dn_1: 0.2832 (0.2840)  loss_vfl_dn_2: 0.2791 (0.2783)  loss_vfl_dn_3: 0.2779 (0.2769)  loss_vfl_dn_4: 0.2782 (0.2767)  loss_vfl_dn_5: 0.2782 (0.2768)  loss_vfl_dn_pre: 0.3599 (0.3660)  loss_vfl_enc_0: 0.3962 (0.4046)  loss_vfl_pre: 0.3509 (0.3569)  time: 0.5958  data: 0.0087  max mem: 17742
Epoch: [9/120]  [2200/2360]  eta: 0:01:40  lr: 0.000009  loss: 22.5107 (22.4788)  loss_bbox: 0.0476 (0.0570)  loss_bbox_aux_0: 0.0561 (0.0627)  loss_bbox_aux_1: 0.0497 (0.0583)  loss_bbox_aux_2: 0.0477 (0.0571)  loss_bbox_aux_3: 0.0476 (0.0570)  loss_bbox_aux_4: 0.0476 (0.0570)  loss_bbox_dn_0: 0.0729 (0.0730)  loss_bbox_dn_1: 0.0463 (0.0515)  loss_bbox_dn_2: 0.0435 (0.0494)  loss_bbox_dn_3: 0.0435 (0.0494)  loss_bbox_dn_4: 0.0434 (0.0493)  loss_bbox_dn_5: 0.0435 (0.0493)  loss_bbox_dn_pre: 0.0802 (0.0771)  loss_bbox_enc_0: 0.0985 (0.0956)  loss_bbox_pre: 0.0554 (0.0625)  loss_ddf_aux_0: 0.0458 (0.0601)  loss_ddf_aux_1: 0.0103 (0.0190)  loss_ddf_aux_2: 0.0005 (0.0028)  loss_ddf_aux_3: 0.0000 (0.0000)  loss_ddf_aux_4: 0.0000 (0.0000)  loss_ddf_dn_0: 0.5130 (0.6333)  loss_ddf_dn_1: 0.0496 (0.1596)  loss_ddf_dn_2: 0.0054 (0.0884)  loss_ddf_dn_3: 0.0008 (0.0015)  loss_ddf_dn_4: 0.0000 (0.0000)  loss_ddf_dn_5: 0.0000 (0.0000)  loss_fgl: 0.9927 (1.0044)  loss_fgl_aux_0: 1.0259 (1.0323)  loss_fgl_aux_1: 0.9969 (1.0065)  loss_fgl_aux_2: 0.9933 (1.0042)  loss_fgl_aux_3: 0.9931 (1.0044)  loss_fgl_aux_4: 0.9928 (1.0044)  loss_fgl_dn_0: 1.1197 (1.0976)  loss_fgl_dn_1: 0.9855 (0.9702)  loss_fgl_dn_2: 0.9731 (0.9627)  loss_fgl_dn_3: 0.9732 (0.9629)  loss_fgl_dn_4: 0.9734 (0.9629)  loss_fgl_dn_5: 0.9735 (0.9629)  loss_giou: 0.2652 (0.2630)  loss_giou_aux_0: 0.2897 (0.2757)  loss_giou_aux_1: 0.2666 (0.2647)  loss_giou_aux_2: 0.2651 (0.2630)  loss_giou_aux_3: 0.2652 (0.2630)  loss_giou_aux_4: 0.2652 (0.2630)  loss_giou_dn_0: 0.2867 (0.2744)  loss_giou_dn_1: 0.2195 (0.2092)  loss_giou_dn_2: 0.2137 (0.2052)  loss_giou_dn_3: 0.2137 (0.2052)  loss_giou_dn_4: 0.2137 (0.2051)  loss_giou_dn_5: 0.2137 (0.2051)  loss_giou_dn_pre: 0.2876 (0.2749)  loss_giou_enc_0: 0.3512 (0.3604)  loss_giou_pre: 0.2894 (0.2750)  loss_vfl: 0.3179 (0.3130)  loss_vfl_aux_0: 0.3437 (0.3569)  loss_vfl_aux_1: 0.3167 (0.3266)  loss_vfl_aux_2: 0.3204 (0.3177)  loss_vfl_aux_3: 0.3212 (0.3137)  loss_vfl_aux_4: 0.3175 (0.3129)  loss_vfl_dn_0: 0.3678 (0.3651)  loss_vfl_dn_1: 0.2865 (0.2839)  loss_vfl_dn_2: 0.2795 (0.2781)  loss_vfl_dn_3: 0.2784 (0.2768)  loss_vfl_dn_4: 0.2787 (0.2766)  loss_vfl_dn_5: 0.2783 (0.2767)  loss_vfl_dn_pre: 0.3688 (0.3659)  loss_vfl_enc_0: 0.4080 (0.4046)  loss_vfl_pre: 0.3424 (0.3568)  time: 0.6471  data: 0.0091  max mem: 17742
Epoch: [9/120]  [2300/2360]  eta: 0:00:37  lr: 0.000009  loss: 21.7457 (22.4471)  loss_bbox: 0.0477 (0.0568)  loss_bbox_aux_0: 0.0526 (0.0625)  loss_bbox_aux_1: 0.0447 (0.0580)  loss_bbox_aux_2: 0.0477 (0.0569)  loss_bbox_aux_3: 0.0477 (0.0568)  loss_bbox_aux_4: 0.0477 (0.0568)  loss_bbox_dn_0: 0.0652 (0.0728)  loss_bbox_dn_1: 0.0413 (0.0513)  loss_bbox_dn_2: 0.0424 (0.0492)  loss_bbox_dn_3: 0.0423 (0.0491)  loss_bbox_dn_4: 0.0411 (0.0490)  loss_bbox_dn_5: 0.0411 (0.0491)  loss_bbox_dn_pre: 0.0714 (0.0769)  loss_bbox_enc_0: 0.0817 (0.0953)  loss_bbox_pre: 0.0519 (0.0623)  loss_ddf_aux_0: 0.0347 (0.0592)  loss_ddf_aux_1: 0.0075 (0.0185)  loss_ddf_aux_2: 0.0005 (0.0027)  loss_ddf_aux_3: 0.0000 (0.0000)  loss_ddf_aux_4: 0.0000 (0.0000)  loss_ddf_dn_0: 0.3909 (0.6237)  loss_ddf_dn_1: 0.0314 (0.1543)  loss_ddf_dn_2: 0.0048 (0.0848)  loss_ddf_dn_3: 0.0003 (0.0015)  loss_ddf_dn_4: 0.0000 (0.0000)  loss_ddf_dn_5: 0.0000 (0.0000)  loss_fgl: 1.0071 (1.0043)  loss_fgl_aux_0: 1.0311 (1.0322)  loss_fgl_aux_1: 1.0119 (1.0064)  loss_fgl_aux_2: 1.0079 (1.0041)  loss_fgl_aux_3: 1.0073 (1.0043)  loss_fgl_aux_4: 1.0072 (1.0043)  loss_fgl_dn_0: 1.1009 (1.0976)  loss_fgl_dn_1: 0.9586 (0.9701)  loss_fgl_dn_2: 0.9557 (0.9626)  loss_fgl_dn_3: 0.9555 (0.9628)  loss_fgl_dn_4: 0.9553 (0.9628)  loss_fgl_dn_5: 0.9553 (0.9628)  loss_giou: 0.2563 (0.2628)  loss_giou_aux_0: 0.2620 (0.2754)  loss_giou_aux_1: 0.2604 (0.2645)  loss_giou_aux_2: 0.2561 (0.2628)  loss_giou_aux_3: 0.2562 (0.2628)  loss_giou_aux_4: 0.2562 (0.2628)  loss_giou_dn_0: 0.2636 (0.2741)  loss_giou_dn_1: 0.2054 (0.2090)  loss_giou_dn_2: 0.2021 (0.2051)  loss_giou_dn_3: 0.2019 (0.2050)  loss_giou_dn_4: 0.2019 (0.2050)  loss_giou_dn_5: 0.2019 (0.2050)  loss_giou_dn_pre: 0.2661 (0.2746)  loss_giou_enc_0: 0.3463 (0.3602)  loss_giou_pre: 0.2627 (0.2747)  loss_vfl: 0.2981 (0.3126)  loss_vfl_aux_0: 0.3482 (0.3564)  loss_vfl_aux_1: 0.3079 (0.3262)  loss_vfl_aux_2: 0.3033 (0.3174)  loss_vfl_aux_3: 0.2978 (0.3134)  loss_vfl_aux_4: 0.2979 (0.3125)  loss_vfl_dn_0: 0.3568 (0.3649)  loss_vfl_dn_1: 0.2783 (0.2837)  loss_vfl_dn_2: 0.2735 (0.2780)  loss_vfl_dn_3: 0.2725 (0.2767)  loss_vfl_dn_4: 0.2712 (0.2765)  loss_vfl_dn_5: 0.2713 (0.2766)  loss_vfl_dn_pre: 0.3572 (0.3657)  loss_vfl_enc_0: 0.3958 (0.4043)  loss_vfl_pre: 0.3476 (0.3562)  time: 0.6654  data: 0.0087  max mem: 17742
Epoch: [9/120]  [2359/2360]  eta: 0:00:00  lr: 0.000009  loss: 21.0485 (22.4289)  loss_bbox: 0.0486 (0.0569)  loss_bbox_aux_0: 0.0566 (0.0626)  loss_bbox_aux_1: 0.0506 (0.0582)  loss_bbox_aux_2: 0.0487 (0.0570)  loss_bbox_aux_3: 0.0486 (0.0569)  loss_bbox_aux_4: 0.0486 (0.0569)  loss_bbox_dn_0: 0.0717 (0.0728)  loss_bbox_dn_1: 0.0469 (0.0514)  loss_bbox_dn_2: 0.0455 (0.0493)  loss_bbox_dn_3: 0.0456 (0.0492)  loss_bbox_dn_4: 0.0454 (0.0491)  loss_bbox_dn_5: 0.0454 (0.0491)  loss_bbox_dn_pre: 0.0738 (0.0769)  loss_bbox_enc_0: 0.0854 (0.0953)  loss_bbox_pre: 0.0567 (0.0624)  loss_ddf_aux_0: 0.0333 (0.0586)  loss_ddf_aux_1: 0.0081 (0.0183)  loss_ddf_aux_2: 0.0007 (0.0027)  loss_ddf_aux_3: 0.0000 (0.0000)  loss_ddf_aux_4: 0.0000 (0.0000)  loss_ddf_dn_0: 0.3141 (0.6170)  loss_ddf_dn_1: 0.0308 (0.1512)  loss_ddf_dn_2: 0.0055 (0.0828)  loss_ddf_dn_3: 0.0004 (0.0015)  loss_ddf_dn_4: 0.0000 (0.0000)  loss_ddf_dn_5: 0.0000 (0.0000)  loss_fgl: 0.9772 (1.0041)  loss_fgl_aux_0: 1.0007 (1.0321)  loss_fgl_aux_1: 0.9765 (1.0063)  loss_fgl_aux_2: 0.9772 (1.0039)  loss_fgl_aux_3: 0.9773 (1.0041)  loss_fgl_aux_4: 0.9772 (1.0041)  loss_fgl_dn_0: 1.0863 (1.0976)  loss_fgl_dn_1: 0.9277 (0.9700)  loss_fgl_dn_2: 0.9219 (0.9625)  loss_fgl_dn_3: 0.9220 (0.9627)  loss_fgl_dn_4: 0.9223 (0.9627)  loss_fgl_dn_5: 0.9224 (0.9627)  loss_giou: 0.2281 (0.2624)  loss_giou_aux_0: 0.2419 (0.2751)  loss_giou_aux_1: 0.2279 (0.2641)  loss_giou_aux_2: 0.2279 (0.2624)  loss_giou_aux_3: 0.2282 (0.2624)  loss_giou_aux_4: 0.2281 (0.2624)  loss_giou_dn_0: 0.2590 (0.2739)  loss_giou_dn_1: 0.1861 (0.2088)  loss_giou_dn_2: 0.1828 (0.2049)  loss_giou_dn_3: 0.1828 (0.2049)  loss_giou_dn_4: 0.1827 (0.2048)  loss_giou_dn_5: 0.1828 (0.2048)  loss_giou_dn_pre: 0.2601 (0.2744)  loss_giou_enc_0: 0.3219 (0.3597)  loss_giou_pre: 0.2426 (0.2743)  loss_vfl: 0.2830 (0.3126)  loss_vfl_aux_0: 0.3427 (0.3566)  loss_vfl_aux_1: 0.3061 (0.3263)  loss_vfl_aux_2: 0.2871 (0.3174)  loss_vfl_aux_3: 0.2823 (0.3134)  loss_vfl_aux_4: 0.2822 (0.3125)  loss_vfl_dn_0: 0.3579 (0.3648)  loss_vfl_dn_1: 0.2670 (0.2836)  loss_vfl_dn_2: 0.2585 (0.2779)  loss_vfl_dn_3: 0.2584 (0.2767)  loss_vfl_dn_4: 0.2581 (0.2764)  loss_vfl_dn_5: 0.2583 (0.2765)  loss_vfl_dn_pre: 0.3586 (0.3656)  loss_vfl_enc_0: 0.3822 (0.4042)  loss_vfl_pre: 0.3425 (0.3564)  time: 0.5905  data: 0.0081  max mem: 17742
Epoch: [9/120] Total time: 0:24:40 (0.6272 s / it)
Averaged stats: lr: 0.000009  loss: 21.0485 (22.4289)  loss_bbox: 0.0486 (0.0569)  loss_bbox_aux_0: 0.0566 (0.0626)  loss_bbox_aux_1: 0.0506 (0.0582)  loss_bbox_aux_2: 0.0487 (0.0570)  loss_bbox_aux_3: 0.0486 (0.0569)  loss_bbox_aux_4: 0.0486 (0.0569)  loss_bbox_dn_0: 0.0717 (0.0728)  loss_bbox_dn_1: 0.0469 (0.0514)  loss_bbox_dn_2: 0.0455 (0.0493)  loss_bbox_dn_3: 0.0456 (0.0492)  loss_bbox_dn_4: 0.0454 (0.0491)  loss_bbox_dn_5: 0.0454 (0.0491)  loss_bbox_dn_pre: 0.0738 (0.0769)  loss_bbox_enc_0: 0.0854 (0.0953)  loss_bbox_pre: 0.0567 (0.0624)  loss_ddf_aux_0: 0.0333 (0.0586)  loss_ddf_aux_1: 0.0081 (0.0183)  loss_ddf_aux_2: 0.0007 (0.0027)  loss_ddf_aux_3: 0.0000 (0.0000)  loss_ddf_aux_4: 0.0000 (0.0000)  loss_ddf_dn_0: 0.3141 (0.6170)  loss_ddf_dn_1: 0.0308 (0.1512)  loss_ddf_dn_2: 0.0055 (0.0828)  loss_ddf_dn_3: 0.0004 (0.0015)  loss_ddf_dn_4: 0.0000 (0.0000)  loss_ddf_dn_5: 0.0000 (0.0000)  loss_fgl: 0.9772 (1.0041)  loss_fgl_aux_0: 1.0007 (1.0321)  loss_fgl_aux_1: 0.9765 (1.0063)  loss_fgl_aux_2: 0.9772 (1.0039)  loss_fgl_aux_3: 0.9773 (1.0041)  loss_fgl_aux_4: 0.9772 (1.0041)  loss_fgl_dn_0: 1.0863 (1.0976)  loss_fgl_dn_1: 0.9277 (0.9700)  loss_fgl_dn_2: 0.9219 (0.9625)  loss_fgl_dn_3: 0.9220 (0.9627)  loss_fgl_dn_4: 0.9223 (0.9627)  loss_fgl_dn_5: 0.9224 (0.9627)  loss_giou: 0.2281 (0.2624)  loss_giou_aux_0: 0.2419 (0.2751)  loss_giou_aux_1: 0.2279 (0.2641)  loss_giou_aux_2: 0.2279 (0.2624)  loss_giou_aux_3: 0.2282 (0.2624)  loss_giou_aux_4: 0.2281 (0.2624)  loss_giou_dn_0: 0.2590 (0.2739)  loss_giou_dn_1: 0.1861 (0.2088)  loss_giou_dn_2: 0.1828 (0.2049)  loss_giou_dn_3: 0.1828 (0.2049)  loss_giou_dn_4: 0.1827 (0.2048)  loss_giou_dn_5: 0.1828 (0.2048)  loss_giou_dn_pre: 0.2601 (0.2744)  loss_giou_enc_0: 0.3219 (0.3597)  loss_giou_pre: 0.2426 (0.2743)  loss_vfl: 0.2830 (0.3126)  loss_vfl_aux_0: 0.3427 (0.3566)  loss_vfl_aux_1: 0.3061 (0.3263)  loss_vfl_aux_2: 0.2871 (0.3174)  loss_vfl_aux_3: 0.2823 (0.3134)  loss_vfl_aux_4: 0.2822 (0.3125)  loss_vfl_dn_0: 0.3579 (0.3648)  loss_vfl_dn_1: 0.2670 (0.2836)  loss_vfl_dn_2: 0.2585 (0.2779)  loss_vfl_dn_3: 0.2584 (0.2767)  loss_vfl_dn_4: 0.2581 (0.2764)  loss_vfl_dn_5: 0.2583 (0.2765)  loss_vfl_dn_pre: 0.3586 (0.3656)  loss_vfl_enc_0: 0.3822 (0.4042)  loss_vfl_pre: 0.3425 (0.3564)
Test:  [  0/109]  eta: 0:01:48    time: 0.9982  data: 0.8543  max mem: 17742
Test:  [ 10/109]  eta: 0:00:28    time: 0.2866  data: 0.0873  max mem: 17742
Test:  [ 20/109]  eta: 0:00:22    time: 0.2178  data: 0.0105  max mem: 17742
Test:  [ 30/109]  eta: 0:00:18    time: 0.1988  data: 0.0111  max mem: 17742
Test:  [ 40/109]  eta: 0:00:15    time: 0.1985  data: 0.0115  max mem: 17742
Test:  [ 50/109]  eta: 0:00:12    time: 0.1946  data: 0.0106  max mem: 17742
Test:  [ 60/109]  eta: 0:00:10    time: 0.1950  data: 0.0103  max mem: 17742
Test:  [ 70/109]  eta: 0:00:08    time: 0.2169  data: 0.0106  max mem: 17742
Test:  [ 80/109]  eta: 0:00:06    time: 0.1975  data: 0.0104  max mem: 17742
Test:  [ 90/109]  eta: 0:00:04    time: 0.2126  data: 0.0111  max mem: 17742
Test:  [100/109]  eta: 0:00:01    time: 0.1962  data: 0.0105  max mem: 17742
Test:  [108/109]  eta: 0:00:00    time: 0.1512  data: 0.0086  max mem: 17742
Test: Total time: 0:00:22 (0.2052 s / it)
Metrics: {'f1': 0.9598603839441536, 'precision': 0.9717314487632509, 'recall': 0.9482758620689655, 'iou': 0.7801834371532637, 'TPs': 825, 'FPs': 24, 'FNs': 45}
Averaged stats: 
Accumulating evaluation results...
COCOeval_opt.accumulate() finished...
DONE (t=0.28s).
IoU metric: bbox
 Average Precision  (AP) @[ IoU=0.50:0.95 | area=   all | maxDets=100 ] = 0.673
 Average Precision  (AP) @[ IoU=0.50      | area=   all | maxDets=100 ] = 0.955
 Average Precision  (AP) @[ IoU=0.75      | area=   all | maxDets=100 ] = 0.770
 Average Precision  (AP) @[ IoU=0.50:0.95 | area= small | maxDets=100 ] = 0.600
 Average Precision  (AP) @[ IoU=0.50:0.95 | area=medium | maxDets=100 ] = 0.760
 Average Precision  (AP) @[ IoU=0.50:0.95 | area= large | maxDets=100 ] = 0.764
 Average Recall     (AR) @[ IoU=0.50:0.95 | area=   all | maxDets=  1 ] = 0.691
 Average Recall     (AR) @[ IoU=0.50:0.95 | area=   all | maxDets= 10 ] = 0.718
 Average Recall     (AR) @[ IoU=0.50:0.95 | area=   all | maxDets=100 ] = 0.751
 Average Recall     (AR) @[ IoU=0.50:0.95 | area= small | maxDets=100 ] = 0.673
 Average Recall     (AR) @[ IoU=0.50:0.95 | area=medium | maxDets=100 ] = 0.826
 Average Recall     (AR) @[ IoU=0.50:0.95 | area= large | maxDets=100 ] = 0.882
 Average Recall     (AR) @[ IoU=0.50      | area=   all | maxDets=100 ] = 0.977
 Average Recall     (AR) @[ IoU=0.75      | area=   all | maxDets=100 ] = 0.847
best_stat: {'epoch': 9, 'coco_eval_bbox': 0.6726378779841331}
Epoch: [10/120]  [   0/2360]  eta: 2:31:15  lr: 0.000009  loss: 18.9673 (18.9673)  loss_bbox: 0.0559 (0.0559)  loss_bbox_aux_0: 0.0629 (0.0629)  loss_bbox_aux_1: 0.0555 (0.0555)  loss_bbox_aux_2: 0.0558 (0.0558)  loss_bbox_aux_3: 0.0558 (0.0558)  loss_bbox_aux_4: 0.0558 (0.0558)  loss_bbox_dn_0: 0.0750 (0.0750)  loss_bbox_dn_1: 0.0544 (0.0544)  loss_bbox_dn_2: 0.0536 (0.0536)  loss_bbox_dn_3: 0.0536 (0.0536)  loss_bbox_dn_4: 0.0535 (0.0535)  loss_bbox_dn_5: 0.0535 (0.0535)  loss_bbox_dn_pre: 0.0824 (0.0824)  loss_bbox_enc_0: 0.0892 (0.0892)  loss_bbox_pre: 0.0628 (0.0628)  loss_ddf_aux_0: 0.0373 (0.0373)  loss_ddf_aux_1: 0.0089 (0.0089)  loss_ddf_aux_2: 0.0007 (0.0007)  loss_ddf_aux_3: 0.0001 (0.0001)  loss_ddf_aux_4: 0.0000 (0.0000)  loss_ddf_dn_0: 0.3414 (0.3414)  loss_ddf_dn_1: 0.0357 (0.0357)  loss_ddf_dn_2: 0.0074 (0.0074)  loss_ddf_dn_3: 0.0006 (0.0006)  loss_ddf_dn_4: 0.0000 (0.0000)  loss_ddf_dn_5: 0.0000 (0.0000)  loss_fgl: 0.9214 (0.9214)  loss_fgl_aux_0: 0.9597 (0.9597)  loss_fgl_aux_1: 0.9266 (0.9266)  loss_fgl_aux_2: 0.9215 (0.9215)  loss_fgl_aux_3: 0.9215 (0.9215)  loss_fgl_aux_4: 0.9214 (0.9214)  loss_fgl_dn_0: 1.0313 (1.0313)  loss_fgl_dn_1: 0.8839 (0.8839)  loss_fgl_dn_2: 0.8769 (0.8769)  loss_fgl_dn_3: 0.8768 (0.8768)  loss_fgl_dn_4: 0.8768 (0.8768)  loss_fgl_dn_5: 0.8767 (0.8767)  loss_giou: 0.1804 (0.1804)  loss_giou_aux_0: 0.1838 (0.1838)  loss_giou_aux_1: 0.1800 (0.1800)  loss_giou_aux_2: 0.1804 (0.1804)  loss_giou_aux_3: 0.1803 (0.1803)  loss_giou_aux_4: 0.1803 (0.1803)  loss_giou_dn_0: 0.2091 (0.2091)  loss_giou_dn_1: 0.1541 (0.1541)  loss_giou_dn_2: 0.1498 (0.1498)  loss_giou_dn_3: 0.1497 (0.1497)  loss_giou_dn_4: 0.1496 (0.1496)  loss_giou_dn_5: 0.1496 (0.1496)  loss_giou_dn_pre: 0.2108 (0.2108)  loss_giou_enc_0: 0.2409 (0.2409)  loss_giou_pre: 0.1827 (0.1827)  loss_vfl: 0.2449 (0.2449)  loss_vfl_aux_0: 0.2744 (0.2744)  loss_vfl_aux_1: 0.2548 (0.2548)  loss_vfl_aux_2: 0.2472 (0.2472)  loss_vfl_aux_3: 0.2452 (0.2452)  loss_vfl_aux_4: 0.2450 (0.2450)  loss_vfl_dn_0: 0.3263 (0.3263)  loss_vfl_dn_1: 0.2389 (0.2389)  loss_vfl_dn_2: 0.2334 (0.2334)  loss_vfl_dn_3: 0.2324 (0.2324)  loss_vfl_dn_4: 0.2326 (0.2326)  loss_vfl_dn_5: 0.2323 (0.2323)  loss_vfl_dn_pre: 0.3273 (0.3273)  loss_vfl_enc_0: 0.3312 (0.3312)  loss_vfl_pre: 0.2736 (0.2736)  time: 3.8454  data: 1.2076  max mem: 17742
Epoch: [10/120]  [ 100/2360]  eta: 0:25:40  lr: 0.000009  loss: 21.4033 (21.8301)  loss_bbox: 0.0460 (0.0559)  loss_bbox_aux_0: 0.0504 (0.0620)  loss_bbox_aux_1: 0.0466 (0.0566)  loss_bbox_aux_2: 0.0460 (0.0559)  loss_bbox_aux_3: 0.0460 (0.0559)  loss_bbox_aux_4: 0.0460 (0.0559)  loss_bbox_dn_0: 0.0656 (0.0725)  loss_bbox_dn_1: 0.0448 (0.0511)  loss_bbox_dn_2: 0.0443 (0.0490)  loss_bbox_dn_3: 0.0443 (0.0489)  loss_bbox_dn_4: 0.0441 (0.0489)  loss_bbox_dn_5: 0.0441 (0.0489)  loss_bbox_dn_pre: 0.0708 (0.0768)  loss_bbox_enc_0: 0.0808 (0.0974)  loss_bbox_pre: 0.0540 (0.0622)  loss_ddf_aux_0: 0.0403 (0.0446)  loss_ddf_aux_1: 0.0106 (0.0111)  loss_ddf_aux_2: 0.0010 (0.0010)  loss_ddf_aux_3: 0.0000 (0.0000)  loss_ddf_aux_4: -0.0000 (0.0000)  loss_ddf_dn_0: 0.3361 (0.3977)  loss_ddf_dn_1: 0.0360 (0.0374)  loss_ddf_dn_2: 0.0081 (0.0074)  loss_ddf_dn_3: 0.0004 (0.0005)  loss_ddf_dn_4: 0.0000 (0.0000)  loss_ddf_dn_5: 0.0000 (0.0000)  loss_fgl: 1.0055 (0.9987)  loss_fgl_aux_0: 1.0230 (1.0322)  loss_fgl_aux_1: 1.0167 (1.0020)  loss_fgl_aux_2: 1.0058 (0.9988)  loss_fgl_aux_3: 1.0056 (0.9987)  loss_fgl_aux_4: 1.0056 (0.9987)  loss_fgl_dn_0: 1.0850 (1.0982)  loss_fgl_dn_1: 0.9537 (0.9627)  loss_fgl_dn_2: 0.9518 (0.9552)  loss_fgl_dn_3: 0.9514 (0.9552)  loss_fgl_dn_4: 0.9514 (0.9553)  loss_fgl_dn_5: 0.9513 (0.9553)  loss_giou: 0.2356 (0.2527)  loss_giou_aux_0: 0.2513 (0.2649)  loss_giou_aux_1: 0.2326 (0.2541)  loss_giou_aux_2: 0.2361 (0.2527)  loss_giou_aux_3: 0.2359 (0.2527)  loss_giou_aux_4: 0.2356 (0.2527)  loss_giou_dn_0: 0.2700 (0.2693)  loss_giou_dn_1: 0.2066 (0.2048)  loss_giou_dn_2: 0.2027 (0.2011)  loss_giou_dn_3: 0.2027 (0.2011)  loss_giou_dn_4: 0.2027 (0.2011)  loss_giou_dn_5: 0.2027 (0.2011)  loss_giou_dn_pre: 0.2698 (0.2703)  loss_giou_enc_0: 0.3263 (0.3538)  loss_giou_pre: 0.2498 (0.2645)  loss_vfl: 0.2971 (0.3110)  loss_vfl_aux_0: 0.3426 (0.3659)  loss_vfl_aux_1: 0.3185 (0.3291)  loss_vfl_aux_2: 0.2988 (0.3157)  loss_vfl_aux_3: 0.2947 (0.3118)  loss_vfl_aux_4: 0.3123 (0.3121)  loss_vfl_dn_0: 0.3609 (0.3628)  loss_vfl_dn_1: 0.2826 (0.2802)  loss_vfl_dn_2: 0.2747 (0.2746)  loss_vfl_dn_3: 0.2729 (0.2737)  loss_vfl_dn_4: 0.2732 (0.2736)  loss_vfl_dn_5: 0.2737 (0.2737)  loss_vfl_dn_pre: 0.3634 (0.3639)  loss_vfl_enc_0: 0.4057 (0.4111)  loss_vfl_pre: 0.3393 (0.3653)  time: 0.6438  data: 0.0084  max mem: 17742
Epoch: [10/120]  [ 200/2360]  eta: 0:23:48  lr: 0.000009  loss: 21.8852 (21.9649)  loss_bbox: 0.0507 (0.0562)  loss_bbox_aux_0: 0.0532 (0.0624)  loss_bbox_aux_1: 0.0516 (0.0572)  loss_bbox_aux_2: 0.0507 (0.0562)  loss_bbox_aux_3: 0.0507 (0.0562)  loss_bbox_aux_4: 0.0507 (0.0562)  loss_bbox_dn_0: 0.0593 (0.0712)  loss_bbox_dn_1: 0.0456 (0.0503)  loss_bbox_dn_2: 0.0452 (0.0484)  loss_bbox_dn_3: 0.0450 (0.0484)  loss_bbox_dn_4: 0.0450 (0.0483)  loss_bbox_dn_5: 0.0450 (0.0483)  loss_bbox_dn_pre: 0.0622 (0.0753)  loss_bbox_enc_0: 0.0777 (0.0947)  loss_bbox_pre: 0.0528 (0.0625)  loss_ddf_aux_0: 0.0396 (0.0452)  loss_ddf_aux_1: 0.0100 (0.0114)  loss_ddf_aux_2: 0.0008 (0.0010)  loss_ddf_aux_3: 0.0000 (0.0000)  loss_ddf_aux_4: 0.0000 (0.0000)  loss_ddf_dn_0: 0.3097 (0.4249)  loss_ddf_dn_1: 0.0273 (0.0392)  loss_ddf_dn_2: 0.0057 (0.0076)  loss_ddf_dn_3: 0.0002 (0.0004)  loss_ddf_dn_4: 0.0000 (0.0000)  loss_ddf_dn_5: 0.0000 (0.0000)  loss_fgl: 1.0149 (1.0021)  loss_fgl_aux_0: 1.0381 (1.0334)  loss_fgl_aux_1: 1.0099 (1.0051)  loss_fgl_aux_2: 1.0120 (1.0020)  loss_fgl_aux_3: 1.0153 (1.0020)  loss_fgl_aux_4: 1.0150 (1.0020)  loss_fgl_dn_0: 1.0977 (1.1006)  loss_fgl_dn_1: 0.9709 (0.9671)  loss_fgl_dn_2: 0.9617 (0.9594)  loss_fgl_dn_3: 0.9620 (0.9595)  loss_fgl_dn_4: 0.9618 (0.9595)  loss_fgl_dn_5: 0.9618 (0.9595)  loss_giou: 0.2415 (0.2561)  loss_giou_aux_0: 0.2557 (0.2685)  loss_giou_aux_1: 0.2459 (0.2577)  loss_giou_aux_2: 0.2412 (0.2562)  loss_giou_aux_3: 0.2414 (0.2561)  loss_giou_aux_4: 0.2415 (0.2561)  loss_giou_dn_0: 0.2715 (0.2714)  loss_giou_dn_1: 0.2082 (0.2068)  loss_giou_dn_2: 0.2082 (0.2032)  loss_giou_dn_3: 0.2081 (0.2031)  loss_giou_dn_4: 0.2082 (0.2031)  loss_giou_dn_5: 0.2082 (0.2031)  loss_giou_dn_pre: 0.2734 (0.2723)  loss_giou_enc_0: 0.3448 (0.3547)  loss_giou_pre: 0.2551 (0.2680)  loss_vfl: 0.3030 (0.3139)  loss_vfl_aux_0: 0.3514 (0.3678)  loss_vfl_aux_1: 0.3278 (0.3330)  loss_vfl_aux_2: 0.3251 (0.3186)  loss_vfl_aux_3: 0.3006 (0.3151)  loss_vfl_aux_4: 0.3030 (0.3145)  loss_vfl_dn_0: 0.3654 (0.3635)  loss_vfl_dn_1: 0.2843 (0.2818)  loss_vfl_dn_2: 0.2804 (0.2765)  loss_vfl_dn_3: 0.2805 (0.2759)  loss_vfl_dn_4: 0.2800 (0.2758)  loss_vfl_dn_5: 0.2802 (0.2758)  loss_vfl_dn_pre: 0.3671 (0.3645)  loss_vfl_enc_0: 0.4045 (0.4104)  loss_vfl_pre: 0.3513 (0.3674)  time: 0.6336  data: 0.0085  max mem: 17742
Epoch: [10/120]  [ 300/2360]  eta: 0:22:26  lr: 0.000009  loss: 21.9466 (21.9542)  loss_bbox: 0.0553 (0.0567)  loss_bbox_aux_0: 0.0640 (0.0627)  loss_bbox_aux_1: 0.0576 (0.0575)  loss_bbox_aux_2: 0.0554 (0.0567)  loss_bbox_aux_3: 0.0553 (0.0567)  loss_bbox_aux_4: 0.0553 (0.0567)  loss_bbox_dn_0: 0.0731 (0.0715)  loss_bbox_dn_1: 0.0505 (0.0502)  loss_bbox_dn_2: 0.0490 (0.0483)  loss_bbox_dn_3: 0.0490 (0.0482)  loss_bbox_dn_4: 0.0490 (0.0482)  loss_bbox_dn_5: 0.0490 (0.0482)  loss_bbox_dn_pre: 0.0766 (0.0755)  loss_bbox_enc_0: 0.0850 (0.0942)  loss_bbox_pre: 0.0618 (0.0626)  loss_ddf_aux_0: 0.0366 (0.0436)  loss_ddf_aux_1: 0.0085 (0.0106)  loss_ddf_aux_2: 0.0007 (0.0009)  loss_ddf_aux_3: 0.0000 (0.0000)  loss_ddf_aux_4: 0.0000 (0.0000)  loss_ddf_dn_0: 0.3565 (0.4170)  loss_ddf_dn_1: 0.0337 (0.0380)  loss_ddf_dn_2: 0.0060 (0.0072)  loss_ddf_dn_3: 0.0002 (0.0004)  loss_ddf_dn_4: 0.0000 (0.0000)  loss_ddf_dn_5: 0.0000 (0.0000)  loss_fgl: 0.9816 (1.0030)  loss_fgl_aux_0: 1.0128 (1.0346)  loss_fgl_aux_1: 0.9908 (1.0057)  loss_fgl_aux_2: 0.9809 (1.0029)  loss_fgl_aux_3: 0.9812 (1.0030)  loss_fgl_aux_4: 0.9815 (1.0030)  loss_fgl_dn_0: 1.0980 (1.1000)  loss_fgl_dn_1: 0.9585 (0.9653)  loss_fgl_dn_2: 0.9469 (0.9576)  loss_fgl_dn_3: 0.9469 (0.9576)  loss_fgl_dn_4: 0.9470 (0.9576)  loss_fgl_dn_5: 0.9470 (0.9577)  loss_giou: 0.2698 (0.2572)  loss_giou_aux_0: 0.2721 (0.2701)  loss_giou_aux_1: 0.2690 (0.2587)  loss_giou_aux_2: 0.2695 (0.2572)  loss_giou_aux_3: 0.2698 (0.2571)  loss_giou_aux_4: 0.2699 (0.2571)  loss_giou_dn_0: 0.2728 (0.2723)  loss_giou_dn_1: 0.2126 (0.2067)  loss_giou_dn_2: 0.2068 (0.2031)  loss_giou_dn_3: 0.2068 (0.2030)  loss_giou_dn_4: 0.2068 (0.2030)  loss_giou_dn_5: 0.2069 (0.2030)  loss_giou_dn_pre: 0.2724 (0.2731)  loss_giou_enc_0: 0.3545 (0.3547)  loss_giou_pre: 0.2702 (0.2693)  loss_vfl: 0.3095 (0.3149)  loss_vfl_aux_0: 0.3369 (0.3658)  loss_vfl_aux_1: 0.3215 (0.3325)  loss_vfl_aux_2: 0.3160 (0.3197)  loss_vfl_aux_3: 0.3091 (0.3160)  loss_vfl_aux_4: 0.3090 (0.3151)  loss_vfl_dn_0: 0.3633 (0.3634)  loss_vfl_dn_1: 0.2812 (0.2812)  loss_vfl_dn_2: 0.2769 (0.2760)  loss_vfl_dn_3: 0.2758 (0.2753)  loss_vfl_dn_4: 0.2753 (0.2752)  loss_vfl_dn_5: 0.2737 (0.2752)  loss_vfl_dn_pre: 0.3630 (0.3643)  loss_vfl_enc_0: 0.3892 (0.4087)  loss_vfl_pre: 0.3361 (0.3653)  time: 0.6370  data: 0.0087  max mem: 17742
Epoch: [10/120]  [ 400/2360]  eta: 0:21:21  lr: 0.000009  loss: 21.7345 (21.8857)  loss_bbox: 0.0539 (0.0565)  loss_bbox_aux_0: 0.0581 (0.0623)  loss_bbox_aux_1: 0.0521 (0.0573)  loss_bbox_aux_2: 0.0539 (0.0565)  loss_bbox_aux_3: 0.0539 (0.0565)  loss_bbox_aux_4: 0.0539 (0.0565)  loss_bbox_dn_0: 0.0736 (0.0713)  loss_bbox_dn_1: 0.0456 (0.0496)  loss_bbox_dn_2: 0.0428 (0.0477)  loss_bbox_dn_3: 0.0427 (0.0477)  loss_bbox_dn_4: 0.0424 (0.0477)  loss_bbox_dn_5: 0.0423 (0.0477)  loss_bbox_dn_pre: 0.0816 (0.0751)  loss_bbox_enc_0: 0.1031 (0.0945)  loss_bbox_pre: 0.0575 (0.0622)  loss_ddf_aux_0: 0.0390 (0.0414)  loss_ddf_aux_1: 0.0096 (0.0100)  loss_ddf_aux_2: 0.0010 (0.0009)  loss_ddf_aux_3: 0.0000 (0.0000)  loss_ddf_aux_4: 0.0000 (0.0000)  loss_ddf_dn_0: 0.4510 (0.4073)  loss_ddf_dn_1: 0.0504 (0.0377)  loss_ddf_dn_2: 0.0065 (0.0067)  loss_ddf_dn_3: 0.0004 (0.0004)  loss_ddf_dn_4: 0.0000 (0.0000)  loss_ddf_dn_5: 0.0000 (0.0000)  loss_fgl: 0.9961 (1.0005)  loss_fgl_aux_0: 1.0278 (1.0318)  loss_fgl_aux_1: 0.9964 (1.0036)  loss_fgl_aux_2: 0.9956 (1.0005)  loss_fgl_aux_3: 0.9959 (1.0005)  loss_fgl_aux_4: 0.9961 (1.0005)  loss_fgl_dn_0: 1.0931 (1.0987)  loss_fgl_dn_1: 0.9560 (0.9645)  loss_fgl_dn_2: 0.9409 (0.9565)  loss_fgl_dn_3: 0.9409 (0.9566)  loss_fgl_dn_4: 0.9403 (0.9566)  loss_fgl_dn_5: 0.9403 (0.9566)  loss_giou: 0.2596 (0.2567)  loss_giou_aux_0: 0.2720 (0.2691)  loss_giou_aux_1: 0.2607 (0.2582)  loss_giou_aux_2: 0.2592 (0.2567)  loss_giou_aux_3: 0.2597 (0.2567)  loss_giou_aux_4: 0.2597 (0.2567)  loss_giou_dn_0: 0.2688 (0.2724)  loss_giou_dn_1: 0.2058 (0.2068)  loss_giou_dn_2: 0.2005 (0.2032)  loss_giou_dn_3: 0.2006 (0.2032)  loss_giou_dn_4: 0.2006 (0.2032)  loss_giou_dn_5: 0.2006 (0.2032)  loss_giou_dn_pre: 0.2710 (0.2731)  loss_giou_enc_0: 0.3257 (0.3520)  loss_giou_pre: 0.2729 (0.2684)  loss_vfl: 0.3163 (0.3135)  loss_vfl_aux_0: 0.3528 (0.3604)  loss_vfl_aux_1: 0.3110 (0.3290)  loss_vfl_aux_2: 0.3050 (0.3185)  loss_vfl_aux_3: 0.3135 (0.3146)  loss_vfl_aux_4: 0.3139 (0.3135)  loss_vfl_dn_0: 0.3647 (0.3632)  loss_vfl_dn_1: 0.2841 (0.2812)  loss_vfl_dn_2: 0.2790 (0.2761)  loss_vfl_dn_3: 0.2767 (0.2753)  loss_vfl_dn_4: 0.2764 (0.2752)  loss_vfl_dn_5: 0.2768 (0.2752)  loss_vfl_dn_pre: 0.3660 (0.3641)  loss_vfl_enc_0: 0.4115 (0.4062)  loss_vfl_pre: 0.3511 (0.3600)  time: 0.6456  data: 0.0087  max mem: 17742
Epoch: [10/120]  [ 500/2360]  eta: 0:20:13  lr: 0.000009  loss: 21.8661 (21.9508)  loss_bbox: 0.0481 (0.0566)  loss_bbox_aux_0: 0.0544 (0.0626)  loss_bbox_aux_1: 0.0509 (0.0576)  loss_bbox_aux_2: 0.0484 (0.0566)  loss_bbox_aux_3: 0.0483 (0.0566)  loss_bbox_aux_4: 0.0481 (0.0566)  loss_bbox_dn_0: 0.0639 (0.0713)  loss_bbox_dn_1: 0.0459 (0.0498)  loss_bbox_dn_2: 0.0432 (0.0479)  loss_bbox_dn_3: 0.0431 (0.0478)  loss_bbox_dn_4: 0.0429 (0.0478)  loss_bbox_dn_5: 0.0429 (0.0478)  loss_bbox_dn_pre: 0.0697 (0.0753)  loss_bbox_enc_0: 0.0804 (0.0948)  loss_bbox_pre: 0.0554 (0.0624)  loss_ddf_aux_0: 0.0380 (0.0413)  loss_ddf_aux_1: 0.0121 (0.0104)  loss_ddf_aux_2: 0.0013 (0.0010)  loss_ddf_aux_3: 0.0000 (0.0000)  loss_ddf_aux_4: 0.0000 (0.0000)  loss_ddf_dn_0: 0.5699 (0.4420)  loss_ddf_dn_1: 0.0526 (0.0430)  loss_ddf_dn_2: 0.0020 (0.0065)  loss_ddf_dn_3: 0.0002 (0.0003)  loss_ddf_dn_4: 0.0000 (0.0000)  loss_ddf_dn_5: 0.0000 (0.0000)  loss_fgl: 0.9970 (1.0012)  loss_fgl_aux_0: 1.0150 (1.0318)  loss_fgl_aux_1: 1.0063 (1.0043)  loss_fgl_aux_2: 0.9966 (1.0011)  loss_fgl_aux_3: 0.9967 (1.0012)  loss_fgl_aux_4: 0.9968 (1.0012)  loss_fgl_dn_0: 1.0823 (1.0982)  loss_fgl_dn_1: 0.9692 (0.9658)  loss_fgl_dn_2: 0.9608 (0.9580)  loss_fgl_dn_3: 0.9608 (0.9580)  loss_fgl_dn_4: 0.9609 (0.9580)  loss_fgl_dn_5: 0.9609 (0.9581)  loss_giou: 0.2408 (0.2576)  loss_giou_aux_0: 0.2495 (0.2696)  loss_giou_aux_1: 0.2399 (0.2592)  loss_giou_aux_2: 0.2411 (0.2575)  loss_giou_aux_3: 0.2407 (0.2576)  loss_giou_aux_4: 0.2409 (0.2576)  loss_giou_dn_0: 0.2602 (0.2731)  loss_giou_dn_1: 0.2078 (0.2078)  loss_giou_dn_2: 0.2042 (0.2041)  loss_giou_dn_3: 0.2042 (0.2041)  loss_giou_dn_4: 0.2040 (0.2041)  loss_giou_dn_5: 0.2040 (0.2041)  loss_giou_dn_pre: 0.2640 (0.2738)  loss_giou_enc_0: 0.3400 (0.3517)  loss_giou_pre: 0.2514 (0.2690)  loss_vfl: 0.3022 (0.3135)  loss_vfl_aux_0: 0.3363 (0.3593)  loss_vfl_aux_1: 0.3146 (0.3288)  loss_vfl_aux_2: 0.3022 (0.3184)  loss_vfl_aux_3: 0.3007 (0.3144)  loss_vfl_aux_4: 0.3027 (0.3134)  loss_vfl_dn_0: 0.3603 (0.3636)  loss_vfl_dn_1: 0.2806 (0.2820)  loss_vfl_dn_2: 0.2749 (0.2769)  loss_vfl_dn_3: 0.2743 (0.2762)  loss_vfl_dn_4: 0.2744 (0.2761)  loss_vfl_dn_5: 0.2736 (0.2761)  loss_vfl_dn_pre: 0.3624 (0.3646)  loss_vfl_enc_0: 0.3903 (0.4047)  loss_vfl_pre: 0.3359 (0.3589)  time: 0.6382  data: 0.0089  max mem: 17742
Epoch: [10/120]  [ 600/2360]  eta: 0:18:59  lr: 0.000009  loss: 21.7165 (21.9646)  loss_bbox: 0.0476 (0.0567)  loss_bbox_aux_0: 0.0537 (0.0626)  loss_bbox_aux_1: 0.0487 (0.0578)  loss_bbox_aux_2: 0.0477 (0.0567)  loss_bbox_aux_3: 0.0476 (0.0567)  loss_bbox_aux_4: 0.0477 (0.0567)  loss_bbox_dn_0: 0.0605 (0.0710)  loss_bbox_dn_1: 0.0440 (0.0498)  loss_bbox_dn_2: 0.0429 (0.0478)  loss_bbox_dn_3: 0.0429 (0.0477)  loss_bbox_dn_4: 0.0429 (0.0477)  loss_bbox_dn_5: 0.0429 (0.0477)  loss_bbox_dn_pre: 0.0612 (0.0749)  loss_bbox_enc_0: 0.0748 (0.0943)  loss_bbox_pre: 0.0518 (0.0625)  loss_ddf_aux_0: 0.0388 (0.0412)  loss_ddf_aux_1: 0.0107 (0.0106)  loss_ddf_aux_2: 0.0008 (0.0010)  loss_ddf_aux_3: 0.0000 (0.0000)  loss_ddf_aux_4: 0.0000 (0.0000)  loss_ddf_dn_0: 0.3986 (0.4389)  loss_ddf_dn_1: 0.0400 (0.0424)  loss_ddf_dn_2: 0.0018 (0.0057)  loss_ddf_dn_3: 0.0002 (0.0003)  loss_ddf_dn_4: 0.0000 (0.0000)  loss_ddf_dn_5: 0.0000 (0.0000)  loss_fgl: 1.0061 (1.0025)  loss_fgl_aux_0: 1.0292 (1.0325)  loss_fgl_aux_1: 1.0099 (1.0056)  loss_fgl_aux_2: 1.0051 (1.0024)  loss_fgl_aux_3: 1.0059 (1.0025)  loss_fgl_aux_4: 1.0060 (1.0025)  loss_fgl_dn_0: 1.0804 (1.0982)  loss_fgl_dn_1: 0.9569 (0.9666)  loss_fgl_dn_2: 0.9490 (0.9587)  loss_fgl_dn_3: 0.9491 (0.9588)  loss_fgl_dn_4: 0.9489 (0.9588)  loss_fgl_dn_5: 0.9488 (0.9588)  loss_giou: 0.2560 (0.2587)  loss_giou_aux_0: 0.2697 (0.2707)  loss_giou_aux_1: 0.2575 (0.2604)  loss_giou_aux_2: 0.2571 (0.2587)  loss_giou_aux_3: 0.2560 (0.2587)  loss_giou_aux_4: 0.2560 (0.2587)  loss_giou_dn_0: 0.2604 (0.2737)  loss_giou_dn_1: 0.2007 (0.2082)  loss_giou_dn_2: 0.1959 (0.2044)  loss_giou_dn_3: 0.1958 (0.2044)  loss_giou_dn_4: 0.1958 (0.2044)  loss_giou_dn_5: 0.1958 (0.2044)  loss_giou_dn_pre: 0.2609 (0.2742)  loss_giou_enc_0: 0.3453 (0.3526)  loss_giou_pre: 0.2682 (0.2699)  loss_vfl: 0.2947 (0.3134)  loss_vfl_aux_0: 0.3324 (0.3578)  loss_vfl_aux_1: 0.3114 (0.3280)  loss_vfl_aux_2: 0.2978 (0.3180)  loss_vfl_aux_3: 0.2935 (0.3144)  loss_vfl_aux_4: 0.2944 (0.3134)  loss_vfl_dn_0: 0.3601 (0.3636)  loss_vfl_dn_1: 0.2736 (0.2823)  loss_vfl_dn_2: 0.2708 (0.2772)  loss_vfl_dn_3: 0.2696 (0.2764)  loss_vfl_dn_4: 0.2700 (0.2763)  loss_vfl_dn_5: 0.2707 (0.2764)  loss_vfl_dn_pre: 0.3622 (0.3647)  loss_vfl_enc_0: 0.3884 (0.4045)  loss_vfl_pre: 0.3321 (0.3573)  time: 0.6426  data: 0.0089  max mem: 17742
Epoch: [10/120]  [ 700/2360]  eta: 0:17:49  lr: 0.000009  loss: 22.1372 (21.9915)  loss_bbox: 0.0530 (0.0567)  loss_bbox_aux_0: 0.0560 (0.0626)  loss_bbox_aux_1: 0.0553 (0.0577)  loss_bbox_aux_2: 0.0530 (0.0567)  loss_bbox_aux_3: 0.0530 (0.0567)  loss_bbox_aux_4: 0.0530 (0.0567)  loss_bbox_dn_0: 0.0623 (0.0712)  loss_bbox_dn_1: 0.0432 (0.0499)  loss_bbox_dn_2: 0.0414 (0.0480)  loss_bbox_dn_3: 0.0414 (0.0479)  loss_bbox_dn_4: 0.0414 (0.0479)  loss_bbox_dn_5: 0.0414 (0.0479)  loss_bbox_dn_pre: 0.0664 (0.0751)  loss_bbox_enc_0: 0.0706 (0.0945)  loss_bbox_pre: 0.0550 (0.0625)  loss_ddf_aux_0: 0.0464 (0.0424)  loss_ddf_aux_1: 0.0147 (0.0113)  loss_ddf_aux_2: 0.0013 (0.0011)  loss_ddf_aux_3: 0.0000 (0.0000)  loss_ddf_aux_4: 0.0000 (0.0000)  loss_ddf_dn_0: 0.4115 (0.4452)  loss_ddf_dn_1: 0.0410 (0.0443)  loss_ddf_dn_2: 0.0041 (0.0055)  loss_ddf_dn_3: 0.0002 (0.0003)  loss_ddf_dn_4: 0.0000 (0.0000)  loss_ddf_dn_5: 0.0000 (0.0000)  loss_fgl: 1.0473 (1.0029)  loss_fgl_aux_0: 1.0690 (1.0328)  loss_fgl_aux_1: 1.0480 (1.0059)  loss_fgl_aux_2: 1.0464 (1.0028)  loss_fgl_aux_3: 1.0468 (1.0029)  loss_fgl_aux_4: 1.0472 (1.0029)  loss_fgl_dn_0: 1.1018 (1.0982)  loss_fgl_dn_1: 0.9940 (0.9669)  loss_fgl_dn_2: 0.9817 (0.9591)  loss_fgl_dn_3: 0.9817 (0.9591)  loss_fgl_dn_4: 0.9822 (0.9592)  loss_fgl_dn_5: 0.9823 (0.9592)  loss_giou: 0.2739 (0.2596)  loss_giou_aux_0: 0.2813 (0.2716)  loss_giou_aux_1: 0.2722 (0.2613)  loss_giou_aux_2: 0.2741 (0.2596)  loss_giou_aux_3: 0.2740 (0.2596)  loss_giou_aux_4: 0.2740 (0.2596)  loss_giou_dn_0: 0.2826 (0.2737)  loss_giou_dn_1: 0.2176 (0.2085)  loss_giou_dn_2: 0.2145 (0.2048)  loss_giou_dn_3: 0.2145 (0.2048)  loss_giou_dn_4: 0.2145 (0.2048)  loss_giou_dn_5: 0.2145 (0.2048)  loss_giou_dn_pre: 0.2870 (0.2743)  loss_giou_enc_0: 0.3582 (0.3536)  loss_giou_pre: 0.2841 (0.2709)  loss_vfl: 0.3081 (0.3140)  loss_vfl_aux_0: 0.3442 (0.3571)  loss_vfl_aux_1: 0.3153 (0.3281)  loss_vfl_aux_2: 0.3086 (0.3184)  loss_vfl_aux_3: 0.3088 (0.3149)  loss_vfl_aux_4: 0.3077 (0.3139)  loss_vfl_dn_0: 0.3629 (0.3635)  loss_vfl_dn_1: 0.2929 (0.2825)  loss_vfl_dn_2: 0.2902 (0.2774)  loss_vfl_dn_3: 0.2889 (0.2767)  loss_vfl_dn_4: 0.2884 (0.2765)  loss_vfl_dn_5: 0.2886 (0.2766)  loss_vfl_dn_pre: 0.3639 (0.3646)  loss_vfl_enc_0: 0.3878 (0.4048)  loss_vfl_pre: 0.3434 (0.3567)  time: 0.6146  data: 0.0088  max mem: 17742
Epoch: [10/120]  [ 800/2360]  eta: 0:16:39  lr: 0.000009  loss: 21.9371 (21.9767)  loss_bbox: 0.0484 (0.0565)  loss_bbox_aux_0: 0.0516 (0.0626)  loss_bbox_aux_1: 0.0477 (0.0576)  loss_bbox_aux_2: 0.0484 (0.0565)  loss_bbox_aux_3: 0.0484 (0.0565)  loss_bbox_aux_4: 0.0484 (0.0565)  loss_bbox_dn_0: 0.0673 (0.0711)  loss_bbox_dn_1: 0.0480 (0.0499)  loss_bbox_dn_2: 0.0465 (0.0479)  loss_bbox_dn_3: 0.0463 (0.0479)  loss_bbox_dn_4: 0.0462 (0.0478)  loss_bbox_dn_5: 0.0462 (0.0478)  loss_bbox_dn_pre: 0.0706 (0.0752)  loss_bbox_enc_0: 0.0900 (0.0956)  loss_bbox_pre: 0.0526 (0.0625)  loss_ddf_aux_0: 0.0502 (0.0435)  loss_ddf_aux_1: 0.0176 (0.0119)  loss_ddf_aux_2: 0.0016 (0.0011)  loss_ddf_aux_3: 0.0000 (0.0000)  loss_ddf_aux_4: 0.0000 (0.0000)  loss_ddf_dn_0: 0.5029 (0.4535)  loss_ddf_dn_1: 0.0539 (0.0466)  loss_ddf_dn_2: 0.0036 (0.0055)  loss_ddf_dn_3: 0.0002 (0.0003)  loss_ddf_dn_4: 0.0000 (0.0000)  loss_ddf_dn_5: 0.0000 (0.0000)  loss_fgl: 0.9958 (1.0016)  loss_fgl_aux_0: 1.0311 (1.0319)  loss_fgl_aux_1: 1.0093 (1.0048)  loss_fgl_aux_2: 0.9959 (1.0015)  loss_fgl_aux_3: 0.9955 (1.0016)  loss_fgl_aux_4: 0.9957 (1.0016)  loss_fgl_dn_0: 1.0916 (1.0971)  loss_fgl_dn_1: 0.9752 (0.9660)  loss_fgl_dn_2: 0.9745 (0.9582)  loss_fgl_dn_3: 0.9735 (0.9582)  loss_fgl_dn_4: 0.9747 (0.9582)  loss_fgl_dn_5: 0.9748 (0.9582)  loss_giou: 0.2503 (0.2593)  loss_giou_aux_0: 0.2583 (0.2713)  loss_giou_aux_1: 0.2467 (0.2610)  loss_giou_aux_2: 0.2504 (0.2593)  loss_giou_aux_3: 0.2504 (0.2593)  loss_giou_aux_4: 0.2503 (0.2593)  loss_giou_dn_0: 0.2630 (0.2732)  loss_giou_dn_1: 0.2059 (0.2081)  loss_giou_dn_2: 0.2042 (0.2044)  loss_giou_dn_3: 0.2040 (0.2044)  loss_giou_dn_4: 0.2040 (0.2044)  loss_giou_dn_5: 0.2040 (0.2044)  loss_giou_dn_pre: 0.2625 (0.2738)  loss_giou_enc_0: 0.3459 (0.3536)  loss_giou_pre: 0.2573 (0.2706)  loss_vfl: 0.3064 (0.3134)  loss_vfl_aux_0: 0.3606 (0.3563)  loss_vfl_aux_1: 0.3231 (0.3270)  loss_vfl_aux_2: 0.3127 (0.3176)  loss_vfl_aux_3: 0.3055 (0.3142)  loss_vfl_aux_4: 0.3044 (0.3134)  loss_vfl_dn_0: 0.3594 (0.3631)  loss_vfl_dn_1: 0.2834 (0.2821)  loss_vfl_dn_2: 0.2789 (0.2771)  loss_vfl_dn_3: 0.2784 (0.2763)  loss_vfl_dn_4: 0.2791 (0.2762)  loss_vfl_dn_5: 0.2790 (0.2762)  loss_vfl_dn_pre: 0.3607 (0.3641)  loss_vfl_enc_0: 0.3899 (0.4041)  loss_vfl_pre: 0.3581 (0.3559)  time: 0.5989  data: 0.0090  max mem: 17742
Epoch: [10/120]  [ 900/2360]  eta: 0:15:32  lr: 0.000009  loss: 21.9531 (21.9490)  loss_bbox: 0.0510 (0.0563)  loss_bbox_aux_0: 0.0563 (0.0623)  loss_bbox_aux_1: 0.0538 (0.0574)  loss_bbox_aux_2: 0.0511 (0.0563)  loss_bbox_aux_3: 0.0510 (0.0563)  loss_bbox_aux_4: 0.0510 (0.0563)  loss_bbox_dn_0: 0.0610 (0.0710)  loss_bbox_dn_1: 0.0413 (0.0496)  loss_bbox_dn_2: 0.0397 (0.0477)  loss_bbox_dn_3: 0.0395 (0.0477)  loss_bbox_dn_4: 0.0393 (0.0476)  loss_bbox_dn_5: 0.0393 (0.0476)  loss_bbox_dn_pre: 0.0627 (0.0751)  loss_bbox_enc_0: 0.0879 (0.0961)  loss_bbox_pre: 0.0571 (0.0622)  loss_ddf_aux_0: 0.0413 (0.0436)  loss_ddf_aux_1: 0.0115 (0.0120)  loss_ddf_aux_2: 0.0009 (0.0011)  loss_ddf_aux_3: 0.0000 (0.0000)  loss_ddf_aux_4: 0.0000 (0.0000)  loss_ddf_dn_0: 0.3747 (0.4524)  loss_ddf_dn_1: 0.0361 (0.0468)  loss_ddf_dn_2: 0.0033 (0.0054)  loss_ddf_dn_3: 0.0002 (0.0003)  loss_ddf_dn_4: 0.0000 (0.0000)  loss_ddf_dn_5: 0.0000 (0.0000)  loss_fgl: 0.9943 (1.0004)  loss_fgl_aux_0: 1.0344 (1.0307)  loss_fgl_aux_1: 0.9931 (1.0035)  loss_fgl_aux_2: 0.9933 (1.0003)  loss_fgl_aux_3: 0.9945 (1.0004)  loss_fgl_aux_4: 0.9944 (1.0004)  loss_fgl_dn_0: 1.0979 (1.0960)  loss_fgl_dn_1: 0.9542 (0.9649)  loss_fgl_dn_2: 0.9461 (0.9572)  loss_fgl_dn_3: 0.9464 (0.9573)  loss_fgl_dn_4: 0.9466 (0.9573)  loss_fgl_dn_5: 0.9466 (0.9573)  loss_giou: 0.2636 (0.2592)  loss_giou_aux_0: 0.2721 (0.2712)  loss_giou_aux_1: 0.2661 (0.2609)  loss_giou_aux_2: 0.2631 (0.2592)  loss_giou_aux_3: 0.2636 (0.2592)  loss_giou_aux_4: 0.2636 (0.2592)  loss_giou_dn_0: 0.2716 (0.2730)  loss_giou_dn_1: 0.2029 (0.2080)  loss_giou_dn_2: 0.1994 (0.2043)  loss_giou_dn_3: 0.1995 (0.2043)  loss_giou_dn_4: 0.1995 (0.2043)  loss_giou_dn_5: 0.1995 (0.2043)  loss_giou_dn_pre: 0.2729 (0.2737)  loss_giou_enc_0: 0.3659 (0.3538)  loss_giou_pre: 0.2781 (0.2706)  loss_vfl: 0.2965 (0.3125)  loss_vfl_aux_0: 0.3367 (0.3551)  loss_vfl_aux_1: 0.3054 (0.3256)  loss_vfl_aux_2: 0.2996 (0.3168)  loss_vfl_aux_3: 0.2979 (0.3134)  loss_vfl_aux_4: 0.2980 (0.3125)  loss_vfl_dn_0: 0.3664 (0.3628)  loss_vfl_dn_1: 0.2800 (0.2819)  loss_vfl_dn_2: 0.2767 (0.2768)  loss_vfl_dn_3: 0.2768 (0.2760)  loss_vfl_dn_4: 0.2767 (0.2759)  loss_vfl_dn_5: 0.2764 (0.2759)  loss_vfl_dn_pre: 0.3671 (0.3639)  loss_vfl_enc_0: 0.3867 (0.4029)  loss_vfl_pre: 0.3371 (0.3547)  time: 0.6401  data: 0.0087  max mem: 17742
Epoch: [10/120]  [1000/2360]  eta: 0:14:27  lr: 0.000009  loss: 21.5826 (21.9385)  loss_bbox: 0.0441 (0.0564)  loss_bbox_aux_0: 0.0506 (0.0625)  loss_bbox_aux_1: 0.0449 (0.0574)  loss_bbox_aux_2: 0.0441 (0.0564)  loss_bbox_aux_3: 0.0441 (0.0564)  loss_bbox_aux_4: 0.0441 (0.0564)  loss_bbox_dn_0: 0.0577 (0.0710)  loss_bbox_dn_1: 0.0416 (0.0496)  loss_bbox_dn_2: 0.0403 (0.0477)  loss_bbox_dn_3: 0.0403 (0.0476)  loss_bbox_dn_4: 0.0403 (0.0476)  loss_bbox_dn_5: 0.0403 (0.0476)  loss_bbox_dn_pre: 0.0595 (0.0752)  loss_bbox_enc_0: 0.0901 (0.0967)  loss_bbox_pre: 0.0500 (0.0624)  loss_ddf_aux_0: 0.0485 (0.0438)  loss_ddf_aux_1: 0.0129 (0.0120)  loss_ddf_aux_2: 0.0012 (0.0011)  loss_ddf_aux_3: 0.0000 (0.0000)  loss_ddf_aux_4: 0.0000 (0.0000)  loss_ddf_dn_0: 0.3922 (0.4510)  loss_ddf_dn_1: 0.0581 (0.0467)  loss_ddf_dn_2: 0.0066 (0.0053)  loss_ddf_dn_3: 0.0003 (0.0003)  loss_ddf_dn_4: 0.0000 (0.0000)  loss_ddf_dn_5: 0.0000 (0.0000)  loss_fgl: 0.9957 (0.9995)  loss_fgl_aux_0: 1.0198 (1.0301)  loss_fgl_aux_1: 0.9968 (1.0025)  loss_fgl_aux_2: 0.9958 (0.9994)  loss_fgl_aux_3: 0.9956 (0.9995)  loss_fgl_aux_4: 0.9957 (0.9995)  loss_fgl_dn_0: 1.1056 (1.0956)  loss_fgl_dn_1: 0.9423 (0.9643)  loss_fgl_dn_2: 0.9370 (0.9566)  loss_fgl_dn_3: 0.9371 (0.9566)  loss_fgl_dn_4: 0.9370 (0.9567)  loss_fgl_dn_5: 0.9370 (0.9567)  loss_giou: 0.2249 (0.2594)  loss_giou_aux_0: 0.2366 (0.2716)  loss_giou_aux_1: 0.2209 (0.2611)  loss_giou_aux_2: 0.2239 (0.2594)  loss_giou_aux_3: 0.2248 (0.2593)  loss_giou_aux_4: 0.2248 (0.2593)  loss_giou_dn_0: 0.2484 (0.2728)  loss_giou_dn_1: 0.1892 (0.2077)  loss_giou_dn_2: 0.1875 (0.2040)  loss_giou_dn_3: 0.1875 (0.2040)  loss_giou_dn_4: 0.1875 (0.2040)  loss_giou_dn_5: 0.1875 (0.2040)  loss_giou_dn_pre: 0.2506 (0.2735)  loss_giou_enc_0: 0.3212 (0.3543)  loss_giou_pre: 0.2348 (0.2710)  loss_vfl: 0.2952 (0.3123)  loss_vfl_aux_0: 0.3433 (0.3552)  loss_vfl_aux_1: 0.3064 (0.3256)  loss_vfl_aux_2: 0.3057 (0.3167)  loss_vfl_aux_3: 0.2936 (0.3135)  loss_vfl_aux_4: 0.2946 (0.3124)  loss_vfl_dn_0: 0.3601 (0.3627)  loss_vfl_dn_1: 0.2773 (0.2816)  loss_vfl_dn_2: 0.2726 (0.2766)  loss_vfl_dn_3: 0.2714 (0.2757)  loss_vfl_dn_4: 0.2717 (0.2756)  loss_vfl_dn_5: 0.2714 (0.2757)  loss_vfl_dn_pre: 0.3606 (0.3637)  loss_vfl_enc_0: 0.3900 (0.4026)  loss_vfl_pre: 0.3429 (0.3548)  time: 0.6256  data: 0.0082  max mem: 17742
Epoch: [10/120]  [1100/2360]  eta: 0:13:21  lr: 0.000009  loss: 20.6409 (21.8836)  loss_bbox: 0.0478 (0.0561)  loss_bbox_aux_0: 0.0518 (0.0623)  loss_bbox_aux_1: 0.0478 (0.0571)  loss_bbox_aux_2: 0.0479 (0.0561)  loss_bbox_aux_3: 0.0479 (0.0561)  loss_bbox_aux_4: 0.0478 (0.0561)  loss_bbox_dn_0: 0.0671 (0.0710)  loss_bbox_dn_1: 0.0437 (0.0494)  loss_bbox_dn_2: 0.0419 (0.0475)  loss_bbox_dn_3: 0.0418 (0.0474)  loss_bbox_dn_4: 0.0417 (0.0474)  loss_bbox_dn_5: 0.0417 (0.0474)  loss_bbox_dn_pre: 0.0693 (0.0753)  loss_bbox_enc_0: 0.0792 (0.0968)  loss_bbox_pre: 0.0510 (0.0622)  loss_ddf_aux_0: 0.0373 (0.0436)  loss_ddf_aux_1: 0.0099 (0.0119)  loss_ddf_aux_2: 0.0008 (0.0011)  loss_ddf_aux_3: 0.0000 (0.0000)  loss_ddf_aux_4: 0.0000 (0.0000)  loss_ddf_dn_0: 0.3404 (0.4431)  loss_ddf_dn_1: 0.0371 (0.0463)  loss_ddf_dn_2: 0.0041 (0.0053)  loss_ddf_dn_3: 0.0002 (0.0003)  loss_ddf_dn_4: 0.0000 (0.0000)  loss_ddf_dn_5: 0.0000 (0.0000)  loss_fgl: 0.9869 (0.9978)  loss_fgl_aux_0: 1.0079 (1.0289)  loss_fgl_aux_1: 0.9905 (1.0009)  loss_fgl_aux_2: 0.9870 (0.9977)  loss_fgl_aux_3: 0.9869 (0.9978)  loss_fgl_aux_4: 0.9869 (0.9978)  loss_fgl_dn_0: 1.0753 (1.0948)  loss_fgl_dn_1: 0.9411 (0.9629)  loss_fgl_dn_2: 0.9364 (0.9552)  loss_fgl_dn_3: 0.9372 (0.9552)  loss_fgl_dn_4: 0.9375 (0.9552)  loss_fgl_dn_5: 0.9375 (0.9553)  loss_giou: 0.2599 (0.2581)  loss_giou_aux_0: 0.2652 (0.2704)  loss_giou_aux_1: 0.2591 (0.2599)  loss_giou_aux_2: 0.2602 (0.2581)  loss_giou_aux_3: 0.2600 (0.2581)  loss_giou_aux_4: 0.2600 (0.2581)  loss_giou_dn_0: 0.2559 (0.2720)  loss_giou_dn_1: 0.1982 (0.2069)  loss_giou_dn_2: 0.1971 (0.2032)  loss_giou_dn_3: 0.1971 (0.2032)  loss_giou_dn_4: 0.1971 (0.2032)  loss_giou_dn_5: 0.1972 (0.2032)  loss_giou_dn_pre: 0.2559 (0.2727)  loss_giou_enc_0: 0.3415 (0.3527)  loss_giou_pre: 0.2644 (0.2698)  loss_vfl: 0.2835 (0.3115)  loss_vfl_aux_0: 0.3223 (0.3545)  loss_vfl_aux_1: 0.2942 (0.3251)  loss_vfl_aux_2: 0.2826 (0.3157)  loss_vfl_aux_3: 0.2842 (0.3126)  loss_vfl_aux_4: 0.2840 (0.3115)  loss_vfl_dn_0: 0.3505 (0.3623)  loss_vfl_dn_1: 0.2698 (0.2810)  loss_vfl_dn_2: 0.2681 (0.2760)  loss_vfl_dn_3: 0.2673 (0.2751)  loss_vfl_dn_4: 0.2662 (0.2750)  loss_vfl_dn_5: 0.2664 (0.2751)  loss_vfl_dn_pre: 0.3515 (0.3633)  loss_vfl_enc_0: 0.3870 (0.4021)  loss_vfl_pre: 0.3232 (0.3541)  time: 0.6149  data: 0.0084  max mem: 17742
Epoch: [10/120]  [1200/2360]  eta: 0:12:14  lr: 0.000009  loss: 21.8577 (21.8591)  loss_bbox: 0.0371 (0.0562)  loss_bbox_aux_0: 0.0408 (0.0624)  loss_bbox_aux_1: 0.0369 (0.0572)  loss_bbox_aux_2: 0.0371 (0.0562)  loss_bbox_aux_3: 0.0371 (0.0562)  loss_bbox_aux_4: 0.0371 (0.0562)  loss_bbox_dn_0: 0.0528 (0.0711)  loss_bbox_dn_1: 0.0341 (0.0495)  loss_bbox_dn_2: 0.0324 (0.0476)  loss_bbox_dn_3: 0.0324 (0.0475)  loss_bbox_dn_4: 0.0324 (0.0475)  loss_bbox_dn_5: 0.0324 (0.0475)  loss_bbox_dn_pre: 0.0589 (0.0754)  loss_bbox_enc_0: 0.0742 (0.0971)  loss_bbox_pre: 0.0394 (0.0623)  loss_ddf_aux_0: 0.0426 (0.0434)  loss_ddf_aux_1: 0.0133 (0.0118)  loss_ddf_aux_2: 0.0012 (0.0011)  loss_ddf_aux_3: 0.0000 (0.0000)  loss_ddf_aux_4: 0.0000 (0.0000)  loss_ddf_dn_0: 0.3585 (0.4372)  loss_ddf_dn_1: 0.0482 (0.0461)  loss_ddf_dn_2: 0.0059 (0.0052)  loss_ddf_dn_3: 0.0003 (0.0003)  loss_ddf_dn_4: 0.0000 (0.0000)  loss_ddf_dn_5: 0.0000 (0.0000)  loss_fgl: 1.0315 (0.9975)  loss_fgl_aux_0: 1.0484 (1.0285)  loss_fgl_aux_1: 1.0348 (1.0006)  loss_fgl_aux_2: 1.0316 (0.9974)  loss_fgl_aux_3: 1.0316 (0.9975)  loss_fgl_aux_4: 1.0316 (0.9975)  loss_fgl_dn_0: 1.0905 (1.0940)  loss_fgl_dn_1: 0.9697 (0.9623)  loss_fgl_dn_2: 0.9654 (0.9546)  loss_fgl_dn_3: 0.9655 (0.9546)  loss_fgl_dn_4: 0.9654 (0.9547)  loss_fgl_dn_5: 0.9654 (0.9547)  loss_giou: 0.2343 (0.2576)  loss_giou_aux_0: 0.2418 (0.2699)  loss_giou_aux_1: 0.2329 (0.2594)  loss_giou_aux_2: 0.2357 (0.2576)  loss_giou_aux_3: 0.2345 (0.2576)  loss_giou_aux_4: 0.2344 (0.2576)  loss_giou_dn_0: 0.2566 (0.2715)  loss_giou_dn_1: 0.2004 (0.2066)  loss_giou_dn_2: 0.1980 (0.2029)  loss_giou_dn_3: 0.1980 (0.2029)  loss_giou_dn_4: 0.1979 (0.2029)  loss_giou_dn_5: 0.1979 (0.2029)  loss_giou_dn_pre: 0.2572 (0.2722)  loss_giou_enc_0: 0.3280 (0.3519)  loss_giou_pre: 0.2442 (0.2693)  loss_vfl: 0.3060 (0.3107)  loss_vfl_aux_0: 0.3316 (0.3536)  loss_vfl_aux_1: 0.3188 (0.3245)  loss_vfl_aux_2: 0.3107 (0.3150)  loss_vfl_aux_3: 0.3060 (0.3117)  loss_vfl_aux_4: 0.3059 (0.3107)  loss_vfl_dn_0: 0.3644 (0.3622)  loss_vfl_dn_1: 0.2866 (0.2807)  loss_vfl_dn_2: 0.2813 (0.2757)  loss_vfl_dn_3: 0.2805 (0.2748)  loss_vfl_dn_4: 0.2808 (0.2747)  loss_vfl_dn_5: 0.2807 (0.2748)  loss_vfl_dn_pre: 0.3643 (0.3631)  loss_vfl_enc_0: 0.3887 (0.4017)  loss_vfl_pre: 0.3336 (0.3533)  time: 0.6094  data: 0.0085  max mem: 17742
Epoch: [10/120]  [1300/2360]  eta: 0:11:08  lr: 0.000009  loss: 21.6965 (21.8669)  loss_bbox: 0.0550 (0.0561)  loss_bbox_aux_0: 0.0573 (0.0624)  loss_bbox_aux_1: 0.0545 (0.0571)  loss_bbox_aux_2: 0.0550 (0.0561)  loss_bbox_aux_3: 0.0550 (0.0561)  loss_bbox_aux_4: 0.0550 (0.0561)  loss_bbox_dn_0: 0.0666 (0.0710)  loss_bbox_dn_1: 0.0497 (0.0494)  loss_bbox_dn_2: 0.0489 (0.0475)  loss_bbox_dn_3: 0.0489 (0.0475)  loss_bbox_dn_4: 0.0489 (0.0474)  loss_bbox_dn_5: 0.0489 (0.0474)  loss_bbox_dn_pre: 0.0734 (0.0753)  loss_bbox_enc_0: 0.0832 (0.0972)  loss_bbox_pre: 0.0566 (0.0623)  loss_ddf_aux_0: 0.0445 (0.0435)  loss_ddf_aux_1: 0.0153 (0.0120)  loss_ddf_aux_2: 0.0015 (0.0011)  loss_ddf_aux_3: 0.0000 (0.0000)  loss_ddf_aux_4: 0.0000 (0.0000)  loss_ddf_dn_0: 0.4408 (0.4379)  loss_ddf_dn_1: 0.0515 (0.0470)  loss_ddf_dn_2: 0.0108 (0.0056)  loss_ddf_dn_3: 0.0004 (0.0003)  loss_ddf_dn_4: 0.0000 (0.0000)  loss_ddf_dn_5: 0.0000 (0.0000)  loss_fgl: 0.9998 (0.9974)  loss_fgl_aux_0: 1.0427 (1.0284)  loss_fgl_aux_1: 1.0019 (1.0005)  loss_fgl_aux_2: 1.0005 (0.9973)  loss_fgl_aux_3: 1.0002 (0.9973)  loss_fgl_aux_4: 1.0000 (0.9974)  loss_fgl_dn_0: 1.1040 (1.0941)  loss_fgl_dn_1: 0.9743 (0.9624)  loss_fgl_dn_2: 0.9656 (0.9547)  loss_fgl_dn_3: 0.9656 (0.9548)  loss_fgl_dn_4: 0.9658 (0.9548)  loss_fgl_dn_5: 0.9658 (0.9548)  loss_giou: 0.2588 (0.2585)  loss_giou_aux_0: 0.2754 (0.2708)  loss_giou_aux_1: 0.2579 (0.2602)  loss_giou_aux_2: 0.2591 (0.2585)  loss_giou_aux_3: 0.2590 (0.2585)  loss_giou_aux_4: 0.2589 (0.2585)  loss_giou_dn_0: 0.2692 (0.2717)  loss_giou_dn_1: 0.2080 (0.2068)  loss_giou_dn_2: 0.2061 (0.2031)  loss_giou_dn_3: 0.2061 (0.2031)  loss_giou_dn_4: 0.2060 (0.2030)  loss_giou_dn_5: 0.2060 (0.2030)  loss_giou_dn_pre: 0.2705 (0.2725)  loss_giou_enc_0: 0.3445 (0.3528)  loss_giou_pre: 0.2719 (0.2702)  loss_vfl: 0.2972 (0.3104)  loss_vfl_aux_0: 0.3630 (0.3535)  loss_vfl_aux_1: 0.3178 (0.3245)  loss_vfl_aux_2: 0.3053 (0.3148)  loss_vfl_aux_3: 0.3006 (0.3114)  loss_vfl_aux_4: 0.2967 (0.3105)  loss_vfl_dn_0: 0.3601 (0.3621)  loss_vfl_dn_1: 0.2828 (0.2807)  loss_vfl_dn_2: 0.2776 (0.2757)  loss_vfl_dn_3: 0.2773 (0.2749)  loss_vfl_dn_4: 0.2761 (0.2748)  loss_vfl_dn_5: 0.2765 (0.2748)  loss_vfl_dn_pre: 0.3617 (0.3630)  loss_vfl_enc_0: 0.4036 (0.4013)  loss_vfl_pre: 0.3630 (0.3531)  time: 0.5903  data: 0.0085  max mem: 17742
Epoch: [10/120]  [1400/2360]  eta: 0:10:04  lr: 0.000009  loss: 21.7088 (21.8638)  loss_bbox: 0.0512 (0.0563)  loss_bbox_aux_0: 0.0553 (0.0627)  loss_bbox_aux_1: 0.0483 (0.0573)  loss_bbox_aux_2: 0.0507 (0.0563)  loss_bbox_aux_3: 0.0511 (0.0563)  loss_bbox_aux_4: 0.0511 (0.0563)  loss_bbox_dn_0: 0.0701 (0.0712)  loss_bbox_dn_1: 0.0454 (0.0495)  loss_bbox_dn_2: 0.0441 (0.0476)  loss_bbox_dn_3: 0.0440 (0.0475)  loss_bbox_dn_4: 0.0446 (0.0475)  loss_bbox_dn_5: 0.0446 (0.0475)  loss_bbox_dn_pre: 0.0728 (0.0755)  loss_bbox_enc_0: 0.1070 (0.0982)  loss_bbox_pre: 0.0550 (0.0626)  loss_ddf_aux_0: 0.0560 (0.0445)  loss_ddf_aux_1: 0.0189 (0.0125)  loss_ddf_aux_2: 0.0020 (0.0011)  loss_ddf_aux_3: 0.0000 (0.0000)  loss_ddf_aux_4: 0.0000 (0.0000)  loss_ddf_dn_0: 0.4217 (0.4399)  loss_ddf_dn_1: 0.0457 (0.0473)  loss_ddf_dn_2: 0.0089 (0.0060)  loss_ddf_dn_3: 0.0005 (0.0003)  loss_ddf_dn_4: 0.0000 (0.0000)  loss_ddf_dn_5: 0.0000 (0.0000)  loss_fgl: 0.9772 (0.9965)  loss_fgl_aux_0: 1.0177 (1.0277)  loss_fgl_aux_1: 0.9830 (0.9996)  loss_fgl_aux_2: 0.9773 (0.9964)  loss_fgl_aux_3: 0.9773 (0.9965)  loss_fgl_aux_4: 0.9772 (0.9965)  loss_fgl_dn_0: 1.0882 (1.0938)  loss_fgl_dn_1: 0.9487 (0.9618)  loss_fgl_dn_2: 0.9420 (0.9541)  loss_fgl_dn_3: 0.9421 (0.9542)  loss_fgl_dn_4: 0.9419 (0.9542)  loss_fgl_dn_5: 0.9420 (0.9542)  loss_giou: 0.2529 (0.2578)  loss_giou_aux_0: 0.2611 (0.2702)  loss_giou_aux_1: 0.2525 (0.2595)  loss_giou_aux_2: 0.2523 (0.2578)  loss_giou_aux_3: 0.2531 (0.2578)  loss_giou_aux_4: 0.2529 (0.2578)  loss_giou_dn_0: 0.2656 (0.2714)  loss_giou_dn_1: 0.2026 (0.2065)  loss_giou_dn_2: 0.1972 (0.2028)  loss_giou_dn_3: 0.1972 (0.2028)  loss_giou_dn_4: 0.1971 (0.2028)  loss_giou_dn_5: 0.1971 (0.2028)  loss_giou_dn_pre: 0.2705 (0.2722)  loss_giou_enc_0: 0.3310 (0.3523)  loss_giou_pre: 0.2613 (0.2696)  loss_vfl: 0.3059 (0.3110)  loss_vfl_aux_0: 0.3563 (0.3543)  loss_vfl_aux_1: 0.3305 (0.3253)  loss_vfl_aux_2: 0.3056 (0.3156)  loss_vfl_aux_3: 0.3059 (0.3121)  loss_vfl_aux_4: 0.3057 (0.3110)  loss_vfl_dn_0: 0.3569 (0.3620)  loss_vfl_dn_1: 0.2760 (0.2805)  loss_vfl_dn_2: 0.2710 (0.2755)  loss_vfl_dn_3: 0.2697 (0.2747)  loss_vfl_dn_4: 0.2702 (0.2746)  loss_vfl_dn_5: 0.2711 (0.2747)  loss_vfl_dn_pre: 0.3572 (0.3629)  loss_vfl_enc_0: 0.3881 (0.4021)  loss_vfl_pre: 0.3570 (0.3539)  time: 0.6085  data: 0.0085  max mem: 17742
Epoch: [10/120]  [1500/2360]  eta: 0:09:01  lr: 0.000009  loss: 21.8181 (21.8494)  loss_bbox: 0.0532 (0.0562)  loss_bbox_aux_0: 0.0604 (0.0627)  loss_bbox_aux_1: 0.0542 (0.0572)  loss_bbox_aux_2: 0.0530 (0.0562)  loss_bbox_aux_3: 0.0532 (0.0562)  loss_bbox_aux_4: 0.0532 (0.0562)  loss_bbox_dn_0: 0.0687 (0.0712)  loss_bbox_dn_1: 0.0472 (0.0495)  loss_bbox_dn_2: 0.0454 (0.0475)  loss_bbox_dn_3: 0.0453 (0.0475)  loss_bbox_dn_4: 0.0453 (0.0475)  loss_bbox_dn_5: 0.0453 (0.0475)  loss_bbox_dn_pre: 0.0678 (0.0756)  loss_bbox_enc_0: 0.0875 (0.0985)  loss_bbox_pre: 0.0577 (0.0627)  loss_ddf_aux_0: 0.0544 (0.0450)  loss_ddf_aux_1: 0.0185 (0.0129)  loss_ddf_aux_2: 0.0018 (0.0012)  loss_ddf_aux_3: 0.0000 (0.0000)  loss_ddf_aux_4: 0.0000 (0.0000)  loss_ddf_dn_0: 0.5408 (0.4400)  loss_ddf_dn_1: 0.0527 (0.0469)  loss_ddf_dn_2: 0.0116 (0.0061)  loss_ddf_dn_3: 0.0006 (0.0003)  loss_ddf_dn_4: 0.0000 (0.0000)  loss_ddf_dn_5: 0.0000 (0.0000)  loss_fgl: 0.9792 (0.9961)  loss_fgl_aux_0: 1.0239 (1.0274)  loss_fgl_aux_1: 0.9818 (0.9992)  loss_fgl_aux_2: 0.9790 (0.9960)  loss_fgl_aux_3: 0.9794 (0.9961)  loss_fgl_aux_4: 0.9794 (0.9961)  loss_fgl_dn_0: 1.0899 (1.0932)  loss_fgl_dn_1: 0.9487 (0.9611)  loss_fgl_dn_2: 0.9403 (0.9535)  loss_fgl_dn_3: 0.9406 (0.9535)  loss_fgl_dn_4: 0.9408 (0.9536)  loss_fgl_dn_5: 0.9408 (0.9536)  loss_giou: 0.2278 (0.2574)  loss_giou_aux_0: 0.2443 (0.2699)  loss_giou_aux_1: 0.2295 (0.2592)  loss_giou_aux_2: 0.2278 (0.2574)  loss_giou_aux_3: 0.2277 (0.2574)  loss_giou_aux_4: 0.2278 (0.2574)  loss_giou_dn_0: 0.2618 (0.2711)  loss_giou_dn_1: 0.1952 (0.2063)  loss_giou_dn_2: 0.1889 (0.2025)  loss_giou_dn_3: 0.1884 (0.2025)  loss_giou_dn_4: 0.1880 (0.2025)  loss_giou_dn_5: 0.1880 (0.2025)  loss_giou_dn_pre: 0.2634 (0.2719)  loss_giou_enc_0: 0.3265 (0.3514)  loss_giou_pre: 0.2398 (0.2693)  loss_vfl: 0.3000 (0.3107)  loss_vfl_aux_0: 0.3440 (0.3542)  loss_vfl_aux_1: 0.3028 (0.3252)  loss_vfl_aux_2: 0.2999 (0.3153)  loss_vfl_aux_3: 0.3004 (0.3118)  loss_vfl_aux_4: 0.3000 (0.3108)  loss_vfl_dn_0: 0.3634 (0.3618)  loss_vfl_dn_1: 0.2782 (0.2802)  loss_vfl_dn_2: 0.2694 (0.2752)  loss_vfl_dn_3: 0.2696 (0.2744)  loss_vfl_dn_4: 0.2701 (0.2743)  loss_vfl_dn_5: 0.2702 (0.2744)  loss_vfl_dn_pre: 0.3628 (0.3627)  loss_vfl_enc_0: 0.3867 (0.4019)  loss_vfl_pre: 0.3457 (0.3538)  time: 0.6622  data: 0.0090  max mem: 17742
Epoch: [10/120]  [1600/2360]  eta: 0:08:00  lr: 0.000009  loss: 22.1807 (21.8623)  loss_bbox: 0.0470 (0.0563)  loss_bbox_aux_0: 0.0552 (0.0628)  loss_bbox_aux_1: 0.0473 (0.0573)  loss_bbox_aux_2: 0.0470 (0.0563)  loss_bbox_aux_3: 0.0470 (0.0563)  loss_bbox_aux_4: 0.0470 (0.0563)  loss_bbox_dn_0: 0.0601 (0.0712)  loss_bbox_dn_1: 0.0430 (0.0494)  loss_bbox_dn_2: 0.0389 (0.0475)  loss_bbox_dn_3: 0.0388 (0.0475)  loss_bbox_dn_4: 0.0387 (0.0475)  loss_bbox_dn_5: 0.0387 (0.0475)  loss_bbox_dn_pre: 0.0639 (0.0755)  loss_bbox_enc_0: 0.0757 (0.0986)  loss_bbox_pre: 0.0548 (0.0628)  loss_ddf_aux_0: 0.0440 (0.0452)  loss_ddf_aux_1: 0.0163 (0.0131)  loss_ddf_aux_2: 0.0016 (0.0012)  loss_ddf_aux_3: 0.0000 (0.0000)  loss_ddf_aux_4: 0.0000 (0.0000)  loss_ddf_dn_0: 0.5067 (0.4481)  loss_ddf_dn_1: 0.0546 (0.0471)  loss_ddf_dn_2: 0.0176 (0.0065)  loss_ddf_dn_3: 0.0006 (0.0003)  loss_ddf_dn_4: 0.0000 (0.0000)  loss_ddf_dn_5: 0.0000 (0.0000)  loss_fgl: 1.0027 (0.9960)  loss_fgl_aux_0: 1.0323 (1.0271)  loss_fgl_aux_1: 1.0061 (0.9991)  loss_fgl_aux_2: 1.0024 (0.9959)  loss_fgl_aux_3: 1.0025 (0.9960)  loss_fgl_aux_4: 1.0027 (0.9960)  loss_fgl_dn_0: 1.0946 (1.0928)  loss_fgl_dn_1: 0.9800 (0.9613)  loss_fgl_dn_2: 0.9727 (0.9537)  loss_fgl_dn_3: 0.9729 (0.9538)  loss_fgl_dn_4: 0.9733 (0.9538)  loss_fgl_dn_5: 0.9734 (0.9538)  loss_giou: 0.2605 (0.2576)  loss_giou_aux_0: 0.2673 (0.2701)  loss_giou_aux_1: 0.2567 (0.2594)  loss_giou_aux_2: 0.2601 (0.2576)  loss_giou_aux_3: 0.2603 (0.2576)  loss_giou_aux_4: 0.2604 (0.2576)  loss_giou_dn_0: 0.2726 (0.2712)  loss_giou_dn_1: 0.2161 (0.2064)  loss_giou_dn_2: 0.2136 (0.2027)  loss_giou_dn_3: 0.2136 (0.2027)  loss_giou_dn_4: 0.2134 (0.2027)  loss_giou_dn_5: 0.2134 (0.2027)  loss_giou_dn_pre: 0.2727 (0.2719)  loss_giou_enc_0: 0.3508 (0.3516)  loss_giou_pre: 0.2698 (0.2694)  loss_vfl: 0.3050 (0.3108)  loss_vfl_aux_0: 0.3215 (0.3539)  loss_vfl_aux_1: 0.3069 (0.3251)  loss_vfl_aux_2: 0.3054 (0.3155)  loss_vfl_aux_3: 0.3053 (0.3119)  loss_vfl_aux_4: 0.3054 (0.3109)  loss_vfl_dn_0: 0.3586 (0.3618)  loss_vfl_dn_1: 0.2868 (0.2803)  loss_vfl_dn_2: 0.2814 (0.2753)  loss_vfl_dn_3: 0.2817 (0.2746)  loss_vfl_dn_4: 0.2817 (0.2744)  loss_vfl_dn_5: 0.2819 (0.2745)  loss_vfl_dn_pre: 0.3613 (0.3627)  loss_vfl_enc_0: 0.3771 (0.4017)  loss_vfl_pre: 0.3201 (0.3535)  time: 0.6684  data: 0.0091  max mem: 17742
Epoch: [10/120]  [1700/2360]  eta: 0:06:57  lr: 0.000009  loss: 20.8442 (21.8593)  loss_bbox: 0.0462 (0.0564)  loss_bbox_aux_0: 0.0531 (0.0628)  loss_bbox_aux_1: 0.0494 (0.0573)  loss_bbox_aux_2: 0.0462 (0.0564)  loss_bbox_aux_3: 0.0462 (0.0564)  loss_bbox_aux_4: 0.0462 (0.0564)  loss_bbox_dn_0: 0.0680 (0.0712)  loss_bbox_dn_1: 0.0433 (0.0495)  loss_bbox_dn_2: 0.0418 (0.0476)  loss_bbox_dn_3: 0.0418 (0.0475)  loss_bbox_dn_4: 0.0418 (0.0475)  loss_bbox_dn_5: 0.0418 (0.0475)  loss_bbox_dn_pre: 0.0766 (0.0755)  loss_bbox_enc_0: 0.0891 (0.0985)  loss_bbox_pre: 0.0532 (0.0627)  loss_ddf_aux_0: 0.0617 (0.0456)  loss_ddf_aux_1: 0.0233 (0.0134)  loss_ddf_aux_2: 0.0029 (0.0013)  loss_ddf_aux_3: 0.0000 (0.0000)  loss_ddf_aux_4: 0.0000 (0.0000)  loss_ddf_dn_0: 0.4561 (0.4511)  loss_ddf_dn_1: 0.0451 (0.0470)  loss_ddf_dn_2: 0.0136 (0.0068)  loss_ddf_dn_3: 0.0002 (0.0004)  loss_ddf_dn_4: 0.0000 (0.0000)  loss_ddf_dn_5: 0.0000 (0.0000)  loss_fgl: 0.9583 (0.9954)  loss_fgl_aux_0: 0.9975 (1.0265)  loss_fgl_aux_1: 0.9640 (0.9985)  loss_fgl_aux_2: 0.9586 (0.9954)  loss_fgl_aux_3: 0.9584 (0.9954)  loss_fgl_aux_4: 0.9583 (0.9954)  loss_fgl_dn_0: 1.0641 (1.0925)  loss_fgl_dn_1: 0.9262 (0.9610)  loss_fgl_dn_2: 0.9177 (0.9535)  loss_fgl_dn_3: 0.9178 (0.9535)  loss_fgl_dn_4: 0.9180 (0.9536)  loss_fgl_dn_5: 0.9181 (0.9536)  loss_giou: 0.2471 (0.2578)  loss_giou_aux_0: 0.2599 (0.2701)  loss_giou_aux_1: 0.2513 (0.2595)  loss_giou_aux_2: 0.2470 (0.2577)  loss_giou_aux_3: 0.2470 (0.2577)  loss_giou_aux_4: 0.2471 (0.2577)  loss_giou_dn_0: 0.2659 (0.2711)  loss_giou_dn_1: 0.1870 (0.2064)  loss_giou_dn_2: 0.1804 (0.2027)  loss_giou_dn_3: 0.1804 (0.2027)  loss_giou_dn_4: 0.1803 (0.2026)  loss_giou_dn_5: 0.1803 (0.2026)  loss_giou_dn_pre: 0.2659 (0.2719)  loss_giou_enc_0: 0.3168 (0.3513)  loss_giou_pre: 0.2570 (0.2694)  loss_vfl: 0.3018 (0.3109)  loss_vfl_aux_0: 0.3240 (0.3532)  loss_vfl_aux_1: 0.3051 (0.3249)  loss_vfl_aux_2: 0.3013 (0.3155)  loss_vfl_aux_3: 0.3009 (0.3120)  loss_vfl_aux_4: 0.3055 (0.3110)  loss_vfl_dn_0: 0.3547 (0.3617)  loss_vfl_dn_1: 0.2636 (0.2802)  loss_vfl_dn_2: 0.2574 (0.2753)  loss_vfl_dn_3: 0.2576 (0.2745)  loss_vfl_dn_4: 0.2584 (0.2744)  loss_vfl_dn_5: 0.2584 (0.2745)  loss_vfl_dn_pre: 0.3538 (0.3626)  loss_vfl_enc_0: 0.3768 (0.4010)  loss_vfl_pre: 0.3248 (0.3528)  time: 0.6688  data: 0.0094  max mem: 17742
Epoch: [10/120]  [1800/2360]  eta: 0:05:53  lr: 0.000009  loss: 22.2235 (21.8633)  loss_bbox: 0.0554 (0.0564)  loss_bbox_aux_0: 0.0615 (0.0628)  loss_bbox_aux_1: 0.0578 (0.0574)  loss_bbox_aux_2: 0.0555 (0.0565)  loss_bbox_aux_3: 0.0554 (0.0564)  loss_bbox_aux_4: 0.0554 (0.0564)  loss_bbox_dn_0: 0.0732 (0.0712)  loss_bbox_dn_1: 0.0510 (0.0495)  loss_bbox_dn_2: 0.0500 (0.0476)  loss_bbox_dn_3: 0.0503 (0.0476)  loss_bbox_dn_4: 0.0502 (0.0475)  loss_bbox_dn_5: 0.0502 (0.0475)  loss_bbox_dn_pre: 0.0744 (0.0755)  loss_bbox_enc_0: 0.1013 (0.0987)  loss_bbox_pre: 0.0605 (0.0627)  loss_ddf_aux_0: 0.0636 (0.0470)  loss_ddf_aux_1: 0.0248 (0.0141)  loss_ddf_aux_2: 0.0035 (0.0014)  loss_ddf_aux_3: 0.0000 (0.0000)  loss_ddf_aux_4: 0.0000 (0.0000)  loss_ddf_dn_0: 0.3424 (0.4517)  loss_ddf_dn_1: 0.0742 (0.0491)  loss_ddf_dn_2: 0.0070 (0.0074)  loss_ddf_dn_3: 0.0002 (0.0003)  loss_ddf_dn_4: 0.0000 (0.0000)  loss_ddf_dn_5: 0.0000 (0.0000)  loss_fgl: 0.9882 (0.9950)  loss_fgl_aux_0: 1.0223 (1.0261)  loss_fgl_aux_1: 0.9896 (0.9981)  loss_fgl_aux_2: 0.9888 (0.9949)  loss_fgl_aux_3: 0.9885 (0.9950)  loss_fgl_aux_4: 0.9884 (0.9950)  loss_fgl_dn_0: 1.0883 (1.0925)  loss_fgl_dn_1: 0.9677 (0.9610)  loss_fgl_dn_2: 0.9593 (0.9535)  loss_fgl_dn_3: 0.9597 (0.9536)  loss_fgl_dn_4: 0.9597 (0.9537)  loss_fgl_dn_5: 0.9597 (0.9537)  loss_giou: 0.2507 (0.2578)  loss_giou_aux_0: 0.2604 (0.2701)  loss_giou_aux_1: 0.2482 (0.2595)  loss_giou_aux_2: 0.2506 (0.2578)  loss_giou_aux_3: 0.2507 (0.2578)  loss_giou_aux_4: 0.2507 (0.2578)  loss_giou_dn_0: 0.2598 (0.2712)  loss_giou_dn_1: 0.2021 (0.2064)  loss_giou_dn_2: 0.1965 (0.2027)  loss_giou_dn_3: 0.1961 (0.2027)  loss_giou_dn_4: 0.1951 (0.2026)  loss_giou_dn_5: 0.1951 (0.2026)  loss_giou_dn_pre: 0.2611 (0.2720)  loss_giou_enc_0: 0.3308 (0.3512)  loss_giou_pre: 0.2642 (0.2695)  loss_vfl: 0.3011 (0.3111)  loss_vfl_aux_0: 0.3400 (0.3528)  loss_vfl_aux_1: 0.3090 (0.3247)  loss_vfl_aux_2: 0.3068 (0.3157)  loss_vfl_aux_3: 0.3018 (0.3121)  loss_vfl_aux_4: 0.3011 (0.3112)  loss_vfl_dn_0: 0.3607 (0.3618)  loss_vfl_dn_1: 0.2854 (0.2806)  loss_vfl_dn_2: 0.2805 (0.2753)  loss_vfl_dn_3: 0.2790 (0.2745)  loss_vfl_dn_4: 0.2788 (0.2744)  loss_vfl_dn_5: 0.2790 (0.2744)  loss_vfl_dn_pre: 0.3611 (0.3627)  loss_vfl_enc_0: 0.3998 (0.4007)  loss_vfl_pre: 0.3368 (0.3525)  time: 0.6295  data: 0.0088  max mem: 17742
Epoch: [10/120]  [1900/2360]  eta: 0:04:50  lr: 0.000009  loss: 23.7314 (21.8900)  loss_bbox: 0.0450 (0.0564)  loss_bbox_aux_0: 0.0518 (0.0628)  loss_bbox_aux_1: 0.0447 (0.0573)  loss_bbox_aux_2: 0.0448 (0.0564)  loss_bbox_aux_3: 0.0449 (0.0564)  loss_bbox_aux_4: 0.0450 (0.0564)  loss_bbox_dn_0: 0.0620 (0.0713)  loss_bbox_dn_1: 0.0422 (0.0496)  loss_bbox_dn_2: 0.0399 (0.0477)  loss_bbox_dn_3: 0.0393 (0.0476)  loss_bbox_dn_4: 0.0391 (0.0476)  loss_bbox_dn_5: 0.0391 (0.0476)  loss_bbox_dn_pre: 0.0645 (0.0756)  loss_bbox_enc_0: 0.0795 (0.0985)  loss_bbox_pre: 0.0516 (0.0627)  loss_ddf_aux_0: 0.0694 (0.0479)  loss_ddf_aux_1: 0.0307 (0.0147)  loss_ddf_aux_2: 0.0050 (0.0015)  loss_ddf_aux_3: 0.0000 (0.0000)  loss_ddf_aux_4: 0.0000 (0.0000)  loss_ddf_dn_0: 1.2177 (0.4655)  loss_ddf_dn_1: 0.5495 (0.0622)  loss_ddf_dn_2: 0.0995 (0.0106)  loss_ddf_dn_3: 0.0005 (0.0004)  loss_ddf_dn_4: 0.0000 (0.0000)  loss_ddf_dn_5: 0.0000 (0.0000)  loss_fgl: 1.0151 (0.9947)  loss_fgl_aux_0: 1.0446 (1.0258)  loss_fgl_aux_1: 1.0157 (0.9978)  loss_fgl_aux_2: 1.0152 (0.9946)  loss_fgl_aux_3: 1.0152 (0.9946)  loss_fgl_aux_4: 1.0151 (0.9946)  loss_fgl_dn_0: 1.1102 (1.0926)  loss_fgl_dn_1: 0.9880 (0.9607)  loss_fgl_dn_2: 0.9842 (0.9533)  loss_fgl_dn_3: 0.9846 (0.9534)  loss_fgl_dn_4: 0.9845 (0.9534)  loss_fgl_dn_5: 0.9845 (0.9535)  loss_giou: 0.2678 (0.2575)  loss_giou_aux_0: 0.2771 (0.2699)  loss_giou_aux_1: 0.2694 (0.2592)  loss_giou_aux_2: 0.2679 (0.2575)  loss_giou_aux_3: 0.2678 (0.2575)  loss_giou_aux_4: 0.2678 (0.2575)  loss_giou_dn_0: 0.2944 (0.2713)  loss_giou_dn_1: 0.2240 (0.2063)  loss_giou_dn_2: 0.2172 (0.2026)  loss_giou_dn_3: 0.2172 (0.2026)  loss_giou_dn_4: 0.2171 (0.2026)  loss_giou_dn_5: 0.2171 (0.2026)  loss_giou_dn_pre: 0.2938 (0.2720)  loss_giou_enc_0: 0.3788 (0.3507)  loss_giou_pre: 0.2776 (0.2693)  loss_vfl: 0.3148 (0.3112)  loss_vfl_aux_0: 0.3455 (0.3525)  loss_vfl_aux_1: 0.3178 (0.3247)  loss_vfl_aux_2: 0.3157 (0.3157)  loss_vfl_aux_3: 0.3136 (0.3122)  loss_vfl_aux_4: 0.3135 (0.3112)  loss_vfl_dn_0: 0.3722 (0.3623)  loss_vfl_dn_1: 0.2958 (0.2809)  loss_vfl_dn_2: 0.2850 (0.2754)  loss_vfl_dn_3: 0.2841 (0.2745)  loss_vfl_dn_4: 0.2846 (0.2743)  loss_vfl_dn_5: 0.2845 (0.2744)  loss_vfl_dn_pre: 0.3735 (0.3632)  loss_vfl_enc_0: 0.3910 (0.4004)  loss_vfl_pre: 0.3481 (0.3522)  time: 0.5946  data: 0.0084  max mem: 17742
Epoch: [10/120]  [2000/2360]  eta: 0:03:47  lr: 0.000009  loss: 25.1786 (21.9970)  loss_bbox: 0.0532 (0.0565)  loss_bbox_aux_0: 0.0539 (0.0629)  loss_bbox_aux_1: 0.0532 (0.0574)  loss_bbox_aux_2: 0.0526 (0.0565)  loss_bbox_aux_3: 0.0527 (0.0565)  loss_bbox_aux_4: 0.0532 (0.0565)  loss_bbox_dn_0: 0.0763 (0.0715)  loss_bbox_dn_1: 0.0501 (0.0498)  loss_bbox_dn_2: 0.0482 (0.0479)  loss_bbox_dn_3: 0.0482 (0.0478)  loss_bbox_dn_4: 0.0484 (0.0478)  loss_bbox_dn_5: 0.0484 (0.0478)  loss_bbox_dn_pre: 0.0836 (0.0757)  loss_bbox_enc_0: 0.0906 (0.0986)  loss_bbox_pre: 0.0541 (0.0628)  loss_ddf_aux_0: 0.0479 (0.0489)  loss_ddf_aux_1: 0.0157 (0.0154)  loss_ddf_aux_2: 0.0025 (0.0016)  loss_ddf_aux_3: 0.0001 (0.0000)  loss_ddf_aux_4: 0.0000 (0.0000)  loss_ddf_dn_0: 2.1552 (0.5110)  loss_ddf_dn_1: 0.8646 (0.0950)  loss_ddf_dn_2: 0.4453 (0.0332)  loss_ddf_dn_3: 0.0015 (0.0004)  loss_ddf_dn_4: 0.0000 (0.0000)  loss_ddf_dn_5: 0.0000 (0.0000)  loss_fgl: 1.0074 (0.9947)  loss_fgl_aux_0: 1.0330 (1.0256)  loss_fgl_aux_1: 1.0084 (0.9978)  loss_fgl_aux_2: 1.0082 (0.9946)  loss_fgl_aux_3: 1.0081 (0.9946)  loss_fgl_aux_4: 1.0073 (0.9946)  loss_fgl_dn_0: 1.1102 (1.0929)  loss_fgl_dn_1: 1.0181 (0.9615)  loss_fgl_dn_2: 1.0145 (0.9542)  loss_fgl_dn_3: 1.0147 (0.9543)  loss_fgl_dn_4: 1.0151 (0.9544)  loss_fgl_dn_5: 1.0151 (0.9544)  loss_giou: 0.2338 (0.2571)  loss_giou_aux_0: 0.2396 (0.2695)  loss_giou_aux_1: 0.2333 (0.2588)  loss_giou_aux_2: 0.2339 (0.2571)  loss_giou_aux_3: 0.2338 (0.2571)  loss_giou_aux_4: 0.2339 (0.2571)  loss_giou_dn_0: 0.2711 (0.2713)  loss_giou_dn_1: 0.2082 (0.2063)  loss_giou_dn_2: 0.2050 (0.2026)  loss_giou_dn_3: 0.2050 (0.2026)  loss_giou_dn_4: 0.2050 (0.2025)  loss_giou_dn_5: 0.2050 (0.2025)  loss_giou_dn_pre: 0.2723 (0.2720)  loss_giou_enc_0: 0.3253 (0.3503)  loss_giou_pre: 0.2383 (0.2689)  loss_vfl: 0.3097 (0.3114)  loss_vfl_aux_0: 0.3369 (0.3524)  loss_vfl_aux_1: 0.3214 (0.3247)  loss_vfl_aux_2: 0.3161 (0.3159)  loss_vfl_aux_3: 0.3130 (0.3124)  loss_vfl_aux_4: 0.3108 (0.3114)  loss_vfl_dn_0: 0.3677 (0.3623)  loss_vfl_dn_1: 0.2928 (0.2809)  loss_vfl_dn_2: 0.2891 (0.2755)  loss_vfl_dn_3: 0.2882 (0.2745)  loss_vfl_dn_4: 0.2861 (0.2744)  loss_vfl_dn_5: 0.2862 (0.2745)  loss_vfl_dn_pre: 0.3676 (0.3632)  loss_vfl_enc_0: 0.3949 (0.4004)  loss_vfl_pre: 0.3383 (0.3521)  time: 0.6369  data: 0.0086  max mem: 17742
Epoch: [10/120]  [2100/2360]  eta: 0:02:44  lr: 0.000009  loss: 22.8944 (22.0724)  loss_bbox: 0.0462 (0.0567)  loss_bbox_aux_0: 0.0528 (0.0631)  loss_bbox_aux_1: 0.0474 (0.0576)  loss_bbox_aux_2: 0.0462 (0.0567)  loss_bbox_aux_3: 0.0462 (0.0567)  loss_bbox_aux_4: 0.0462 (0.0567)  loss_bbox_dn_0: 0.0565 (0.0716)  loss_bbox_dn_1: 0.0402 (0.0499)  loss_bbox_dn_2: 0.0385 (0.0480)  loss_bbox_dn_3: 0.0384 (0.0480)  loss_bbox_dn_4: 0.0383 (0.0479)  loss_bbox_dn_5: 0.0383 (0.0479)  loss_bbox_dn_pre: 0.0633 (0.0758)  loss_bbox_enc_0: 0.0894 (0.0989)  loss_bbox_pre: 0.0526 (0.0630)  loss_ddf_aux_0: 0.0564 (0.0494)  loss_ddf_aux_1: 0.0142 (0.0154)  loss_ddf_aux_2: 0.0030 (0.0017)  loss_ddf_aux_3: 0.0000 (0.0000)  loss_ddf_aux_4: 0.0000 (0.0000)  loss_ddf_dn_0: 1.0143 (0.5459)  loss_ddf_dn_1: 0.3334 (0.1069)  loss_ddf_dn_2: 0.2232 (0.0432)  loss_ddf_dn_3: 0.0038 (0.0005)  loss_ddf_dn_4: 0.0000 (0.0000)  loss_ddf_dn_5: 0.0000 (0.0000)  loss_fgl: 0.9907 (0.9947)  loss_fgl_aux_0: 1.0102 (1.0255)  loss_fgl_aux_1: 0.9915 (0.9978)  loss_fgl_aux_2: 0.9905 (0.9946)  loss_fgl_aux_3: 0.9907 (0.9947)  loss_fgl_aux_4: 0.9907 (0.9947)  loss_fgl_dn_0: 1.0939 (1.0936)  loss_fgl_dn_1: 0.9741 (0.9624)  loss_fgl_dn_2: 0.9648 (0.9551)  loss_fgl_dn_3: 0.9648 (0.9552)  loss_fgl_dn_4: 0.9648 (0.9553)  loss_fgl_dn_5: 0.9648 (0.9553)  loss_giou: 0.2486 (0.2579)  loss_giou_aux_0: 0.2672 (0.2703)  loss_giou_aux_1: 0.2481 (0.2595)  loss_giou_aux_2: 0.2485 (0.2579)  loss_giou_aux_3: 0.2486 (0.2579)  loss_giou_aux_4: 0.2486 (0.2579)  loss_giou_dn_0: 0.2610 (0.2716)  loss_giou_dn_1: 0.2013 (0.2066)  loss_giou_dn_2: 0.1971 (0.2029)  loss_giou_dn_3: 0.1970 (0.2028)  loss_giou_dn_4: 0.1969 (0.2028)  loss_giou_dn_5: 0.1969 (0.2028)  loss_giou_dn_pre: 0.2628 (0.2722)  loss_giou_enc_0: 0.3373 (0.3511)  loss_giou_pre: 0.2659 (0.2696)  loss_vfl: 0.3000 (0.3117)  loss_vfl_aux_0: 0.3300 (0.3523)  loss_vfl_aux_1: 0.3123 (0.3249)  loss_vfl_aux_2: 0.2993 (0.3160)  loss_vfl_aux_3: 0.3004 (0.3125)  loss_vfl_aux_4: 0.3009 (0.3117)  loss_vfl_dn_0: 0.3580 (0.3625)  loss_vfl_dn_1: 0.2839 (0.2811)  loss_vfl_dn_2: 0.2778 (0.2758)  loss_vfl_dn_3: 0.2760 (0.2747)  loss_vfl_dn_4: 0.2760 (0.2745)  loss_vfl_dn_5: 0.2760 (0.2746)  loss_vfl_dn_pre: 0.3584 (0.3633)  loss_vfl_enc_0: 0.3802 (0.4003)  loss_vfl_pre: 0.3311 (0.3521)  time: 0.6190  data: 0.0090  max mem: 17742
Epoch: [10/120]  [2200/2360]  eta: 0:01:41  lr: 0.000009  loss: 21.8187 (22.0767)  loss_bbox: 0.0507 (0.0565)  loss_bbox_aux_0: 0.0530 (0.0629)  loss_bbox_aux_1: 0.0507 (0.0574)  loss_bbox_aux_2: 0.0507 (0.0565)  loss_bbox_aux_3: 0.0507 (0.0565)  loss_bbox_aux_4: 0.0507 (0.0565)  loss_bbox_dn_0: 0.0621 (0.0715)  loss_bbox_dn_1: 0.0434 (0.0498)  loss_bbox_dn_2: 0.0422 (0.0479)  loss_bbox_dn_3: 0.0420 (0.0479)  loss_bbox_dn_4: 0.0416 (0.0478)  loss_bbox_dn_5: 0.0416 (0.0478)  loss_bbox_dn_pre: 0.0659 (0.0757)  loss_bbox_enc_0: 0.0883 (0.0988)  loss_bbox_pre: 0.0478 (0.0628)  loss_ddf_aux_0: 0.0433 (0.0496)  loss_ddf_aux_1: 0.0131 (0.0154)  loss_ddf_aux_2: 0.0036 (0.0018)  loss_ddf_aux_3: 0.0000 (0.0000)  loss_ddf_aux_4: 0.0000 (0.0000)  loss_ddf_dn_0: 0.4190 (0.5496)  loss_ddf_dn_1: 0.0597 (0.1077)  loss_ddf_dn_2: 0.0297 (0.0438)  loss_ddf_dn_3: 0.0015 (0.0006)  loss_ddf_dn_4: 0.0000 (0.0000)  loss_ddf_dn_5: 0.0000 (0.0000)  loss_fgl: 1.0026 (0.9948)  loss_fgl_aux_0: 1.0286 (1.0256)  loss_fgl_aux_1: 1.0048 (0.9979)  loss_fgl_aux_2: 1.0031 (0.9947)  loss_fgl_aux_3: 1.0030 (0.9948)  loss_fgl_aux_4: 1.0028 (0.9948)  loss_fgl_dn_0: 1.0945 (1.0939)  loss_fgl_dn_1: 0.9622 (0.9630)  loss_fgl_dn_2: 0.9571 (0.9556)  loss_fgl_dn_3: 0.9572 (0.9558)  loss_fgl_dn_4: 0.9572 (0.9558)  loss_fgl_dn_5: 0.9571 (0.9558)  loss_giou: 0.2553 (0.2577)  loss_giou_aux_0: 0.2715 (0.2701)  loss_giou_aux_1: 0.2565 (0.2593)  loss_giou_aux_2: 0.2553 (0.2576)  loss_giou_aux_3: 0.2553 (0.2576)  loss_giou_aux_4: 0.2553 (0.2577)  loss_giou_dn_0: 0.2673 (0.2716)  loss_giou_dn_1: 0.2053 (0.2067)  loss_giou_dn_2: 0.2056 (0.2029)  loss_giou_dn_3: 0.2056 (0.2029)  loss_giou_dn_4: 0.2052 (0.2028)  loss_giou_dn_5: 0.2052 (0.2028)  loss_giou_dn_pre: 0.2663 (0.2722)  loss_giou_enc_0: 0.3284 (0.3506)  loss_giou_pre: 0.2724 (0.2694)  loss_vfl: 0.3063 (0.3115)  loss_vfl_aux_0: 0.3459 (0.3522)  loss_vfl_aux_1: 0.3198 (0.3246)  loss_vfl_aux_2: 0.3163 (0.3158)  loss_vfl_aux_3: 0.3088 (0.3123)  loss_vfl_aux_4: 0.3091 (0.3115)  loss_vfl_dn_0: 0.3611 (0.3624)  loss_vfl_dn_1: 0.2843 (0.2811)  loss_vfl_dn_2: 0.2809 (0.2759)  loss_vfl_dn_3: 0.2788 (0.2747)  loss_vfl_dn_4: 0.2782 (0.2746)  loss_vfl_dn_5: 0.2782 (0.2746)  loss_vfl_dn_pre: 0.3619 (0.3633)  loss_vfl_enc_0: 0.3876 (0.4003)  loss_vfl_pre: 0.3472 (0.3520)  time: 0.6530  data: 0.0090  max mem: 17742
Epoch: [10/120]  [2300/2360]  eta: 0:00:37  lr: 0.000009  loss: 21.9376 (22.0729)  loss_bbox: 0.0509 (0.0564)  loss_bbox_aux_0: 0.0558 (0.0629)  loss_bbox_aux_1: 0.0530 (0.0574)  loss_bbox_aux_2: 0.0510 (0.0565)  loss_bbox_aux_3: 0.0510 (0.0564)  loss_bbox_aux_4: 0.0509 (0.0564)  loss_bbox_dn_0: 0.0674 (0.0715)  loss_bbox_dn_1: 0.0436 (0.0499)  loss_bbox_dn_2: 0.0433 (0.0480)  loss_bbox_dn_3: 0.0433 (0.0479)  loss_bbox_dn_4: 0.0433 (0.0479)  loss_bbox_dn_5: 0.0433 (0.0479)  loss_bbox_dn_pre: 0.0717 (0.0756)  loss_bbox_enc_0: 0.0983 (0.0990)  loss_bbox_pre: 0.0555 (0.0628)  loss_ddf_aux_0: 0.0402 (0.0491)  loss_ddf_aux_1: 0.0129 (0.0153)  loss_ddf_aux_2: 0.0034 (0.0019)  loss_ddf_aux_3: -0.0000 (0.0000)  loss_ddf_aux_4: 0.0000 (0.0000)  loss_ddf_dn_0: 0.2659 (0.5403)  loss_ddf_dn_1: 0.0574 (0.1056)  loss_ddf_dn_2: 0.0287 (0.0433)  loss_ddf_dn_3: 0.0023 (0.0007)  loss_ddf_dn_4: 0.0000 (0.0000)  loss_ddf_dn_5: 0.0000 (0.0000)  loss_fgl: 0.9899 (0.9948)  loss_fgl_aux_0: 1.0238 (1.0255)  loss_fgl_aux_1: 0.9998 (0.9979)  loss_fgl_aux_2: 0.9897 (0.9948)  loss_fgl_aux_3: 0.9899 (0.9948)  loss_fgl_aux_4: 0.9898 (0.9948)  loss_fgl_dn_0: 1.1002 (1.0938)  loss_fgl_dn_1: 0.9654 (0.9633)  loss_fgl_dn_2: 0.9620 (0.9560)  loss_fgl_dn_3: 0.9624 (0.9561)  loss_fgl_dn_4: 0.9625 (0.9561)  loss_fgl_dn_5: 0.9626 (0.9562)  loss_giou: 0.2401 (0.2581)  loss_giou_aux_0: 0.2561 (0.2706)  loss_giou_aux_1: 0.2423 (0.2598)  loss_giou_aux_2: 0.2403 (0.2581)  loss_giou_aux_3: 0.2402 (0.2581)  loss_giou_aux_4: 0.2401 (0.2581)  loss_giou_dn_0: 0.2672 (0.2718)  loss_giou_dn_1: 0.2137 (0.2069)  loss_giou_dn_2: 0.2087 (0.2031)  loss_giou_dn_3: 0.2087 (0.2031)  loss_giou_dn_4: 0.2089 (0.2030)  loss_giou_dn_5: 0.2089 (0.2030)  loss_giou_dn_pre: 0.2683 (0.2724)  loss_giou_enc_0: 0.3352 (0.3510)  loss_giou_pre: 0.2527 (0.2699)  loss_vfl: 0.3176 (0.3117)  loss_vfl_aux_0: 0.3460 (0.3524)  loss_vfl_aux_1: 0.3176 (0.3248)  loss_vfl_aux_2: 0.3150 (0.3160)  loss_vfl_aux_3: 0.3157 (0.3124)  loss_vfl_aux_4: 0.3186 (0.3117)  loss_vfl_dn_0: 0.3646 (0.3624)  loss_vfl_dn_1: 0.2939 (0.2813)  loss_vfl_dn_2: 0.2838 (0.2760)  loss_vfl_dn_3: 0.2825 (0.2749)  loss_vfl_dn_4: 0.2817 (0.2747)  loss_vfl_dn_5: 0.2821 (0.2748)  loss_vfl_dn_pre: 0.3644 (0.3633)  loss_vfl_enc_0: 0.4087 (0.4002)  loss_vfl_pre: 0.3447 (0.3522)  time: 0.6367  data: 0.0086  max mem: 17742
Epoch: [10/120]  [2359/2360]  eta: 0:00:00  lr: 0.000009  loss: 21.7880 (22.0695)  loss_bbox: 0.0630 (0.0565)  loss_bbox_aux_0: 0.0763 (0.0630)  loss_bbox_aux_1: 0.0607 (0.0574)  loss_bbox_aux_2: 0.0630 (0.0565)  loss_bbox_aux_3: 0.0630 (0.0565)  loss_bbox_aux_4: 0.0630 (0.0565)  loss_bbox_dn_0: 0.0796 (0.0715)  loss_bbox_dn_1: 0.0510 (0.0499)  loss_bbox_dn_2: 0.0473 (0.0480)  loss_bbox_dn_3: 0.0473 (0.0479)  loss_bbox_dn_4: 0.0471 (0.0479)  loss_bbox_dn_5: 0.0471 (0.0479)  loss_bbox_dn_pre: 0.0822 (0.0757)  loss_bbox_enc_0: 0.1078 (0.0993)  loss_bbox_pre: 0.0729 (0.0629)  loss_ddf_aux_0: 0.0384 (0.0489)  loss_ddf_aux_1: 0.0120 (0.0153)  loss_ddf_aux_2: 0.0036 (0.0019)  loss_ddf_aux_3: 0.0000 (0.0000)  loss_ddf_aux_4: -0.0000 (0.0000)  loss_ddf_dn_0: 0.2739 (0.5329)  loss_ddf_dn_1: 0.0760 (0.1045)  loss_ddf_dn_2: 0.0446 (0.0431)  loss_ddf_dn_3: 0.0041 (0.0008)  loss_ddf_dn_4: 0.0000 (0.0000)  loss_ddf_dn_5: 0.0000 (0.0000)  loss_fgl: 0.9974 (0.9950)  loss_fgl_aux_0: 1.0318 (1.0257)  loss_fgl_aux_1: 1.0003 (0.9981)  loss_fgl_aux_2: 0.9980 (0.9949)  loss_fgl_aux_3: 0.9973 (0.9950)  loss_fgl_aux_4: 0.9974 (0.9950)  loss_fgl_dn_0: 1.0904 (1.0937)  loss_fgl_dn_1: 0.9500 (0.9632)  loss_fgl_dn_2: 0.9481 (0.9560)  loss_fgl_dn_3: 0.9482 (0.9561)  loss_fgl_dn_4: 0.9482 (0.9561)  loss_fgl_dn_5: 0.9482 (0.9562)  loss_giou: 0.2473 (0.2584)  loss_giou_aux_0: 0.2522 (0.2708)  loss_giou_aux_1: 0.2453 (0.2601)  loss_giou_aux_2: 0.2474 (0.2584)  loss_giou_aux_3: 0.2473 (0.2584)  loss_giou_aux_4: 0.2473 (0.2584)  loss_giou_dn_0: 0.2690 (0.2719)  loss_giou_dn_1: 0.2038 (0.2070)  loss_giou_dn_2: 0.1993 (0.2032)  loss_giou_dn_3: 0.1993 (0.2032)  loss_giou_dn_4: 0.1992 (0.2031)  loss_giou_dn_5: 0.1992 (0.2031)  loss_giou_dn_pre: 0.2707 (0.2724)  loss_giou_enc_0: 0.3339 (0.3513)  loss_giou_pre: 0.2500 (0.2701)  loss_vfl: 0.3124 (0.3118)  loss_vfl_aux_0: 0.3478 (0.3525)  loss_vfl_aux_1: 0.3167 (0.3250)  loss_vfl_aux_2: 0.3124 (0.3161)  loss_vfl_aux_3: 0.3132 (0.3125)  loss_vfl_aux_4: 0.3118 (0.3118)  loss_vfl_dn_0: 0.3695 (0.3625)  loss_vfl_dn_1: 0.2803 (0.2814)  loss_vfl_dn_2: 0.2720 (0.2761)  loss_vfl_dn_3: 0.2712 (0.2749)  loss_vfl_dn_4: 0.2705 (0.2748)  loss_vfl_dn_5: 0.2710 (0.2749)  loss_vfl_dn_pre: 0.3695 (0.3634)  loss_vfl_enc_0: 0.3854 (0.4001)  loss_vfl_pre: 0.3476 (0.3523)  time: 0.5937  data: 0.0083  max mem: 17742
Epoch: [10/120] Total time: 0:24:49 (0.6310 s / it)
Averaged stats: lr: 0.000009  loss: 21.7880 (22.0695)  loss_bbox: 0.0630 (0.0565)  loss_bbox_aux_0: 0.0763 (0.0630)  loss_bbox_aux_1: 0.0607 (0.0574)  loss_bbox_aux_2: 0.0630 (0.0565)  loss_bbox_aux_3: 0.0630 (0.0565)  loss_bbox_aux_4: 0.0630 (0.0565)  loss_bbox_dn_0: 0.0796 (0.0715)  loss_bbox_dn_1: 0.0510 (0.0499)  loss_bbox_dn_2: 0.0473 (0.0480)  loss_bbox_dn_3: 0.0473 (0.0479)  loss_bbox_dn_4: 0.0471 (0.0479)  loss_bbox_dn_5: 0.0471 (0.0479)  loss_bbox_dn_pre: 0.0822 (0.0757)  loss_bbox_enc_0: 0.1078 (0.0993)  loss_bbox_pre: 0.0729 (0.0629)  loss_ddf_aux_0: 0.0384 (0.0489)  loss_ddf_aux_1: 0.0120 (0.0153)  loss_ddf_aux_2: 0.0036 (0.0019)  loss_ddf_aux_3: 0.0000 (0.0000)  loss_ddf_aux_4: -0.0000 (0.0000)  loss_ddf_dn_0: 0.2739 (0.5329)  loss_ddf_dn_1: 0.0760 (0.1045)  loss_ddf_dn_2: 0.0446 (0.0431)  loss_ddf_dn_3: 0.0041 (0.0008)  loss_ddf_dn_4: 0.0000 (0.0000)  loss_ddf_dn_5: 0.0000 (0.0000)  loss_fgl: 0.9974 (0.9950)  loss_fgl_aux_0: 1.0318 (1.0257)  loss_fgl_aux_1: 1.0003 (0.9981)  loss_fgl_aux_2: 0.9980 (0.9949)  loss_fgl_aux_3: 0.9973 (0.9950)  loss_fgl_aux_4: 0.9974 (0.9950)  loss_fgl_dn_0: 1.0904 (1.0937)  loss_fgl_dn_1: 0.9500 (0.9632)  loss_fgl_dn_2: 0.9481 (0.9560)  loss_fgl_dn_3: 0.9482 (0.9561)  loss_fgl_dn_4: 0.9482 (0.9561)  loss_fgl_dn_5: 0.9482 (0.9562)  loss_giou: 0.2473 (0.2584)  loss_giou_aux_0: 0.2522 (0.2708)  loss_giou_aux_1: 0.2453 (0.2601)  loss_giou_aux_2: 0.2474 (0.2584)  loss_giou_aux_3: 0.2473 (0.2584)  loss_giou_aux_4: 0.2473 (0.2584)  loss_giou_dn_0: 0.2690 (0.2719)  loss_giou_dn_1: 0.2038 (0.2070)  loss_giou_dn_2: 0.1993 (0.2032)  loss_giou_dn_3: 0.1993 (0.2032)  loss_giou_dn_4: 0.1992 (0.2031)  loss_giou_dn_5: 0.1992 (0.2031)  loss_giou_dn_pre: 0.2707 (0.2724)  loss_giou_enc_0: 0.3339 (0.3513)  loss_giou_pre: 0.2500 (0.2701)  loss_vfl: 0.3124 (0.3118)  loss_vfl_aux_0: 0.3478 (0.3525)  loss_vfl_aux_1: 0.3167 (0.3250)  loss_vfl_aux_2: 0.3124 (0.3161)  loss_vfl_aux_3: 0.3132 (0.3125)  loss_vfl_aux_4: 0.3118 (0.3118)  loss_vfl_dn_0: 0.3695 (0.3625)  loss_vfl_dn_1: 0.2803 (0.2814)  loss_vfl_dn_2: 0.2720 (0.2761)  loss_vfl_dn_3: 0.2712 (0.2749)  loss_vfl_dn_4: 0.2705 (0.2748)  loss_vfl_dn_5: 0.2710 (0.2749)  loss_vfl_dn_pre: 0.3695 (0.3634)  loss_vfl_enc_0: 0.3854 (0.4001)  loss_vfl_pre: 0.3476 (0.3523)
Test:  [  0/109]  eta: 0:02:34    time: 1.4174  data: 1.2303  max mem: 17742
Test:  [ 10/109]  eta: 0:00:35    time: 0.3616  data: 0.1257  max mem: 17742
Test:  [ 20/109]  eta: 0:00:24    time: 0.2194  data: 0.0134  max mem: 17742
Test:  [ 30/109]  eta: 0:00:20    time: 0.2083  data: 0.0113  max mem: 17742
Test:  [ 40/109]  eta: 0:00:17    time: 0.2332  data: 0.0112  max mem: 17742
Test:  [ 50/109]  eta: 0:00:14    time: 0.2186  data: 0.0120  max mem: 17742
Test:  [ 60/109]  eta: 0:00:12    time: 0.2271  data: 0.0118  max mem: 17742
Test:  [ 70/109]  eta: 0:00:09    time: 0.2126  data: 0.0109  max mem: 17742
Test:  [ 80/109]  eta: 0:00:06    time: 0.2045  data: 0.0111  max mem: 17742
Test:  [ 90/109]  eta: 0:00:04    time: 0.2191  data: 0.0108  max mem: 17742
Test:  [100/109]  eta: 0:00:02    time: 0.1724  data: 0.0096  max mem: 17742
Test:  [108/109]  eta: 0:00:00    time: 0.1616  data: 0.0083  max mem: 17742
Test: Total time: 0:00:23 (0.2184 s / it)
Metrics: {'f1': 0.9605110336817654, 'precision': 0.9706572769953051, 'recall': 0.9505747126436782, 'iou': 0.7850187237036295, 'TPs': 827, 'FPs': 25, 'FNs': 43}
Averaged stats: 
Accumulating evaluation results...
COCOeval_opt.accumulate() finished...
DONE (t=0.28s).
IoU metric: bbox
 Average Precision  (AP) @[ IoU=0.50:0.95 | area=   all | maxDets=100 ] = 0.680
 Average Precision  (AP) @[ IoU=0.50      | area=   all | maxDets=100 ] = 0.955
 Average Precision  (AP) @[ IoU=0.75      | area=   all | maxDets=100 ] = 0.779
 Average Precision  (AP) @[ IoU=0.50:0.95 | area= small | maxDets=100 ] = 0.610
 Average Precision  (AP) @[ IoU=0.50:0.95 | area=medium | maxDets=100 ] = 0.765
 Average Precision  (AP) @[ IoU=0.50:0.95 | area= large | maxDets=100 ] = 0.771
 Average Recall     (AR) @[ IoU=0.50:0.95 | area=   all | maxDets=  1 ] = 0.699
 Average Recall     (AR) @[ IoU=0.50:0.95 | area=   all | maxDets= 10 ] = 0.726
 Average Recall     (AR) @[ IoU=0.50:0.95 | area=   all | maxDets=100 ] = 0.759
 Average Recall     (AR) @[ IoU=0.50:0.95 | area= small | maxDets=100 ] = 0.683
 Average Recall     (AR) @[ IoU=0.50:0.95 | area=medium | maxDets=100 ] = 0.830
 Average Recall     (AR) @[ IoU=0.50:0.95 | area= large | maxDets=100 ] = 0.887
 Average Recall     (AR) @[ IoU=0.50      | area=   all | maxDets=100 ] = 0.977
 Average Recall     (AR) @[ IoU=0.75      | area=   all | maxDets=100 ] = 0.857
best_stat: {'epoch': 10, 'coco_eval_bbox': 0.6802183400206867}
Epoch: [11/120]  [   0/2360]  eta: 2:19:35  lr: 0.000009  loss: 23.2646 (23.2646)  loss_bbox: 0.0570 (0.0570)  loss_bbox_aux_0: 0.0663 (0.0663)  loss_bbox_aux_1: 0.0563 (0.0563)  loss_bbox_aux_2: 0.0568 (0.0568)  loss_bbox_aux_3: 0.0570 (0.0570)  loss_bbox_aux_4: 0.0570 (0.0570)  loss_bbox_dn_0: 0.0682 (0.0682)  loss_bbox_dn_1: 0.0472 (0.0472)  loss_bbox_dn_2: 0.0461 (0.0461)  loss_bbox_dn_3: 0.0461 (0.0461)  loss_bbox_dn_4: 0.0457 (0.0457)  loss_bbox_dn_5: 0.0457 (0.0457)  loss_bbox_dn_pre: 0.0718 (0.0718)  loss_bbox_enc_0: 0.1183 (0.1183)  loss_bbox_pre: 0.0683 (0.0683)  loss_ddf_aux_0: 0.0530 (0.0530)  loss_ddf_aux_1: 0.0206 (0.0206)  loss_ddf_aux_2: 0.0084 (0.0084)  loss_ddf_aux_3: 0.0001 (0.0001)  loss_ddf_aux_4: 0.0000 (0.0000)  loss_ddf_dn_0: 0.4400 (0.4400)  loss_ddf_dn_1: 0.1408 (0.1408)  loss_ddf_dn_2: 0.0873 (0.0873)  loss_ddf_dn_3: 0.0073 (0.0073)  loss_ddf_dn_4: 0.0000 (0.0000)  loss_ddf_dn_5: 0.0000 (0.0000)  loss_fgl: 1.0408 (1.0408)  loss_fgl_aux_0: 1.0767 (1.0767)  loss_fgl_aux_1: 1.0440 (1.0440)  loss_fgl_aux_2: 1.0418 (1.0418)  loss_fgl_aux_3: 1.0408 (1.0408)  loss_fgl_aux_4: 1.0407 (1.0407)  loss_fgl_dn_0: 1.1183 (1.1183)  loss_fgl_dn_1: 1.0076 (1.0076)  loss_fgl_dn_2: 1.0030 (1.0030)  loss_fgl_dn_3: 1.0039 (1.0039)  loss_fgl_dn_4: 1.0038 (1.0038)  loss_fgl_dn_5: 1.0037 (1.0037)  loss_giou: 0.3060 (0.3060)  loss_giou_aux_0: 0.3311 (0.3311)  loss_giou_aux_1: 0.3083 (0.3083)  loss_giou_aux_2: 0.3036 (0.3036)  loss_giou_aux_3: 0.3058 (0.3058)  loss_giou_aux_4: 0.3059 (0.3059)  loss_giou_dn_0: 0.2848 (0.2848)  loss_giou_dn_1: 0.2242 (0.2242)  loss_giou_dn_2: 0.2212 (0.2212)  loss_giou_dn_3: 0.2217 (0.2217)  loss_giou_dn_4: 0.2216 (0.2216)  loss_giou_dn_5: 0.2216 (0.2216)  loss_giou_dn_pre: 0.2846 (0.2846)  loss_giou_enc_0: 0.4098 (0.4098)  loss_giou_pre: 0.3332 (0.3332)  loss_vfl: 0.3091 (0.3091)  loss_vfl_aux_0: 0.3533 (0.3533)  loss_vfl_aux_1: 0.3245 (0.3245)  loss_vfl_aux_2: 0.3122 (0.3122)  loss_vfl_aux_3: 0.3080 (0.3080)  loss_vfl_aux_4: 0.3080 (0.3080)  loss_vfl_dn_0: 0.3752 (0.3752)  loss_vfl_dn_1: 0.3000 (0.3000)  loss_vfl_dn_2: 0.2930 (0.2930)  loss_vfl_dn_3: 0.2922 (0.2922)  loss_vfl_dn_4: 0.2920 (0.2920)  loss_vfl_dn_5: 0.2922 (0.2922)  loss_vfl_dn_pre: 0.3759 (0.3759)  loss_vfl_enc_0: 0.4089 (0.4089)  loss_vfl_pre: 0.3464 (0.3464)  time: 3.5488  data: 1.2968  max mem: 17742
Epoch: [11/120]  [ 100/2360]  eta: 0:27:35  lr: 0.000009  loss: 22.8074 (23.1045)  loss_bbox: 0.0476 (0.0595)  loss_bbox_aux_0: 0.0532 (0.0667)  loss_bbox_aux_1: 0.0495 (0.0604)  loss_bbox_aux_2: 0.0479 (0.0594)  loss_bbox_aux_3: 0.0476 (0.0595)  loss_bbox_aux_4: 0.0476 (0.0595)  loss_bbox_dn_0: 0.0680 (0.0737)  loss_bbox_dn_1: 0.0468 (0.0525)  loss_bbox_dn_2: 0.0431 (0.0506)  loss_bbox_dn_3: 0.0430 (0.0506)  loss_bbox_dn_4: 0.0423 (0.0505)  loss_bbox_dn_5: 0.0423 (0.0505)  loss_bbox_dn_pre: 0.0680 (0.0774)  loss_bbox_enc_0: 0.0868 (0.1057)  loss_bbox_pre: 0.0528 (0.0663)  loss_ddf_aux_0: 0.0443 (0.0541)  loss_ddf_aux_1: 0.0173 (0.0226)  loss_ddf_aux_2: 0.0027 (0.0064)  loss_ddf_aux_3: 0.0000 (0.0000)  loss_ddf_aux_4: 0.0000 (0.0000)  loss_ddf_dn_0: 1.1715 (0.7647)  loss_ddf_dn_1: 0.5638 (0.4534)  loss_ddf_dn_2: 0.0082 (0.2264)  loss_ddf_dn_3: 0.0001 (0.0027)  loss_ddf_dn_4: 0.0000 (0.0000)  loss_ddf_dn_5: 0.0000 (0.0000)  loss_fgl: 0.9848 (1.0119)  loss_fgl_aux_0: 1.0261 (1.0389)  loss_fgl_aux_1: 0.9877 (1.0130)  loss_fgl_aux_2: 0.9847 (1.0113)  loss_fgl_aux_3: 0.9848 (1.0118)  loss_fgl_aux_4: 0.9848 (1.0119)  loss_fgl_dn_0: 1.0855 (1.0935)  loss_fgl_dn_1: 0.9691 (0.9728)  loss_fgl_dn_2: 0.9642 (0.9677)  loss_fgl_dn_3: 0.9639 (0.9687)  loss_fgl_dn_4: 0.9638 (0.9687)  loss_fgl_dn_5: 0.9636 (0.9687)  loss_giou: 0.2418 (0.2561)  loss_giou_aux_0: 0.2611 (0.2684)  loss_giou_aux_1: 0.2430 (0.2579)  loss_giou_aux_2: 0.2416 (0.2561)  loss_giou_aux_3: 0.2419 (0.2561)  loss_giou_aux_4: 0.2418 (0.2561)  loss_giou_dn_0: 0.2579 (0.2721)  loss_giou_dn_1: 0.2008 (0.2102)  loss_giou_dn_2: 0.1961 (0.2065)  loss_giou_dn_3: 0.1961 (0.2065)  loss_giou_dn_4: 0.1961 (0.2064)  loss_giou_dn_5: 0.1961 (0.2064)  loss_giou_dn_pre: 0.2569 (0.2728)  loss_giou_enc_0: 0.3172 (0.3488)  loss_giou_pre: 0.2593 (0.2674)  loss_vfl: 0.2920 (0.3131)  loss_vfl_aux_0: 0.3315 (0.3493)  loss_vfl_aux_1: 0.3035 (0.3330)  loss_vfl_aux_2: 0.2958 (0.3188)  loss_vfl_aux_3: 0.2915 (0.3140)  loss_vfl_aux_4: 0.2917 (0.3133)  loss_vfl_dn_0: 0.3639 (0.3706)  loss_vfl_dn_1: 0.2804 (0.2877)  loss_vfl_dn_2: 0.2739 (0.2792)  loss_vfl_dn_3: 0.2736 (0.2785)  loss_vfl_dn_4: 0.2721 (0.2782)  loss_vfl_dn_5: 0.2723 (0.2783)  loss_vfl_dn_pre: 0.3657 (0.3720)  loss_vfl_enc_0: 0.3846 (0.4089)  loss_vfl_pre: 0.3311 (0.3498)  time: 0.7217  data: 0.0084  max mem: 17742
Epoch: [11/120]  [ 200/2360]  eta: 0:25:25  lr: 0.000009  loss: 21.5419 (22.6667)  loss_bbox: 0.0458 (0.0579)  loss_bbox_aux_0: 0.0460 (0.0647)  loss_bbox_aux_1: 0.0442 (0.0590)  loss_bbox_aux_2: 0.0458 (0.0579)  loss_bbox_aux_3: 0.0458 (0.0579)  loss_bbox_aux_4: 0.0458 (0.0579)  loss_bbox_dn_0: 0.0618 (0.0736)  loss_bbox_dn_1: 0.0398 (0.0518)  loss_bbox_dn_2: 0.0392 (0.0496)  loss_bbox_dn_3: 0.0392 (0.0496)  loss_bbox_dn_4: 0.0392 (0.0494)  loss_bbox_dn_5: 0.0392 (0.0494)  loss_bbox_dn_pre: 0.0640 (0.0773)  loss_bbox_enc_0: 0.0795 (0.1027)  loss_bbox_pre: 0.0465 (0.0640)  loss_ddf_aux_0: 0.0464 (0.0463)  loss_ddf_aux_1: 0.0205 (0.0184)  loss_ddf_aux_2: 0.0070 (0.0049)  loss_ddf_aux_3: 0.0000 (0.0000)  loss_ddf_aux_4: 0.0000 (0.0000)  loss_ddf_dn_0: 0.4347 (0.6514)  loss_ddf_dn_1: 0.2936 (0.3011)  loss_ddf_dn_2: 0.2477 (0.1644)  loss_ddf_dn_3: 0.0020 (0.0021)  loss_ddf_dn_4: 0.0000 (0.0000)  loss_ddf_dn_5: 0.0000 (0.0000)  loss_fgl: 0.9592 (1.0055)  loss_fgl_aux_0: 0.9985 (1.0353)  loss_fgl_aux_1: 0.9654 (1.0079)  loss_fgl_aux_2: 0.9582 (1.0052)  loss_fgl_aux_3: 0.9585 (1.0054)  loss_fgl_aux_4: 0.9588 (1.0055)  loss_fgl_dn_0: 1.0579 (1.0974)  loss_fgl_dn_1: 0.9299 (0.9734)  loss_fgl_dn_2: 0.9264 (0.9671)  loss_fgl_dn_3: 0.9265 (0.9679)  loss_fgl_dn_4: 0.9264 (0.9678)  loss_fgl_dn_5: 0.9265 (0.9678)  loss_giou: 0.2398 (0.2554)  loss_giou_aux_0: 0.2524 (0.2678)  loss_giou_aux_1: 0.2425 (0.2574)  loss_giou_aux_2: 0.2397 (0.2554)  loss_giou_aux_3: 0.2398 (0.2554)  loss_giou_aux_4: 0.2397 (0.2554)  loss_giou_dn_0: 0.2564 (0.2718)  loss_giou_dn_1: 0.1965 (0.2091)  loss_giou_dn_2: 0.1910 (0.2050)  loss_giou_dn_3: 0.1910 (0.2050)  loss_giou_dn_4: 0.1910 (0.2049)  loss_giou_dn_5: 0.1910 (0.2049)  loss_giou_dn_pre: 0.2570 (0.2725)  loss_giou_enc_0: 0.3274 (0.3458)  loss_giou_pre: 0.2489 (0.2669)  loss_vfl: 0.3030 (0.3110)  loss_vfl_aux_0: 0.3262 (0.3495)  loss_vfl_aux_1: 0.3142 (0.3275)  loss_vfl_aux_2: 0.3096 (0.3161)  loss_vfl_aux_3: 0.2977 (0.3119)  loss_vfl_aux_4: 0.3026 (0.3111)  loss_vfl_dn_0: 0.3576 (0.3673)  loss_vfl_dn_1: 0.2742 (0.2881)  loss_vfl_dn_2: 0.2694 (0.2803)  loss_vfl_dn_3: 0.2676 (0.2776)  loss_vfl_dn_4: 0.2676 (0.2772)  loss_vfl_dn_5: 0.2678 (0.2774)  loss_vfl_dn_pre: 0.3578 (0.3691)  loss_vfl_enc_0: 0.3805 (0.4026)  loss_vfl_pre: 0.3255 (0.3495)  time: 0.6986  data: 0.0091  max mem: 17742
Epoch: [11/120]  [ 300/2360]  eta: 0:23:57  lr: 0.000009  loss: 23.0059 (23.0238)  loss_bbox: 0.0456 (0.0577)  loss_bbox_aux_0: 0.0503 (0.0647)  loss_bbox_aux_1: 0.0465 (0.0589)  loss_bbox_aux_2: 0.0457 (0.0576)  loss_bbox_aux_3: 0.0456 (0.0577)  loss_bbox_aux_4: 0.0456 (0.0577)  loss_bbox_dn_0: 0.0670 (0.0733)  loss_bbox_dn_1: 0.0437 (0.0516)  loss_bbox_dn_2: 0.0418 (0.0494)  loss_bbox_dn_3: 0.0419 (0.0493)  loss_bbox_dn_4: 0.0418 (0.0492)  loss_bbox_dn_5: 0.0419 (0.0492)  loss_bbox_dn_pre: 0.0694 (0.0768)  loss_bbox_enc_0: 0.0811 (0.1027)  loss_bbox_pre: 0.0513 (0.0642)  loss_ddf_aux_0: 0.0662 (0.0637)  loss_ddf_aux_1: 0.0259 (0.0335)  loss_ddf_aux_2: 0.0061 (0.0068)  loss_ddf_aux_3: 0.0001 (0.0000)  loss_ddf_aux_4: 0.0000 (0.0000)  loss_ddf_dn_0: 0.7545 (0.9238)  loss_ddf_dn_1: 0.2556 (0.3643)  loss_ddf_dn_2: 0.1332 (0.1811)  loss_ddf_dn_3: 0.0041 (0.0021)  loss_ddf_dn_4: 0.0000 (0.0000)  loss_ddf_dn_5: 0.0000 (0.0000)  loss_fgl: 1.0132 (1.0023)  loss_fgl_aux_0: 1.0468 (1.0320)  loss_fgl_aux_1: 1.0084 (1.0049)  loss_fgl_aux_2: 1.0134 (1.0021)  loss_fgl_aux_3: 1.0133 (1.0022)  loss_fgl_aux_4: 1.0132 (1.0023)  loss_fgl_dn_0: 1.1251 (1.1027)  loss_fgl_dn_1: 0.9996 (0.9764)  loss_fgl_dn_2: 0.9928 (0.9688)  loss_fgl_dn_3: 0.9927 (0.9698)  loss_fgl_dn_4: 0.9927 (0.9692)  loss_fgl_dn_5: 0.9926 (0.9692)  loss_giou: 0.2471 (0.2538)  loss_giou_aux_0: 0.2552 (0.2665)  loss_giou_aux_1: 0.2463 (0.2560)  loss_giou_aux_2: 0.2475 (0.2537)  loss_giou_aux_3: 0.2474 (0.2537)  loss_giou_aux_4: 0.2471 (0.2538)  loss_giou_dn_0: 0.2701 (0.2710)  loss_giou_dn_1: 0.2044 (0.2084)  loss_giou_dn_2: 0.1978 (0.2039)  loss_giou_dn_3: 0.1978 (0.2039)  loss_giou_dn_4: 0.1986 (0.2038)  loss_giou_dn_5: 0.1985 (0.2039)  loss_giou_dn_pre: 0.2676 (0.2716)  loss_giou_enc_0: 0.3260 (0.3446)  loss_giou_pre: 0.2598 (0.2656)  loss_vfl: 0.3015 (0.3115)  loss_vfl_aux_0: 0.3270 (0.3484)  loss_vfl_aux_1: 0.3149 (0.3269)  loss_vfl_aux_2: 0.3015 (0.3159)  loss_vfl_aux_3: 0.2999 (0.3122)  loss_vfl_aux_4: 0.3014 (0.3117)  loss_vfl_dn_0: 0.3698 (0.3672)  loss_vfl_dn_1: 0.2986 (0.2881)  loss_vfl_dn_2: 0.2978 (0.2807)  loss_vfl_dn_3: 0.2821 (0.2774)  loss_vfl_dn_4: 0.2811 (0.2769)  loss_vfl_dn_5: 0.2802 (0.2770)  loss_vfl_dn_pre: 0.3678 (0.3686)  loss_vfl_enc_0: 0.3979 (0.4015)  loss_vfl_pre: 0.3291 (0.3484)  time: 0.6926  data: 0.0090  max mem: 17742
Epoch: [11/120]  [ 400/2360]  eta: 0:22:10  lr: 0.000009  loss: 22.2306 (23.0486)  loss_bbox: 0.0559 (0.0570)  loss_bbox_aux_0: 0.0620 (0.0639)  loss_bbox_aux_1: 0.0584 (0.0583)  loss_bbox_aux_2: 0.0561 (0.0570)  loss_bbox_aux_3: 0.0558 (0.0570)  loss_bbox_aux_4: 0.0559 (0.0570)  loss_bbox_dn_0: 0.0649 (0.0726)  loss_bbox_dn_1: 0.0412 (0.0509)  loss_bbox_dn_2: 0.0399 (0.0487)  loss_bbox_dn_3: 0.0399 (0.0487)  loss_bbox_dn_4: 0.0397 (0.0486)  loss_bbox_dn_5: 0.0397 (0.0486)  loss_bbox_dn_pre: 0.0683 (0.0759)  loss_bbox_enc_0: 0.0832 (0.1010)  loss_bbox_pre: 0.0616 (0.0635)  loss_ddf_aux_0: 0.0570 (0.0672)  loss_ddf_aux_1: 0.0220 (0.0343)  loss_ddf_aux_2: 0.0051 (0.0079)  loss_ddf_aux_3: 0.0000 (0.0000)  loss_ddf_aux_4: 0.0000 (0.0000)  loss_ddf_dn_0: 0.9489 (0.9243)  loss_ddf_dn_1: 0.0813 (0.3610)  loss_ddf_dn_2: 0.0384 (0.2122)  loss_ddf_dn_3: 0.0002 (0.0019)  loss_ddf_dn_4: 0.0000 (0.0000)  loss_ddf_dn_5: 0.0000 (0.0000)  loss_fgl: 0.9983 (1.0029)  loss_fgl_aux_0: 1.0310 (1.0326)  loss_fgl_aux_1: 0.9993 (1.0054)  loss_fgl_aux_2: 0.9989 (1.0027)  loss_fgl_aux_3: 0.9986 (1.0028)  loss_fgl_aux_4: 0.9984 (1.0029)  loss_fgl_dn_0: 1.0954 (1.1041)  loss_fgl_dn_1: 0.9776 (0.9764)  loss_fgl_dn_2: 0.9678 (0.9685)  loss_fgl_dn_3: 0.9679 (0.9695)  loss_fgl_dn_4: 0.9675 (0.9692)  loss_fgl_dn_5: 0.9676 (0.9692)  loss_giou: 0.2323 (0.2537)  loss_giou_aux_0: 0.2475 (0.2668)  loss_giou_aux_1: 0.2331 (0.2558)  loss_giou_aux_2: 0.2324 (0.2536)  loss_giou_aux_3: 0.2324 (0.2536)  loss_giou_aux_4: 0.2323 (0.2536)  loss_giou_dn_0: 0.2528 (0.2720)  loss_giou_dn_1: 0.1930 (0.2083)  loss_giou_dn_2: 0.1889 (0.2036)  loss_giou_dn_3: 0.1889 (0.2036)  loss_giou_dn_4: 0.1887 (0.2036)  loss_giou_dn_5: 0.1887 (0.2036)  loss_giou_dn_pre: 0.2545 (0.2724)  loss_giou_enc_0: 0.3187 (0.3446)  loss_giou_pre: 0.2507 (0.2660)  loss_vfl: 0.3053 (0.3116)  loss_vfl_aux_0: 0.3313 (0.3480)  loss_vfl_aux_1: 0.3218 (0.3255)  loss_vfl_aux_2: 0.3120 (0.3159)  loss_vfl_aux_3: 0.3018 (0.3125)  loss_vfl_aux_4: 0.3079 (0.3117)  loss_vfl_dn_0: 0.3595 (0.3678)  loss_vfl_dn_1: 0.2760 (0.2878)  loss_vfl_dn_2: 0.2705 (0.2808)  loss_vfl_dn_3: 0.2703 (0.2772)  loss_vfl_dn_4: 0.2703 (0.2767)  loss_vfl_dn_5: 0.2707 (0.2768)  loss_vfl_dn_pre: 0.3595 (0.3692)  loss_vfl_enc_0: 0.3975 (0.4007)  loss_vfl_pre: 0.3311 (0.3478)  time: 0.6197  data: 0.0083  max mem: 17742
Epoch: [11/120]  [ 500/2360]  eta: 0:20:43  lr: 0.000009  loss: 22.2102 (22.9172)  loss_bbox: 0.0519 (0.0569)  loss_bbox_aux_0: 0.0546 (0.0637)  loss_bbox_aux_1: 0.0528 (0.0581)  loss_bbox_aux_2: 0.0519 (0.0569)  loss_bbox_aux_3: 0.0519 (0.0569)  loss_bbox_aux_4: 0.0519 (0.0569)  loss_bbox_dn_0: 0.0665 (0.0721)  loss_bbox_dn_1: 0.0463 (0.0506)  loss_bbox_dn_2: 0.0447 (0.0484)  loss_bbox_dn_3: 0.0447 (0.0484)  loss_bbox_dn_4: 0.0447 (0.0483)  loss_bbox_dn_5: 0.0447 (0.0483)  loss_bbox_dn_pre: 0.0702 (0.0753)  loss_bbox_enc_0: 0.0789 (0.1001)  loss_bbox_pre: 0.0538 (0.0634)  loss_ddf_aux_0: 0.0477 (0.0639)  loss_ddf_aux_1: 0.0189 (0.0314)  loss_ddf_aux_2: 0.0021 (0.0069)  loss_ddf_aux_3: 0.0000 (0.0000)  loss_ddf_aux_4: 0.0000 (0.0000)  loss_ddf_dn_0: 0.6015 (0.8814)  loss_ddf_dn_1: 0.0491 (0.3004)  loss_ddf_dn_2: 0.0209 (0.1752)  loss_ddf_dn_3: 0.0003 (0.0016)  loss_ddf_dn_4: 0.0000 (0.0000)  loss_ddf_dn_5: 0.0000 (0.0000)  loss_fgl: 0.9946 (1.0009)  loss_fgl_aux_0: 1.0299 (1.0301)  loss_fgl_aux_1: 1.0003 (1.0036)  loss_fgl_aux_2: 0.9946 (1.0007)  loss_fgl_aux_3: 0.9946 (1.0009)  loss_fgl_aux_4: 0.9946 (1.0009)  loss_fgl_dn_0: 1.1042 (1.1064)  loss_fgl_dn_1: 0.9877 (0.9777)  loss_fgl_dn_2: 0.9771 (0.9693)  loss_fgl_dn_3: 0.9770 (0.9702)  loss_fgl_dn_4: 0.9769 (0.9699)  loss_fgl_dn_5: 0.9769 (0.9699)  loss_giou: 0.2634 (0.2563)  loss_giou_aux_0: 0.2655 (0.2695)  loss_giou_aux_1: 0.2583 (0.2584)  loss_giou_aux_2: 0.2632 (0.2563)  loss_giou_aux_3: 0.2633 (0.2563)  loss_giou_aux_4: 0.2633 (0.2563)  loss_giou_dn_0: 0.2718 (0.2728)  loss_giou_dn_1: 0.2094 (0.2089)  loss_giou_dn_2: 0.2069 (0.2043)  loss_giou_dn_3: 0.2069 (0.2043)  loss_giou_dn_4: 0.2069 (0.2043)  loss_giou_dn_5: 0.2070 (0.2043)  loss_giou_dn_pre: 0.2713 (0.2731)  loss_giou_enc_0: 0.3373 (0.3474)  loss_giou_pre: 0.2646 (0.2686)  loss_vfl: 0.3058 (0.3124)  loss_vfl_aux_0: 0.3267 (0.3477)  loss_vfl_aux_1: 0.3101 (0.3256)  loss_vfl_aux_2: 0.3087 (0.3166)  loss_vfl_aux_3: 0.3080 (0.3133)  loss_vfl_aux_4: 0.3072 (0.3126)  loss_vfl_dn_0: 0.3603 (0.3668)  loss_vfl_dn_1: 0.2848 (0.2872)  loss_vfl_dn_2: 0.2791 (0.2803)  loss_vfl_dn_3: 0.2781 (0.2773)  loss_vfl_dn_4: 0.2773 (0.2767)  loss_vfl_dn_5: 0.2777 (0.2769)  loss_vfl_dn_pre: 0.3609 (0.3682)  loss_vfl_enc_0: 0.3805 (0.4011)  loss_vfl_pre: 0.3258 (0.3476)  time: 0.6127  data: 0.0086  max mem: 17742
Epoch: [11/120]  [ 600/2360]  eta: 0:19:21  lr: 0.000009  loss: 21.2823 (22.7885)  loss_bbox: 0.0568 (0.0578)  loss_bbox_aux_0: 0.0633 (0.0648)  loss_bbox_aux_1: 0.0584 (0.0590)  loss_bbox_aux_2: 0.0569 (0.0579)  loss_bbox_aux_3: 0.0568 (0.0578)  loss_bbox_aux_4: 0.0568 (0.0578)  loss_bbox_dn_0: 0.0758 (0.0728)  loss_bbox_dn_1: 0.0446 (0.0512)  loss_bbox_dn_2: 0.0439 (0.0490)  loss_bbox_dn_3: 0.0439 (0.0490)  loss_bbox_dn_4: 0.0439 (0.0489)  loss_bbox_dn_5: 0.0439 (0.0489)  loss_bbox_dn_pre: 0.0751 (0.0762)  loss_bbox_enc_0: 0.0875 (0.1021)  loss_bbox_pre: 0.0631 (0.0643)  loss_ddf_aux_0: 0.0724 (0.0622)  loss_ddf_aux_1: 0.0317 (0.0297)  loss_ddf_aux_2: 0.0050 (0.0062)  loss_ddf_aux_3: 0.0000 (0.0000)  loss_ddf_aux_4: 0.0000 (0.0000)  loss_ddf_dn_0: 0.5183 (0.8254)  loss_ddf_dn_1: 0.1272 (0.2642)  loss_ddf_dn_2: 0.0656 (0.1531)  loss_ddf_dn_3: 0.0020 (0.0015)  loss_ddf_dn_4: 0.0000 (0.0000)  loss_ddf_dn_5: 0.0000 (0.0000)  loss_fgl: 0.9887 (0.9996)  loss_fgl_aux_0: 1.0127 (1.0287)  loss_fgl_aux_1: 0.9946 (1.0025)  loss_fgl_aux_2: 0.9882 (0.9994)  loss_fgl_aux_3: 0.9883 (0.9995)  loss_fgl_aux_4: 0.9885 (0.9996)  loss_fgl_dn_0: 1.0883 (1.1053)  loss_fgl_dn_1: 0.9564 (0.9755)  loss_fgl_dn_2: 0.9441 (0.9671)  loss_fgl_dn_3: 0.9443 (0.9678)  loss_fgl_dn_4: 0.9442 (0.9675)  loss_fgl_dn_5: 0.9444 (0.9675)  loss_giou: 0.2319 (0.2567)  loss_giou_aux_0: 0.2421 (0.2700)  loss_giou_aux_1: 0.2352 (0.2589)  loss_giou_aux_2: 0.2319 (0.2568)  loss_giou_aux_3: 0.2318 (0.2567)  loss_giou_aux_4: 0.2318 (0.2567)  loss_giou_dn_0: 0.2519 (0.2725)  loss_giou_dn_1: 0.1978 (0.2085)  loss_giou_dn_2: 0.1928 (0.2040)  loss_giou_dn_3: 0.1928 (0.2040)  loss_giou_dn_4: 0.1927 (0.2040)  loss_giou_dn_5: 0.1927 (0.2040)  loss_giou_dn_pre: 0.2520 (0.2729)  loss_giou_enc_0: 0.3260 (0.3483)  loss_giou_pre: 0.2423 (0.2692)  loss_vfl: 0.2947 (0.3124)  loss_vfl_aux_0: 0.3403 (0.3482)  loss_vfl_aux_1: 0.3040 (0.3252)  loss_vfl_aux_2: 0.2970 (0.3166)  loss_vfl_aux_3: 0.2948 (0.3132)  loss_vfl_aux_4: 0.2950 (0.3126)  loss_vfl_dn_0: 0.3573 (0.3660)  loss_vfl_dn_1: 0.2782 (0.2862)  loss_vfl_dn_2: 0.2732 (0.2794)  loss_vfl_dn_3: 0.2720 (0.2767)  loss_vfl_dn_4: 0.2710 (0.2762)  loss_vfl_dn_5: 0.2711 (0.2763)  loss_vfl_dn_pre: 0.3573 (0.3673)  loss_vfl_enc_0: 0.3883 (0.4005)  loss_vfl_pre: 0.3385 (0.3481)  time: 0.6150  data: 0.0084  max mem: 17742
Epoch: [11/120]  [ 700/2360]  eta: 0:18:08  lr: 0.000009  loss: 22.0301 (22.7073)  loss_bbox: 0.0421 (0.0573)  loss_bbox_aux_0: 0.0500 (0.0641)  loss_bbox_aux_1: 0.0421 (0.0584)  loss_bbox_aux_2: 0.0421 (0.0573)  loss_bbox_aux_3: 0.0421 (0.0573)  loss_bbox_aux_4: 0.0421 (0.0573)  loss_bbox_dn_0: 0.0616 (0.0723)  loss_bbox_dn_1: 0.0480 (0.0510)  loss_bbox_dn_2: 0.0423 (0.0487)  loss_bbox_dn_3: 0.0421 (0.0487)  loss_bbox_dn_4: 0.0416 (0.0486)  loss_bbox_dn_5: 0.0416 (0.0486)  loss_bbox_dn_pre: 0.0639 (0.0756)  loss_bbox_enc_0: 0.0699 (0.1009)  loss_bbox_pre: 0.0492 (0.0637)  loss_ddf_aux_0: 0.0798 (0.0650)  loss_ddf_aux_1: 0.0384 (0.0306)  loss_ddf_aux_2: 0.0062 (0.0062)  loss_ddf_aux_3: 0.0000 (0.0000)  loss_ddf_aux_4: 0.0000 (0.0000)  loss_ddf_dn_0: 0.7355 (0.8096)  loss_ddf_dn_1: 0.1276 (0.2445)  loss_ddf_dn_2: 0.0490 (0.1389)  loss_ddf_dn_3: 0.0048 (0.0017)  loss_ddf_dn_4: 0.0000 (0.0000)  loss_ddf_dn_5: 0.0000 (0.0000)  loss_fgl: 0.9942 (0.9992)  loss_fgl_aux_0: 1.0097 (1.0283)  loss_fgl_aux_1: 0.9919 (1.0019)  loss_fgl_aux_2: 0.9946 (0.9990)  loss_fgl_aux_3: 0.9944 (0.9991)  loss_fgl_aux_4: 0.9943 (0.9991)  loss_fgl_dn_0: 1.0805 (1.1026)  loss_fgl_dn_1: 0.9521 (0.9735)  loss_fgl_dn_2: 0.9499 (0.9653)  loss_fgl_dn_3: 0.9501 (0.9660)  loss_fgl_dn_4: 0.9508 (0.9657)  loss_fgl_dn_5: 0.9508 (0.9657)  loss_giou: 0.2574 (0.2566)  loss_giou_aux_0: 0.2752 (0.2697)  loss_giou_aux_1: 0.2596 (0.2587)  loss_giou_aux_2: 0.2573 (0.2566)  loss_giou_aux_3: 0.2574 (0.2565)  loss_giou_aux_4: 0.2574 (0.2566)  loss_giou_dn_0: 0.2686 (0.2718)  loss_giou_dn_1: 0.2136 (0.2082)  loss_giou_dn_2: 0.2047 (0.2037)  loss_giou_dn_3: 0.2046 (0.2037)  loss_giou_dn_4: 0.2043 (0.2036)  loss_giou_dn_5: 0.2043 (0.2036)  loss_giou_dn_pre: 0.2677 (0.2721)  loss_giou_enc_0: 0.3526 (0.3477)  loss_giou_pre: 0.2756 (0.2689)  loss_vfl: 0.2993 (0.3117)  loss_vfl_aux_0: 0.3448 (0.3483)  loss_vfl_aux_1: 0.3138 (0.3246)  loss_vfl_aux_2: 0.3042 (0.3160)  loss_vfl_aux_3: 0.2982 (0.3124)  loss_vfl_aux_4: 0.2992 (0.3120)  loss_vfl_dn_0: 0.3566 (0.3651)  loss_vfl_dn_1: 0.2800 (0.2855)  loss_vfl_dn_2: 0.2763 (0.2790)  loss_vfl_dn_3: 0.2731 (0.2764)  loss_vfl_dn_4: 0.2731 (0.2759)  loss_vfl_dn_5: 0.2731 (0.2760)  loss_vfl_dn_pre: 0.3575 (0.3664)  loss_vfl_enc_0: 0.3739 (0.3998)  loss_vfl_pre: 0.3436 (0.3482)  time: 0.6504  data: 0.0089  max mem: 17742
Epoch: [11/120]  [ 800/2360]  eta: 0:17:03  lr: 0.000009  loss: 22.0952 (22.6080)  loss_bbox: 0.0432 (0.0569)  loss_bbox_aux_0: 0.0496 (0.0639)  loss_bbox_aux_1: 0.0448 (0.0580)  loss_bbox_aux_2: 0.0433 (0.0569)  loss_bbox_aux_3: 0.0432 (0.0569)  loss_bbox_aux_4: 0.0432 (0.0569)  loss_bbox_dn_0: 0.0602 (0.0721)  loss_bbox_dn_1: 0.0421 (0.0509)  loss_bbox_dn_2: 0.0404 (0.0486)  loss_bbox_dn_3: 0.0404 (0.0486)  loss_bbox_dn_4: 0.0400 (0.0485)  loss_bbox_dn_5: 0.0400 (0.0485)  loss_bbox_dn_pre: 0.0586 (0.0755)  loss_bbox_enc_0: 0.0645 (0.1013)  loss_bbox_pre: 0.0479 (0.0636)  loss_ddf_aux_0: 0.0567 (0.0648)  loss_ddf_aux_1: 0.0264 (0.0304)  loss_ddf_aux_2: 0.0055 (0.0062)  loss_ddf_aux_3: 0.0000 (0.0000)  loss_ddf_aux_4: -0.0000 (0.0000)  loss_ddf_dn_0: 0.6586 (0.7800)  loss_ddf_dn_1: 0.0817 (0.2231)  loss_ddf_dn_2: 0.0213 (0.1241)  loss_ddf_dn_3: 0.0037 (0.0020)  loss_ddf_dn_4: 0.0000 (0.0000)  loss_ddf_dn_5: 0.0000 (0.0000)  loss_fgl: 0.9748 (0.9973)  loss_fgl_aux_0: 1.0175 (1.0268)  loss_fgl_aux_1: 0.9799 (1.0003)  loss_fgl_aux_2: 0.9749 (0.9971)  loss_fgl_aux_3: 0.9749 (0.9973)  loss_fgl_aux_4: 0.9749 (0.9973)  loss_fgl_dn_0: 1.0909 (1.1004)  loss_fgl_dn_1: 0.9690 (0.9719)  loss_fgl_dn_2: 0.9656 (0.9639)  loss_fgl_dn_3: 0.9663 (0.9645)  loss_fgl_dn_4: 0.9670 (0.9643)  loss_fgl_dn_5: 0.9670 (0.9643)  loss_giou: 0.2512 (0.2565)  loss_giou_aux_0: 0.2673 (0.2696)  loss_giou_aux_1: 0.2538 (0.2586)  loss_giou_aux_2: 0.2503 (0.2565)  loss_giou_aux_3: 0.2512 (0.2565)  loss_giou_aux_4: 0.2512 (0.2565)  loss_giou_dn_0: 0.2610 (0.2715)  loss_giou_dn_1: 0.2044 (0.2080)  loss_giou_dn_2: 0.2016 (0.2034)  loss_giou_dn_3: 0.2013 (0.2034)  loss_giou_dn_4: 0.2015 (0.2034)  loss_giou_dn_5: 0.2015 (0.2034)  loss_giou_dn_pre: 0.2587 (0.2717)  loss_giou_enc_0: 0.3442 (0.3479)  loss_giou_pre: 0.2672 (0.2688)  loss_vfl: 0.3033 (0.3113)  loss_vfl_aux_0: 0.3425 (0.3481)  loss_vfl_aux_1: 0.3044 (0.3239)  loss_vfl_aux_2: 0.3020 (0.3155)  loss_vfl_aux_3: 0.3027 (0.3120)  loss_vfl_aux_4: 0.3035 (0.3117)  loss_vfl_dn_0: 0.3562 (0.3643)  loss_vfl_dn_1: 0.2789 (0.2846)  loss_vfl_dn_2: 0.2755 (0.2785)  loss_vfl_dn_3: 0.2745 (0.2760)  loss_vfl_dn_4: 0.2745 (0.2755)  loss_vfl_dn_5: 0.2741 (0.2756)  loss_vfl_dn_pre: 0.3598 (0.3657)  loss_vfl_enc_0: 0.3810 (0.3986)  loss_vfl_pre: 0.3427 (0.3480)  time: 0.6956  data: 0.0092  max mem: 17742
Epoch: [11/120]  [ 900/2360]  eta: 0:15:56  lr: 0.000009  loss: 21.2183 (22.5299)  loss_bbox: 0.0530 (0.0569)  loss_bbox_aux_0: 0.0588 (0.0638)  loss_bbox_aux_1: 0.0554 (0.0580)  loss_bbox_aux_2: 0.0532 (0.0569)  loss_bbox_aux_3: 0.0530 (0.0569)  loss_bbox_aux_4: 0.0530 (0.0569)  loss_bbox_dn_0: 0.0726 (0.0719)  loss_bbox_dn_1: 0.0496 (0.0508)  loss_bbox_dn_2: 0.0467 (0.0485)  loss_bbox_dn_3: 0.0466 (0.0485)  loss_bbox_dn_4: 0.0469 (0.0484)  loss_bbox_dn_5: 0.0469 (0.0484)  loss_bbox_dn_pre: 0.0769 (0.0752)  loss_bbox_enc_0: 0.1004 (0.1011)  loss_bbox_pre: 0.0597 (0.0636)  loss_ddf_aux_0: 0.0622 (0.0640)  loss_ddf_aux_1: 0.0282 (0.0298)  loss_ddf_aux_2: 0.0060 (0.0061)  loss_ddf_aux_3: 0.0000 (0.0000)  loss_ddf_aux_4: 0.0000 (0.0000)  loss_ddf_dn_0: 0.4028 (0.7450)  loss_ddf_dn_1: 0.0372 (0.2033)  loss_ddf_dn_2: 0.0097 (0.1116)  loss_ddf_dn_3: 0.0011 (0.0019)  loss_ddf_dn_4: 0.0000 (0.0000)  loss_ddf_dn_5: 0.0000 (0.0000)  loss_fgl: 0.9619 (0.9965)  loss_fgl_aux_0: 1.0066 (1.0263)  loss_fgl_aux_1: 0.9638 (0.9995)  loss_fgl_aux_2: 0.9623 (0.9963)  loss_fgl_aux_3: 0.9621 (0.9965)  loss_fgl_aux_4: 0.9621 (0.9965)  loss_fgl_dn_0: 1.0801 (1.0995)  loss_fgl_dn_1: 0.9346 (0.9713)  loss_fgl_dn_2: 0.9323 (0.9633)  loss_fgl_dn_3: 0.9323 (0.9639)  loss_fgl_dn_4: 0.9322 (0.9638)  loss_fgl_dn_5: 0.9322 (0.9638)  loss_giou: 0.2362 (0.2570)  loss_giou_aux_0: 0.2452 (0.2700)  loss_giou_aux_1: 0.2394 (0.2591)  loss_giou_aux_2: 0.2362 (0.2570)  loss_giou_aux_3: 0.2363 (0.2570)  loss_giou_aux_4: 0.2363 (0.2570)  loss_giou_dn_0: 0.2555 (0.2714)  loss_giou_dn_1: 0.1927 (0.2078)  loss_giou_dn_2: 0.1916 (0.2032)  loss_giou_dn_3: 0.1915 (0.2032)  loss_giou_dn_4: 0.1915 (0.2032)  loss_giou_dn_5: 0.1915 (0.2032)  loss_giou_dn_pre: 0.2588 (0.2715)  loss_giou_enc_0: 0.3367 (0.3484)  loss_giou_pre: 0.2423 (0.2692)  loss_vfl: 0.2974 (0.3114)  loss_vfl_aux_0: 0.3208 (0.3486)  loss_vfl_aux_1: 0.3139 (0.3239)  loss_vfl_aux_2: 0.2992 (0.3154)  loss_vfl_aux_3: 0.3010 (0.3120)  loss_vfl_aux_4: 0.2963 (0.3116)  loss_vfl_dn_0: 0.3536 (0.3637)  loss_vfl_dn_1: 0.2738 (0.2841)  loss_vfl_dn_2: 0.2676 (0.2781)  loss_vfl_dn_3: 0.2671 (0.2757)  loss_vfl_dn_4: 0.2666 (0.2753)  loss_vfl_dn_5: 0.2665 (0.2754)  loss_vfl_dn_pre: 0.3545 (0.3652)  loss_vfl_enc_0: 0.3810 (0.3985)  loss_vfl_pre: 0.3322 (0.3488)  time: 0.6405  data: 0.0086  max mem: 17742
Epoch: [11/120]  [1000/2360]  eta: 0:14:47  lr: 0.000009  loss: 22.1593 (22.4767)  loss_bbox: 0.0576 (0.0571)  loss_bbox_aux_0: 0.0653 (0.0641)  loss_bbox_aux_1: 0.0583 (0.0582)  loss_bbox_aux_2: 0.0582 (0.0571)  loss_bbox_aux_3: 0.0575 (0.0571)  loss_bbox_aux_4: 0.0575 (0.0571)  loss_bbox_dn_0: 0.0679 (0.0720)  loss_bbox_dn_1: 0.0521 (0.0508)  loss_bbox_dn_2: 0.0503 (0.0485)  loss_bbox_dn_3: 0.0503 (0.0485)  loss_bbox_dn_4: 0.0503 (0.0484)  loss_bbox_dn_5: 0.0503 (0.0484)  loss_bbox_dn_pre: 0.0733 (0.0754)  loss_bbox_enc_0: 0.1080 (0.1013)  loss_bbox_pre: 0.0656 (0.0640)  loss_ddf_aux_0: 0.0559 (0.0632)  loss_ddf_aux_1: 0.0230 (0.0292)  loss_ddf_aux_2: 0.0052 (0.0060)  loss_ddf_aux_3: 0.0000 (0.0000)  loss_ddf_aux_4: 0.0000 (0.0000)  loss_ddf_dn_0: 0.4265 (0.7086)  loss_ddf_dn_1: 0.0402 (0.1865)  loss_ddf_dn_2: 0.0103 (0.1014)  loss_ddf_dn_3: 0.0017 (0.0018)  loss_ddf_dn_4: 0.0000 (0.0000)  loss_ddf_dn_5: 0.0000 (0.0000)  loss_fgl: 0.9991 (0.9972)  loss_fgl_aux_0: 1.0225 (1.0271)  loss_fgl_aux_1: 1.0064 (1.0003)  loss_fgl_aux_2: 0.9988 (0.9971)  loss_fgl_aux_3: 0.9992 (0.9972)  loss_fgl_aux_4: 0.9991 (0.9972)  loss_fgl_dn_0: 1.0803 (1.0986)  loss_fgl_dn_1: 0.9623 (0.9709)  loss_fgl_dn_2: 0.9544 (0.9629)  loss_fgl_dn_3: 0.9549 (0.9634)  loss_fgl_dn_4: 0.9557 (0.9633)  loss_fgl_dn_5: 0.9558 (0.9633)  loss_giou: 0.2688 (0.2576)  loss_giou_aux_0: 0.2907 (0.2705)  loss_giou_aux_1: 0.2747 (0.2597)  loss_giou_aux_2: 0.2687 (0.2576)  loss_giou_aux_3: 0.2689 (0.2576)  loss_giou_aux_4: 0.2688 (0.2576)  loss_giou_dn_0: 0.2804 (0.2713)  loss_giou_dn_1: 0.2077 (0.2078)  loss_giou_dn_2: 0.2056 (0.2033)  loss_giou_dn_3: 0.2057 (0.2033)  loss_giou_dn_4: 0.2056 (0.2032)  loss_giou_dn_5: 0.2057 (0.2032)  loss_giou_dn_pre: 0.2795 (0.2715)  loss_giou_enc_0: 0.3823 (0.3488)  loss_giou_pre: 0.2888 (0.2698)  loss_vfl: 0.2952 (0.3116)  loss_vfl_aux_0: 0.3414 (0.3492)  loss_vfl_aux_1: 0.3078 (0.3243)  loss_vfl_aux_2: 0.3041 (0.3158)  loss_vfl_aux_3: 0.3015 (0.3125)  loss_vfl_aux_4: 0.2965 (0.3118)  loss_vfl_dn_0: 0.3594 (0.3635)  loss_vfl_dn_1: 0.2887 (0.2839)  loss_vfl_dn_2: 0.2812 (0.2781)  loss_vfl_dn_3: 0.2816 (0.2758)  loss_vfl_dn_4: 0.2815 (0.2754)  loss_vfl_dn_5: 0.2812 (0.2755)  loss_vfl_dn_pre: 0.3601 (0.3650)  loss_vfl_enc_0: 0.3964 (0.3987)  loss_vfl_pre: 0.3393 (0.3493)  time: 0.6433  data: 0.0085  max mem: 17742
Epoch: [11/120]  [1100/2360]  eta: 0:13:40  lr: 0.000009  loss: 21.4654 (22.3989)  loss_bbox: 0.0478 (0.0570)  loss_bbox_aux_0: 0.0516 (0.0639)  loss_bbox_aux_1: 0.0460 (0.0581)  loss_bbox_aux_2: 0.0478 (0.0570)  loss_bbox_aux_3: 0.0478 (0.0570)  loss_bbox_aux_4: 0.0478 (0.0570)  loss_bbox_dn_0: 0.0643 (0.0719)  loss_bbox_dn_1: 0.0445 (0.0508)  loss_bbox_dn_2: 0.0429 (0.0486)  loss_bbox_dn_3: 0.0429 (0.0485)  loss_bbox_dn_4: 0.0429 (0.0484)  loss_bbox_dn_5: 0.0429 (0.0484)  loss_bbox_dn_pre: 0.0755 (0.0754)  loss_bbox_enc_0: 0.1073 (0.1009)  loss_bbox_pre: 0.0502 (0.0638)  loss_ddf_aux_0: 0.0501 (0.0624)  loss_ddf_aux_1: 0.0215 (0.0286)  loss_ddf_aux_2: 0.0048 (0.0059)  loss_ddf_aux_3: 0.0000 (0.0000)  loss_ddf_aux_4: 0.0000 (0.0000)  loss_ddf_dn_0: 0.3639 (0.6799)  loss_ddf_dn_1: 0.0368 (0.1732)  loss_ddf_dn_2: 0.0086 (0.0931)  loss_ddf_dn_3: 0.0026 (0.0019)  loss_ddf_dn_4: 0.0000 (0.0000)  loss_ddf_dn_5: 0.0000 (0.0000)  loss_fgl: 0.9821 (0.9969)  loss_fgl_aux_0: 1.0217 (1.0268)  loss_fgl_aux_1: 0.9832 (1.0000)  loss_fgl_aux_2: 0.9812 (0.9968)  loss_fgl_aux_3: 0.9819 (0.9969)  loss_fgl_aux_4: 0.9820 (0.9969)  loss_fgl_dn_0: 1.0737 (1.0970)  loss_fgl_dn_1: 0.9358 (0.9695)  loss_fgl_dn_2: 0.9336 (0.9616)  loss_fgl_dn_3: 0.9336 (0.9621)  loss_fgl_dn_4: 0.9337 (0.9620)  loss_fgl_dn_5: 0.9337 (0.9620)  loss_giou: 0.2507 (0.2568)  loss_giou_aux_0: 0.2558 (0.2696)  loss_giou_aux_1: 0.2455 (0.2588)  loss_giou_aux_2: 0.2520 (0.2568)  loss_giou_aux_3: 0.2508 (0.2568)  loss_giou_aux_4: 0.2508 (0.2568)  loss_giou_dn_0: 0.2567 (0.2706)  loss_giou_dn_1: 0.1995 (0.2073)  loss_giou_dn_2: 0.1964 (0.2029)  loss_giou_dn_3: 0.1962 (0.2028)  loss_giou_dn_4: 0.1964 (0.2028)  loss_giou_dn_5: 0.1963 (0.2028)  loss_giou_dn_pre: 0.2610 (0.2707)  loss_giou_enc_0: 0.3383 (0.3479)  loss_giou_pre: 0.2561 (0.2689)  loss_vfl: 0.2974 (0.3113)  loss_vfl_aux_0: 0.3338 (0.3490)  loss_vfl_aux_1: 0.3149 (0.3243)  loss_vfl_aux_2: 0.3018 (0.3154)  loss_vfl_aux_3: 0.2999 (0.3122)  loss_vfl_aux_4: 0.2976 (0.3114)  loss_vfl_dn_0: 0.3572 (0.3630)  loss_vfl_dn_1: 0.2782 (0.2835)  loss_vfl_dn_2: 0.2725 (0.2777)  loss_vfl_dn_3: 0.2713 (0.2756)  loss_vfl_dn_4: 0.2709 (0.2752)  loss_vfl_dn_5: 0.2708 (0.2753)  loss_vfl_dn_pre: 0.3583 (0.3645)  loss_vfl_enc_0: 0.3848 (0.3985)  loss_vfl_pre: 0.3330 (0.3491)  time: 0.6681  data: 0.0088  max mem: 17742
Epoch: [11/120]  [1200/2360]  eta: 0:12:35  lr: 0.000009  loss: 22.0445 (22.3532)  loss_bbox: 0.0483 (0.0573)  loss_bbox_aux_0: 0.0537 (0.0643)  loss_bbox_aux_1: 0.0496 (0.0584)  loss_bbox_aux_2: 0.0483 (0.0573)  loss_bbox_aux_3: 0.0483 (0.0573)  loss_bbox_aux_4: 0.0483 (0.0573)  loss_bbox_dn_0: 0.0685 (0.0722)  loss_bbox_dn_1: 0.0432 (0.0510)  loss_bbox_dn_2: 0.0399 (0.0488)  loss_bbox_dn_3: 0.0399 (0.0487)  loss_bbox_dn_4: 0.0399 (0.0487)  loss_bbox_dn_5: 0.0399 (0.0487)  loss_bbox_dn_pre: 0.0690 (0.0757)  loss_bbox_enc_0: 0.0881 (0.1014)  loss_bbox_pre: 0.0545 (0.0642)  loss_ddf_aux_0: 0.0458 (0.0614)  loss_ddf_aux_1: 0.0176 (0.0279)  loss_ddf_aux_2: 0.0035 (0.0058)  loss_ddf_aux_3: 0.0000 (0.0000)  loss_ddf_aux_4: 0.0000 (0.0000)  loss_ddf_dn_0: 0.5958 (0.6600)  loss_ddf_dn_1: 0.0427 (0.1624)  loss_ddf_dn_2: 0.0082 (0.0861)  loss_ddf_dn_3: 0.0019 (0.0019)  loss_ddf_dn_4: 0.0000 (0.0000)  loss_ddf_dn_5: 0.0000 (0.0000)  loss_fgl: 1.0075 (0.9962)  loss_fgl_aux_0: 1.0364 (1.0262)  loss_fgl_aux_1: 1.0078 (0.9993)  loss_fgl_aux_2: 1.0072 (0.9961)  loss_fgl_aux_3: 1.0072 (0.9962)  loss_fgl_aux_4: 1.0074 (0.9962)  loss_fgl_dn_0: 1.1071 (1.0959)  loss_fgl_dn_1: 0.9849 (0.9683)  loss_fgl_dn_2: 0.9787 (0.9605)  loss_fgl_dn_3: 0.9787 (0.9609)  loss_fgl_dn_4: 0.9787 (0.9609)  loss_fgl_dn_5: 0.9787 (0.9609)  loss_giou: 0.2348 (0.2573)  loss_giou_aux_0: 0.2540 (0.2701)  loss_giou_aux_1: 0.2387 (0.2593)  loss_giou_aux_2: 0.2345 (0.2573)  loss_giou_aux_3: 0.2347 (0.2573)  loss_giou_aux_4: 0.2348 (0.2573)  loss_giou_dn_0: 0.2712 (0.2707)  loss_giou_dn_1: 0.2045 (0.2073)  loss_giou_dn_2: 0.1998 (0.2029)  loss_giou_dn_3: 0.1998 (0.2029)  loss_giou_dn_4: 0.1997 (0.2028)  loss_giou_dn_5: 0.1997 (0.2028)  loss_giou_dn_pre: 0.2721 (0.2708)  loss_giou_enc_0: 0.3460 (0.3488)  loss_giou_pre: 0.2522 (0.2694)  loss_vfl: 0.2937 (0.3106)  loss_vfl_aux_0: 0.3333 (0.3490)  loss_vfl_aux_1: 0.3174 (0.3238)  loss_vfl_aux_2: 0.3065 (0.3149)  loss_vfl_aux_3: 0.2939 (0.3115)  loss_vfl_aux_4: 0.2937 (0.3108)  loss_vfl_dn_0: 0.3675 (0.3629)  loss_vfl_dn_1: 0.2831 (0.2832)  loss_vfl_dn_2: 0.2804 (0.2775)  loss_vfl_dn_3: 0.2798 (0.2755)  loss_vfl_dn_4: 0.2793 (0.2751)  loss_vfl_dn_5: 0.2793 (0.2752)  loss_vfl_dn_pre: 0.3690 (0.3644)  loss_vfl_enc_0: 0.3877 (0.3985)  loss_vfl_pre: 0.3319 (0.3490)  time: 0.6796  data: 0.0091  max mem: 17742
Epoch: [11/120]  [1300/2360]  eta: 0:11:30  lr: 0.000009  loss: 21.4151 (22.3235)  loss_bbox: 0.0489 (0.0572)  loss_bbox_aux_0: 0.0566 (0.0642)  loss_bbox_aux_1: 0.0523 (0.0583)  loss_bbox_aux_2: 0.0490 (0.0572)  loss_bbox_aux_3: 0.0490 (0.0572)  loss_bbox_aux_4: 0.0489 (0.0572)  loss_bbox_dn_0: 0.0712 (0.0721)  loss_bbox_dn_1: 0.0481 (0.0509)  loss_bbox_dn_2: 0.0465 (0.0487)  loss_bbox_dn_3: 0.0464 (0.0486)  loss_bbox_dn_4: 0.0464 (0.0485)  loss_bbox_dn_5: 0.0464 (0.0485)  loss_bbox_dn_pre: 0.0728 (0.0756)  loss_bbox_enc_0: 0.0888 (0.1012)  loss_bbox_pre: 0.0572 (0.0641)  loss_ddf_aux_0: 0.0544 (0.0610)  loss_ddf_aux_1: 0.0238 (0.0276)  loss_ddf_aux_2: 0.0041 (0.0057)  loss_ddf_aux_3: 0.0000 (0.0000)  loss_ddf_aux_4: 0.0000 (0.0000)  loss_ddf_dn_0: 0.3853 (0.6460)  loss_ddf_dn_1: 0.0475 (0.1534)  loss_ddf_dn_2: 0.0102 (0.0802)  loss_ddf_dn_3: 0.0024 (0.0019)  loss_ddf_dn_4: 0.0000 (0.0000)  loss_ddf_dn_5: 0.0000 (0.0000)  loss_fgl: 1.0033 (0.9968)  loss_fgl_aux_0: 1.0309 (1.0267)  loss_fgl_aux_1: 1.0026 (0.9998)  loss_fgl_aux_2: 1.0034 (0.9966)  loss_fgl_aux_3: 1.0034 (0.9967)  loss_fgl_aux_4: 1.0034 (0.9967)  loss_fgl_dn_0: 1.0741 (1.0958)  loss_fgl_dn_1: 0.9507 (0.9681)  loss_fgl_dn_2: 0.9501 (0.9603)  loss_fgl_dn_3: 0.9501 (0.9607)  loss_fgl_dn_4: 0.9499 (0.9606)  loss_fgl_dn_5: 0.9499 (0.9606)  loss_giou: 0.2259 (0.2569)  loss_giou_aux_0: 0.2443 (0.2699)  loss_giou_aux_1: 0.2336 (0.2590)  loss_giou_aux_2: 0.2260 (0.2569)  loss_giou_aux_3: 0.2259 (0.2569)  loss_giou_aux_4: 0.2259 (0.2569)  loss_giou_dn_0: 0.2589 (0.2706)  loss_giou_dn_1: 0.1927 (0.2071)  loss_giou_dn_2: 0.1875 (0.2028)  loss_giou_dn_3: 0.1876 (0.2027)  loss_giou_dn_4: 0.1876 (0.2027)  loss_giou_dn_5: 0.1876 (0.2027)  loss_giou_dn_pre: 0.2609 (0.2708)  loss_giou_enc_0: 0.3600 (0.3491)  loss_giou_pre: 0.2449 (0.2693)  loss_vfl: 0.2848 (0.3106)  loss_vfl_aux_0: 0.3510 (0.3499)  loss_vfl_aux_1: 0.3080 (0.3243)  loss_vfl_aux_2: 0.2965 (0.3151)  loss_vfl_aux_3: 0.2861 (0.3117)  loss_vfl_aux_4: 0.2837 (0.3108)  loss_vfl_dn_0: 0.3548 (0.3628)  loss_vfl_dn_1: 0.2762 (0.2829)  loss_vfl_dn_2: 0.2700 (0.2772)  loss_vfl_dn_3: 0.2677 (0.2754)  loss_vfl_dn_4: 0.2679 (0.2750)  loss_vfl_dn_5: 0.2681 (0.2750)  loss_vfl_dn_pre: 0.3564 (0.3643)  loss_vfl_enc_0: 0.3962 (0.3990)  loss_vfl_pre: 0.3503 (0.3500)  time: 0.6260  data: 0.0087  max mem: 17742
Epoch: [11/120]  [1400/2360]  eta: 0:10:24  lr: 0.000009  loss: 21.9470 (22.2905)  loss_bbox: 0.0431 (0.0570)  loss_bbox_aux_0: 0.0467 (0.0641)  loss_bbox_aux_1: 0.0434 (0.0581)  loss_bbox_aux_2: 0.0431 (0.0571)  loss_bbox_aux_3: 0.0431 (0.0570)  loss_bbox_aux_4: 0.0431 (0.0570)  loss_bbox_dn_0: 0.0529 (0.0721)  loss_bbox_dn_1: 0.0365 (0.0509)  loss_bbox_dn_2: 0.0361 (0.0487)  loss_bbox_dn_3: 0.0361 (0.0486)  loss_bbox_dn_4: 0.0360 (0.0485)  loss_bbox_dn_5: 0.0360 (0.0485)  loss_bbox_dn_pre: 0.0607 (0.0757)  loss_bbox_enc_0: 0.0720 (0.1012)  loss_bbox_pre: 0.0454 (0.0640)  loss_ddf_aux_0: 0.0587 (0.0611)  loss_ddf_aux_1: 0.0265 (0.0276)  loss_ddf_aux_2: 0.0040 (0.0056)  loss_ddf_aux_3: 0.0000 (0.0000)  loss_ddf_aux_4: 0.0000 (0.0000)  loss_ddf_dn_0: 0.4640 (0.6322)  loss_ddf_dn_1: 0.0444 (0.1461)  loss_ddf_dn_2: 0.0147 (0.0755)  loss_ddf_dn_3: 0.0018 (0.0020)  loss_ddf_dn_4: 0.0000 (0.0000)  loss_ddf_dn_5: 0.0000 (0.0000)  loss_fgl: 0.9979 (0.9960)  loss_fgl_aux_0: 1.0393 (1.0262)  loss_fgl_aux_1: 1.0104 (0.9991)  loss_fgl_aux_2: 0.9980 (0.9959)  loss_fgl_aux_3: 0.9980 (0.9959)  loss_fgl_aux_4: 0.9979 (0.9960)  loss_fgl_dn_0: 1.1004 (1.0952)  loss_fgl_dn_1: 0.9685 (0.9671)  loss_fgl_dn_2: 0.9695 (0.9593)  loss_fgl_dn_3: 0.9695 (0.9597)  loss_fgl_dn_4: 0.9695 (0.9597)  loss_fgl_dn_5: 0.9693 (0.9597)  loss_giou: 0.2436 (0.2573)  loss_giou_aux_0: 0.2616 (0.2703)  loss_giou_aux_1: 0.2449 (0.2593)  loss_giou_aux_2: 0.2442 (0.2573)  loss_giou_aux_3: 0.2432 (0.2573)  loss_giou_aux_4: 0.2434 (0.2573)  loss_giou_dn_0: 0.2754 (0.2704)  loss_giou_dn_1: 0.2071 (0.2069)  loss_giou_dn_2: 0.2049 (0.2025)  loss_giou_dn_3: 0.2049 (0.2025)  loss_giou_dn_4: 0.2047 (0.2024)  loss_giou_dn_5: 0.2047 (0.2024)  loss_giou_dn_pre: 0.2735 (0.2705)  loss_giou_enc_0: 0.3248 (0.3498)  loss_giou_pre: 0.2575 (0.2697)  loss_vfl: 0.3330 (0.3110)  loss_vfl_aux_0: 0.3625 (0.3506)  loss_vfl_aux_1: 0.3393 (0.3248)  loss_vfl_aux_2: 0.3359 (0.3154)  loss_vfl_aux_3: 0.3315 (0.3120)  loss_vfl_aux_4: 0.3324 (0.3111)  loss_vfl_dn_0: 0.3656 (0.3626)  loss_vfl_dn_1: 0.2804 (0.2826)  loss_vfl_dn_2: 0.2753 (0.2769)  loss_vfl_dn_3: 0.2747 (0.2751)  loss_vfl_dn_4: 0.2750 (0.2748)  loss_vfl_dn_5: 0.2748 (0.2748)  loss_vfl_dn_pre: 0.3674 (0.3641)  loss_vfl_enc_0: 0.4172 (0.3993)  loss_vfl_pre: 0.3642 (0.3508)  time: 0.6324  data: 0.0087  max mem: 17742
Epoch: [11/120]  [1500/2360]  eta: 0:09:20  lr: 0.000009  loss: 22.3994 (22.2600)  loss_bbox: 0.0450 (0.0568)  loss_bbox_aux_0: 0.0539 (0.0639)  loss_bbox_aux_1: 0.0444 (0.0579)  loss_bbox_aux_2: 0.0450 (0.0568)  loss_bbox_aux_3: 0.0450 (0.0568)  loss_bbox_aux_4: 0.0449 (0.0568)  loss_bbox_dn_0: 0.0623 (0.0720)  loss_bbox_dn_1: 0.0393 (0.0506)  loss_bbox_dn_2: 0.0365 (0.0484)  loss_bbox_dn_3: 0.0364 (0.0483)  loss_bbox_dn_4: 0.0364 (0.0483)  loss_bbox_dn_5: 0.0364 (0.0483)  loss_bbox_dn_pre: 0.0700 (0.0756)  loss_bbox_enc_0: 0.1164 (0.1016)  loss_bbox_pre: 0.0545 (0.0639)  loss_ddf_aux_0: 0.0407 (0.0604)  loss_ddf_aux_1: 0.0162 (0.0270)  loss_ddf_aux_2: 0.0038 (0.0054)  loss_ddf_aux_3: 0.0000 (0.0000)  loss_ddf_aux_4: 0.0000 (0.0000)  loss_ddf_dn_0: 0.4914 (0.6229)  loss_ddf_dn_1: 0.0426 (0.1394)  loss_ddf_dn_2: 0.0139 (0.0715)  loss_ddf_dn_3: 0.0014 (0.0020)  loss_ddf_dn_4: 0.0000 (0.0000)  loss_ddf_dn_5: 0.0000 (0.0000)  loss_fgl: 0.9902 (0.9954)  loss_fgl_aux_0: 1.0318 (1.0258)  loss_fgl_aux_1: 0.9955 (0.9985)  loss_fgl_aux_2: 0.9902 (0.9953)  loss_fgl_aux_3: 0.9903 (0.9954)  loss_fgl_aux_4: 0.9903 (0.9954)  loss_fgl_dn_0: 1.0804 (1.0949)  loss_fgl_dn_1: 0.9577 (0.9665)  loss_fgl_dn_2: 0.9506 (0.9585)  loss_fgl_dn_3: 0.9506 (0.9589)  loss_fgl_dn_4: 0.9507 (0.9589)  loss_fgl_dn_5: 0.9507 (0.9589)  loss_giou: 0.2583 (0.2572)  loss_giou_aux_0: 0.2829 (0.2702)  loss_giou_aux_1: 0.2617 (0.2592)  loss_giou_aux_2: 0.2582 (0.2572)  loss_giou_aux_3: 0.2583 (0.2572)  loss_giou_aux_4: 0.2583 (0.2572)  loss_giou_dn_0: 0.2834 (0.2705)  loss_giou_dn_1: 0.2143 (0.2068)  loss_giou_dn_2: 0.2113 (0.2025)  loss_giou_dn_3: 0.2113 (0.2024)  loss_giou_dn_4: 0.2113 (0.2024)  loss_giou_dn_5: 0.2113 (0.2024)  loss_giou_dn_pre: 0.2833 (0.2707)  loss_giou_enc_0: 0.3776 (0.3504)  loss_giou_pre: 0.2840 (0.2696)  loss_vfl: 0.3092 (0.3111)  loss_vfl_aux_0: 0.3710 (0.3512)  loss_vfl_aux_1: 0.3333 (0.3249)  loss_vfl_aux_2: 0.3136 (0.3155)  loss_vfl_aux_3: 0.3088 (0.3121)  loss_vfl_aux_4: 0.3092 (0.3112)  loss_vfl_dn_0: 0.3637 (0.3624)  loss_vfl_dn_1: 0.2801 (0.2822)  loss_vfl_dn_2: 0.2781 (0.2766)  loss_vfl_dn_3: 0.2754 (0.2749)  loss_vfl_dn_4: 0.2752 (0.2745)  loss_vfl_dn_5: 0.2754 (0.2746)  loss_vfl_dn_pre: 0.3641 (0.3639)  loss_vfl_enc_0: 0.4229 (0.4003)  loss_vfl_pre: 0.3697 (0.3513)  time: 0.6506  data: 0.0087  max mem: 17742
Epoch: [11/120]  [1600/2360]  eta: 0:08:14  lr: 0.000009  loss: 21.9597 (22.2496)  loss_bbox: 0.0499 (0.0569)  loss_bbox_aux_0: 0.0574 (0.0639)  loss_bbox_aux_1: 0.0482 (0.0579)  loss_bbox_aux_2: 0.0498 (0.0569)  loss_bbox_aux_3: 0.0499 (0.0569)  loss_bbox_aux_4: 0.0500 (0.0569)  loss_bbox_dn_0: 0.0702 (0.0721)  loss_bbox_dn_1: 0.0504 (0.0507)  loss_bbox_dn_2: 0.0480 (0.0484)  loss_bbox_dn_3: 0.0478 (0.0484)  loss_bbox_dn_4: 0.0474 (0.0483)  loss_bbox_dn_5: 0.0474 (0.0483)  loss_bbox_dn_pre: 0.0735 (0.0757)  loss_bbox_enc_0: 0.0879 (0.1017)  loss_bbox_pre: 0.0581 (0.0639)  loss_ddf_aux_0: 0.0378 (0.0590)  loss_ddf_aux_1: 0.0141 (0.0262)  loss_ddf_aux_2: 0.0029 (0.0053)  loss_ddf_aux_3: 0.0000 (0.0000)  loss_ddf_aux_4: 0.0000 (0.0000)  loss_ddf_dn_0: 0.3309 (0.6094)  loss_ddf_dn_1: 0.0172 (0.1326)  loss_ddf_dn_2: 0.0062 (0.0677)  loss_ddf_dn_3: 0.0005 (0.0019)  loss_ddf_dn_4: 0.0000 (0.0000)  loss_ddf_dn_5: 0.0000 (0.0000)  loss_fgl: 1.0014 (0.9958)  loss_fgl_aux_0: 1.0384 (1.0262)  loss_fgl_aux_1: 1.0030 (0.9989)  loss_fgl_aux_2: 1.0016 (0.9957)  loss_fgl_aux_3: 1.0016 (0.9957)  loss_fgl_aux_4: 1.0015 (0.9958)  loss_fgl_dn_0: 1.0962 (1.0950)  loss_fgl_dn_1: 0.9666 (0.9667)  loss_fgl_dn_2: 0.9580 (0.9588)  loss_fgl_dn_3: 0.9581 (0.9592)  loss_fgl_dn_4: 0.9583 (0.9592)  loss_fgl_dn_5: 0.9584 (0.9592)  loss_giou: 0.2522 (0.2580)  loss_giou_aux_0: 0.2627 (0.2708)  loss_giou_aux_1: 0.2534 (0.2598)  loss_giou_aux_2: 0.2519 (0.2580)  loss_giou_aux_3: 0.2522 (0.2579)  loss_giou_aux_4: 0.2522 (0.2579)  loss_giou_dn_0: 0.2819 (0.2708)  loss_giou_dn_1: 0.2107 (0.2071)  loss_giou_dn_2: 0.2062 (0.2027)  loss_giou_dn_3: 0.2060 (0.2027)  loss_giou_dn_4: 0.2058 (0.2026)  loss_giou_dn_5: 0.2058 (0.2026)  loss_giou_dn_pre: 0.2801 (0.2710)  loss_giou_enc_0: 0.3514 (0.3511)  loss_giou_pre: 0.2604 (0.2702)  loss_vfl: 0.3062 (0.3114)  loss_vfl_aux_0: 0.3466 (0.3518)  loss_vfl_aux_1: 0.3237 (0.3252)  loss_vfl_aux_2: 0.3066 (0.3159)  loss_vfl_aux_3: 0.3062 (0.3125)  loss_vfl_aux_4: 0.3064 (0.3115)  loss_vfl_dn_0: 0.3642 (0.3624)  loss_vfl_dn_1: 0.2822 (0.2822)  loss_vfl_dn_2: 0.2780 (0.2767)  loss_vfl_dn_3: 0.2784 (0.2750)  loss_vfl_dn_4: 0.2781 (0.2747)  loss_vfl_dn_5: 0.2782 (0.2747)  loss_vfl_dn_pre: 0.3656 (0.3640)  loss_vfl_enc_0: 0.3980 (0.4011)  loss_vfl_pre: 0.3466 (0.3519)  time: 0.6681  data: 0.0092  max mem: 17742
Epoch: [11/120]  [1700/2360]  eta: 0:07:09  lr: 0.000009  loss: 20.9296 (22.2139)  loss_bbox: 0.0499 (0.0568)  loss_bbox_aux_0: 0.0573 (0.0639)  loss_bbox_aux_1: 0.0511 (0.0578)  loss_bbox_aux_2: 0.0498 (0.0568)  loss_bbox_aux_3: 0.0499 (0.0568)  loss_bbox_aux_4: 0.0499 (0.0568)  loss_bbox_dn_0: 0.0672 (0.0722)  loss_bbox_dn_1: 0.0437 (0.0507)  loss_bbox_dn_2: 0.0428 (0.0484)  loss_bbox_dn_3: 0.0428 (0.0484)  loss_bbox_dn_4: 0.0429 (0.0483)  loss_bbox_dn_5: 0.0429 (0.0483)  loss_bbox_dn_pre: 0.0675 (0.0759)  loss_bbox_enc_0: 0.0817 (0.1021)  loss_bbox_pre: 0.0554 (0.0639)  loss_ddf_aux_0: 0.0382 (0.0580)  loss_ddf_aux_1: 0.0144 (0.0256)  loss_ddf_aux_2: 0.0032 (0.0052)  loss_ddf_aux_3: 0.0000 (0.0000)  loss_ddf_aux_4: -0.0000 (0.0000)  loss_ddf_dn_0: 0.2274 (0.5906)  loss_ddf_dn_1: 0.0250 (0.1262)  loss_ddf_dn_2: 0.0105 (0.0642)  loss_ddf_dn_3: 0.0008 (0.0019)  loss_ddf_dn_4: 0.0000 (0.0000)  loss_ddf_dn_5: 0.0000 (0.0000)  loss_fgl: 0.9716 (0.9954)  loss_fgl_aux_0: 1.0157 (1.0263)  loss_fgl_aux_1: 0.9733 (0.9986)  loss_fgl_aux_2: 0.9711 (0.9953)  loss_fgl_aux_3: 0.9715 (0.9954)  loss_fgl_aux_4: 0.9716 (0.9954)  loss_fgl_dn_0: 1.0857 (1.0950)  loss_fgl_dn_1: 0.9387 (0.9661)  loss_fgl_dn_2: 0.9307 (0.9581)  loss_fgl_dn_3: 0.9307 (0.9585)  loss_fgl_dn_4: 0.9307 (0.9585)  loss_fgl_dn_5: 0.9307 (0.9585)  loss_giou: 0.2373 (0.2580)  loss_giou_aux_0: 0.2586 (0.2709)  loss_giou_aux_1: 0.2402 (0.2598)  loss_giou_aux_2: 0.2374 (0.2580)  loss_giou_aux_3: 0.2374 (0.2580)  loss_giou_aux_4: 0.2374 (0.2580)  loss_giou_dn_0: 0.2613 (0.2710)  loss_giou_dn_1: 0.1968 (0.2069)  loss_giou_dn_2: 0.1921 (0.2026)  loss_giou_dn_3: 0.1921 (0.2025)  loss_giou_dn_4: 0.1921 (0.2025)  loss_giou_dn_5: 0.1921 (0.2025)  loss_giou_dn_pre: 0.2623 (0.2711)  loss_giou_enc_0: 0.3258 (0.3514)  loss_giou_pre: 0.2594 (0.2703)  loss_vfl: 0.2877 (0.3111)  loss_vfl_aux_0: 0.3296 (0.3521)  loss_vfl_aux_1: 0.2957 (0.3252)  loss_vfl_aux_2: 0.2895 (0.3157)  loss_vfl_aux_3: 0.2869 (0.3123)  loss_vfl_aux_4: 0.2877 (0.3112)  loss_vfl_dn_0: 0.3611 (0.3626)  loss_vfl_dn_1: 0.2745 (0.2821)  loss_vfl_dn_2: 0.2670 (0.2765)  loss_vfl_dn_3: 0.2664 (0.2749)  loss_vfl_dn_4: 0.2661 (0.2746)  loss_vfl_dn_5: 0.2662 (0.2746)  loss_vfl_dn_pre: 0.3609 (0.3641)  loss_vfl_enc_0: 0.3872 (0.4016)  loss_vfl_pre: 0.3287 (0.3521)  time: 0.6493  data: 0.0089  max mem: 17742
Epoch: [11/120]  [1800/2360]  eta: 0:06:04  lr: 0.000009  loss: 22.2514 (22.1936)  loss_bbox: 0.0467 (0.0567)  loss_bbox_aux_0: 0.0505 (0.0639)  loss_bbox_aux_1: 0.0469 (0.0578)  loss_bbox_aux_2: 0.0467 (0.0568)  loss_bbox_aux_3: 0.0467 (0.0567)  loss_bbox_aux_4: 0.0467 (0.0567)  loss_bbox_dn_0: 0.0590 (0.0722)  loss_bbox_dn_1: 0.0422 (0.0506)  loss_bbox_dn_2: 0.0398 (0.0484)  loss_bbox_dn_3: 0.0397 (0.0483)  loss_bbox_dn_4: 0.0393 (0.0483)  loss_bbox_dn_5: 0.0393 (0.0483)  loss_bbox_dn_pre: 0.0611 (0.0759)  loss_bbox_enc_0: 0.0815 (0.1024)  loss_bbox_pre: 0.0485 (0.0639)  loss_ddf_aux_0: 0.0432 (0.0573)  loss_ddf_aux_1: 0.0152 (0.0251)  loss_ddf_aux_2: 0.0034 (0.0051)  loss_ddf_aux_3: 0.0000 (0.0000)  loss_ddf_aux_4: 0.0000 (0.0000)  loss_ddf_dn_0: 0.6227 (0.5830)  loss_ddf_dn_1: 0.0472 (0.1217)  loss_ddf_dn_2: 0.0089 (0.0612)  loss_ddf_dn_3: 0.0009 (0.0018)  loss_ddf_dn_4: 0.0000 (0.0000)  loss_ddf_dn_5: 0.0000 (0.0000)  loss_fgl: 1.0176 (0.9955)  loss_fgl_aux_0: 1.0345 (1.0264)  loss_fgl_aux_1: 1.0133 (0.9987)  loss_fgl_aux_2: 1.0171 (0.9954)  loss_fgl_aux_3: 1.0171 (0.9955)  loss_fgl_aux_4: 1.0174 (0.9955)  loss_fgl_dn_0: 1.1108 (1.0947)  loss_fgl_dn_1: 0.9757 (0.9657)  loss_fgl_dn_2: 0.9585 (0.9578)  loss_fgl_dn_3: 0.9594 (0.9581)  loss_fgl_dn_4: 0.9599 (0.9581)  loss_fgl_dn_5: 0.9600 (0.9581)  loss_giou: 0.2556 (0.2576)  loss_giou_aux_0: 0.2583 (0.2705)  loss_giou_aux_1: 0.2560 (0.2595)  loss_giou_aux_2: 0.2558 (0.2576)  loss_giou_aux_3: 0.2557 (0.2576)  loss_giou_aux_4: 0.2556 (0.2576)  loss_giou_dn_0: 0.2671 (0.2708)  loss_giou_dn_1: 0.2096 (0.2067)  loss_giou_dn_2: 0.2057 (0.2024)  loss_giou_dn_3: 0.2056 (0.2024)  loss_giou_dn_4: 0.2056 (0.2023)  loss_giou_dn_5: 0.2056 (0.2023)  loss_giou_dn_pre: 0.2645 (0.2709)  loss_giou_enc_0: 0.3273 (0.3512)  loss_giou_pre: 0.2587 (0.2699)  loss_vfl: 0.3038 (0.3111)  loss_vfl_aux_0: 0.3569 (0.3526)  loss_vfl_aux_1: 0.3350 (0.3253)  loss_vfl_aux_2: 0.3235 (0.3159)  loss_vfl_aux_3: 0.3134 (0.3122)  loss_vfl_aux_4: 0.3022 (0.3112)  loss_vfl_dn_0: 0.3683 (0.3626)  loss_vfl_dn_1: 0.2856 (0.2820)  loss_vfl_dn_2: 0.2812 (0.2764)  loss_vfl_dn_3: 0.2802 (0.2749)  loss_vfl_dn_4: 0.2800 (0.2746)  loss_vfl_dn_5: 0.2808 (0.2746)  loss_vfl_dn_pre: 0.3691 (0.3640)  loss_vfl_enc_0: 0.4097 (0.4024)  loss_vfl_pre: 0.3558 (0.3527)  time: 0.6758  data: 0.0091  max mem: 17742
Epoch: [11/120]  [1900/2360]  eta: 0:04:59  lr: 0.000009  loss: 21.2696 (22.1631)  loss_bbox: 0.0475 (0.0566)  loss_bbox_aux_0: 0.0575 (0.0637)  loss_bbox_aux_1: 0.0529 (0.0577)  loss_bbox_aux_2: 0.0475 (0.0566)  loss_bbox_aux_3: 0.0475 (0.0566)  loss_bbox_aux_4: 0.0475 (0.0566)  loss_bbox_dn_0: 0.0677 (0.0721)  loss_bbox_dn_1: 0.0427 (0.0505)  loss_bbox_dn_2: 0.0410 (0.0482)  loss_bbox_dn_3: 0.0410 (0.0482)  loss_bbox_dn_4: 0.0412 (0.0481)  loss_bbox_dn_5: 0.0412 (0.0481)  loss_bbox_dn_pre: 0.0665 (0.0758)  loss_bbox_enc_0: 0.0919 (0.1025)  loss_bbox_pre: 0.0569 (0.0637)  loss_ddf_aux_0: 0.0368 (0.0563)  loss_ddf_aux_1: 0.0122 (0.0244)  loss_ddf_aux_2: 0.0025 (0.0049)  loss_ddf_aux_3: 0.0000 (0.0000)  loss_ddf_aux_4: 0.0000 (0.0000)  loss_ddf_dn_0: 0.3355 (0.5727)  loss_ddf_dn_1: 0.0229 (0.1170)  loss_ddf_dn_2: 0.0041 (0.0583)  loss_ddf_dn_3: 0.0004 (0.0018)  loss_ddf_dn_4: 0.0000 (0.0000)  loss_ddf_dn_5: 0.0000 (0.0000)  loss_fgl: 0.9863 (0.9949)  loss_fgl_aux_0: 1.0161 (1.0258)  loss_fgl_aux_1: 0.9890 (0.9981)  loss_fgl_aux_2: 0.9862 (0.9948)  loss_fgl_aux_3: 0.9862 (0.9948)  loss_fgl_aux_4: 0.9862 (0.9949)  loss_fgl_dn_0: 1.0767 (1.0945)  loss_fgl_dn_1: 0.9494 (0.9651)  loss_fgl_dn_2: 0.9419 (0.9571)  loss_fgl_dn_3: 0.9420 (0.9574)  loss_fgl_dn_4: 0.9419 (0.9574)  loss_fgl_dn_5: 0.9420 (0.9574)  loss_giou: 0.2557 (0.2577)  loss_giou_aux_0: 0.2695 (0.2706)  loss_giou_aux_1: 0.2584 (0.2596)  loss_giou_aux_2: 0.2552 (0.2577)  loss_giou_aux_3: 0.2557 (0.2577)  loss_giou_aux_4: 0.2557 (0.2577)  loss_giou_dn_0: 0.2795 (0.2707)  loss_giou_dn_1: 0.2055 (0.2066)  loss_giou_dn_2: 0.1972 (0.2023)  loss_giou_dn_3: 0.1973 (0.2023)  loss_giou_dn_4: 0.1973 (0.2022)  loss_giou_dn_5: 0.1973 (0.2022)  loss_giou_dn_pre: 0.2806 (0.2709)  loss_giou_enc_0: 0.3639 (0.3516)  loss_giou_pre: 0.2705 (0.2700)  loss_vfl: 0.2888 (0.3110)  loss_vfl_aux_0: 0.3189 (0.3525)  loss_vfl_aux_1: 0.3278 (0.3252)  loss_vfl_aux_2: 0.3019 (0.3158)  loss_vfl_aux_3: 0.2896 (0.3121)  loss_vfl_aux_4: 0.2887 (0.3111)  loss_vfl_dn_0: 0.3630 (0.3624)  loss_vfl_dn_1: 0.2820 (0.2817)  loss_vfl_dn_2: 0.2758 (0.2762)  loss_vfl_dn_3: 0.2747 (0.2747)  loss_vfl_dn_4: 0.2749 (0.2744)  loss_vfl_dn_5: 0.2750 (0.2744)  loss_vfl_dn_pre: 0.3632 (0.3638)  loss_vfl_enc_0: 0.3940 (0.4024)  loss_vfl_pre: 0.3201 (0.3525)  time: 0.6217  data: 0.0091  max mem: 17742
Epoch: [11/120]  [2000/2360]  eta: 0:03:53  lr: 0.000009  loss: 22.2676 (22.1448)  loss_bbox: 0.0512 (0.0566)  loss_bbox_aux_0: 0.0579 (0.0637)  loss_bbox_aux_1: 0.0536 (0.0576)  loss_bbox_aux_2: 0.0512 (0.0566)  loss_bbox_aux_3: 0.0512 (0.0566)  loss_bbox_aux_4: 0.0512 (0.0566)  loss_bbox_dn_0: 0.0710 (0.0719)  loss_bbox_dn_1: 0.0453 (0.0504)  loss_bbox_dn_2: 0.0423 (0.0481)  loss_bbox_dn_3: 0.0423 (0.0481)  loss_bbox_dn_4: 0.0422 (0.0480)  loss_bbox_dn_5: 0.0422 (0.0480)  loss_bbox_dn_pre: 0.0736 (0.0757)  loss_bbox_enc_0: 0.1030 (0.1025)  loss_bbox_pre: 0.0601 (0.0636)  loss_ddf_aux_0: 0.0385 (0.0555)  loss_ddf_aux_1: 0.0125 (0.0239)  loss_ddf_aux_2: 0.0022 (0.0048)  loss_ddf_aux_3: 0.0000 (0.0000)  loss_ddf_aux_4: 0.0001 (0.0000)  loss_ddf_dn_0: 0.3923 (0.5629)  loss_ddf_dn_1: 0.0217 (0.1123)  loss_ddf_dn_2: 0.0043 (0.0556)  loss_ddf_dn_3: 0.0004 (0.0017)  loss_ddf_dn_4: 0.0000 (0.0000)  loss_ddf_dn_5: 0.0000 (0.0000)  loss_fgl: 0.9898 (0.9948)  loss_fgl_aux_0: 1.0210 (1.0259)  loss_fgl_aux_1: 0.9896 (0.9980)  loss_fgl_aux_2: 0.9892 (0.9947)  loss_fgl_aux_3: 0.9896 (0.9948)  loss_fgl_aux_4: 0.9896 (0.9948)  loss_fgl_dn_0: 1.0990 (1.0945)  loss_fgl_dn_1: 0.9757 (0.9650)  loss_fgl_dn_2: 0.9714 (0.9570)  loss_fgl_dn_3: 0.9715 (0.9574)  loss_fgl_dn_4: 0.9714 (0.9574)  loss_fgl_dn_5: 0.9714 (0.9574)  loss_giou: 0.2480 (0.2579)  loss_giou_aux_0: 0.2616 (0.2708)  loss_giou_aux_1: 0.2468 (0.2597)  loss_giou_aux_2: 0.2480 (0.2579)  loss_giou_aux_3: 0.2479 (0.2579)  loss_giou_aux_4: 0.2480 (0.2579)  loss_giou_dn_0: 0.2721 (0.2706)  loss_giou_dn_1: 0.2090 (0.2065)  loss_giou_dn_2: 0.2023 (0.2023)  loss_giou_dn_3: 0.2024 (0.2023)  loss_giou_dn_4: 0.2024 (0.2022)  loss_giou_dn_5: 0.2024 (0.2022)  loss_giou_dn_pre: 0.2732 (0.2709)  loss_giou_enc_0: 0.3531 (0.3519)  loss_giou_pre: 0.2618 (0.2702)  loss_vfl: 0.3105 (0.3112)  loss_vfl_aux_0: 0.3569 (0.3526)  loss_vfl_aux_1: 0.3132 (0.3251)  loss_vfl_aux_2: 0.3124 (0.3160)  loss_vfl_aux_3: 0.3125 (0.3124)  loss_vfl_aux_4: 0.3108 (0.3113)  loss_vfl_dn_0: 0.3634 (0.3623)  loss_vfl_dn_1: 0.2830 (0.2816)  loss_vfl_dn_2: 0.2777 (0.2761)  loss_vfl_dn_3: 0.2762 (0.2746)  loss_vfl_dn_4: 0.2766 (0.2743)  loss_vfl_dn_5: 0.2769 (0.2744)  loss_vfl_dn_pre: 0.3631 (0.3637)  loss_vfl_enc_0: 0.4150 (0.4027)  loss_vfl_pre: 0.3557 (0.3526)  time: 0.6419  data: 0.0090  max mem: 17742
Epoch: [11/120]  [2100/2360]  eta: 0:02:48  lr: 0.000009  loss: 22.0029 (22.1337)  loss_bbox: 0.0565 (0.0568)  loss_bbox_aux_0: 0.0623 (0.0639)  loss_bbox_aux_1: 0.0555 (0.0579)  loss_bbox_aux_2: 0.0564 (0.0568)  loss_bbox_aux_3: 0.0565 (0.0568)  loss_bbox_aux_4: 0.0565 (0.0568)  loss_bbox_dn_0: 0.0725 (0.0720)  loss_bbox_dn_1: 0.0489 (0.0504)  loss_bbox_dn_2: 0.0466 (0.0482)  loss_bbox_dn_3: 0.0465 (0.0482)  loss_bbox_dn_4: 0.0462 (0.0481)  loss_bbox_dn_5: 0.0462 (0.0481)  loss_bbox_dn_pre: 0.0785 (0.0758)  loss_bbox_enc_0: 0.0967 (0.1029)  loss_bbox_pre: 0.0632 (0.0639)  loss_ddf_aux_0: 0.0532 (0.0551)  loss_ddf_aux_1: 0.0186 (0.0235)  loss_ddf_aux_2: 0.0041 (0.0047)  loss_ddf_aux_3: 0.0001 (0.0000)  loss_ddf_aux_4: 0.0000 (0.0000)  loss_ddf_dn_0: 0.4103 (0.5541)  loss_ddf_dn_1: 0.0254 (0.1081)  loss_ddf_dn_2: 0.0055 (0.0532)  loss_ddf_dn_3: 0.0005 (0.0016)  loss_ddf_dn_4: 0.0000 (0.0000)  loss_ddf_dn_5: 0.0000 (0.0000)  loss_fgl: 0.9955 (0.9948)  loss_fgl_aux_0: 1.0371 (1.0260)  loss_fgl_aux_1: 0.9922 (0.9979)  loss_fgl_aux_2: 0.9947 (0.9946)  loss_fgl_aux_3: 0.9956 (0.9947)  loss_fgl_aux_4: 0.9955 (0.9947)  loss_fgl_dn_0: 1.0978 (1.0948)  loss_fgl_dn_1: 0.9587 (0.9650)  loss_fgl_dn_2: 0.9546 (0.9570)  loss_fgl_dn_3: 0.9547 (0.9574)  loss_fgl_dn_4: 0.9546 (0.9574)  loss_fgl_dn_5: 0.9546 (0.9574)  loss_giou: 0.2493 (0.2582)  loss_giou_aux_0: 0.2619 (0.2710)  loss_giou_aux_1: 0.2498 (0.2600)  loss_giou_aux_2: 0.2495 (0.2582)  loss_giou_aux_3: 0.2493 (0.2581)  loss_giou_aux_4: 0.2493 (0.2581)  loss_giou_dn_0: 0.2612 (0.2706)  loss_giou_dn_1: 0.2083 (0.2065)  loss_giou_dn_2: 0.2076 (0.2023)  loss_giou_dn_3: 0.2076 (0.2023)  loss_giou_dn_4: 0.2076 (0.2022)  loss_giou_dn_5: 0.2076 (0.2022)  loss_giou_dn_pre: 0.2613 (0.2709)  loss_giou_enc_0: 0.3480 (0.3523)  loss_giou_pre: 0.2588 (0.2705)  loss_vfl: 0.2998 (0.3110)  loss_vfl_aux_0: 0.3520 (0.3528)  loss_vfl_aux_1: 0.3116 (0.3251)  loss_vfl_aux_2: 0.3118 (0.3159)  loss_vfl_aux_3: 0.2987 (0.3122)  loss_vfl_aux_4: 0.2998 (0.3112)  loss_vfl_dn_0: 0.3636 (0.3623)  loss_vfl_dn_1: 0.2798 (0.2815)  loss_vfl_dn_2: 0.2764 (0.2761)  loss_vfl_dn_3: 0.2753 (0.2746)  loss_vfl_dn_4: 0.2756 (0.2744)  loss_vfl_dn_5: 0.2754 (0.2744)  loss_vfl_dn_pre: 0.3641 (0.3637)  loss_vfl_enc_0: 0.4089 (0.4034)  loss_vfl_pre: 0.3512 (0.3527)  time: 0.6058  data: 0.0087  max mem: 17742
